job_id,exp_lvl_id,emp_type_id,cmp_size_id,comp_loc_id,emp_residence_id,industry_id,remote_ratio,edu_level_id,primary_lang_id,manages_people,team_size,certifications_count,weekly_hours,salary_usd,equity_offered_pct,bonus_pct,job_satisfaction_score
1,1,1,1,1,1,1,0,1,1,1,5,0,48,23844,0.505,11.6,5.5
2,4,2,3,5,1,1,0,2,1,0,12,3,36.1,112968,0.036,11,7.7
5,2,2,3,4,4,1,100,2,1,0,9,1,54.6,97827,0.131,12.2,7.9
1,3,2,3,2,2,2,0,2,1,0,11,3,49.8,64165,0.187,12.7,7.3
2,1,2,3,1,6,7,100,2,1,1,8,1,51.3,60087,0.259,20.3,5.3
3,3,2,3,2,2,3,0,3,1,0,4,1,55.1,83059,0.191,7.5,5.9
2,2,2,2,2,2,2,50,2,2,0,6,1,41.6,170132,0.054,2.9,7
4,2,2,3,3,3,3,100,2,3,0,6,2,41.1,29531,0.102,9.3,5.6
4,4,2,3,2,2,4,0,1,1,0,13,2,48.2,70105,0.064,10.6,4.6
6,2,2,3,2,2,5,0,1,1,0,6,1,48.4,120062,0.039,13,5.5
7,2,2,3,2,2,6,0,1,1,0,9,0,47.5,188326,0.053,18.9,4.9
4,3,1,2,6,5,6,0,4,2,0,8,2,44.8,26464,0.044,0,6.2
8,4,3,2,6,5,5,0,1,2,0,6,1,47.6,112063,0.027,6.5,6.9
5,3,2,2,2,2,6,50,1,2,0,11,1,43.3,75169,0.065,4.3,6.1
3,4,4,2,7,7,5,50,2,2,0,5,1,42.5,123386,0.07,10.2,9.1
9,3,2,3,8,6,6,0,2,2,0,11,2,36.3,61792,0,6.3,9
3,3,2,2,2,2,5,0,2,2,0,5,2,38.3,121126,0.005,4.3,7.5
4,4,2,2,2,2,8,50,4,1,0,5,3,49.5,127602,0.046,7.3,6.6
1,3,3,1,9,8,7,0,1,2,0,7,0,43.6,24899,0,7,5.5
1,4,2,1,9,8,2,50,1,1,0,6,1,42.8,29902,0.344,4.2,4.3
3,2,2,2,2,3,5,100,2,1,0,6,3,44.4,267112,0,13.9,7.6
3,4,2,3,6,5,2,50,2,1,0,12,0,32.6,95682,0.005,14.6,7.4
2,3,2,3,1,3,9,50,5,4,0,13,1,34.9,32162,0.133,19.5,6.8
10,3,2,3,1,3,5,100,1,2,1,4,1,42.9,24840,0.19,6.1,5.7
3,3,4,2,2,2,10,100,1,1,0,8,0,37.1,128115,0.056,6,7.6
4,2,2,1,1,3,5,50,2,4,0,7,0,51.6,47620,0.496,15.7,6.9
1,4,2,3,8,6,9,100,1,1,0,10,2,56.8,47829,0.369,8.6,4.3
11,1,2,2,2,2,1,100,1,1,1,14,3,47.8,221527,0.016,14,4.9
3,4,2,3,6,5,4,100,1,1,0,18,1,44.4,95058,0,2.9,6.1
4,2,2,3,2,2,4,0,3,2,0,4,2,41.2,93560,0,13.4,7
1,2,2,3,9,8,10,50,1,1,0,8,3,41.2,49555,0.053,9.2,4.8
6,2,2,3,1,3,1,50,1,1,1,12,3,48.8,30459,0.133,7.3,6.3
5,2,2,2,1,3,6,0,3,4,0,6,4,56.3,39008,0.02,10.9,5.8
11,4,2,1,1,3,1,0,3,2,0,5,2,40.2,24260,0.768,5.9,4.8
4,3,2,3,2,5,8,50,2,1,0,9,4,46.9,113587,0.054,13.3,7.6
8,3,2,3,10,2,2,50,4,5,0,6,1,44.5,63639,0.18,9.5,8.4
11,4,2,3,1,3,5,0,1,1,0,12,0,41.2,38694,0.076,9,8.2
3,1,2,1,1,3,8,100,2,1,1,6,4,38.5,45726,1.225,13.1,7
6,4,1,3,2,2,1,0,1,1,0,5,3,47.2,45653,0.101,10.2,7.3
4,1,2,2,7,7,5,100,1,1,1,8,2,43.3,139305,0.001,25.9,7.6
12,4,2,2,10,9,3,100,4,2,0,6,1,47.6,53183,0.029,7.6,5.8
4,5,2,3,1,2,5,100,2,1,1,7,4,36.5,76753,0.105,16.9,6.7
1,1,2,2,5,1,8,100,5,2,1,7,1,41.4,135285,0.006,21.4,7.6
12,3,2,1,9,8,4,50,2,1,0,8,4,42.2,34110,0.278,3.3,6.9
1,2,2,3,2,2,5,0,5,1,0,10,3,53,172487,0.222,11.8,4.5
3,1,2,3,1,2,1,100,5,1,1,8,4,50.7,69827,0.083,13.7,7.2
11,4,3,3,11,2,7,100,4,1,1,8,2,45.3,91428,0.038,6.6,5.3
1,4,3,3,1,3,8,0,1,1,0,4,0,43.5,20358,0.075,15.4,9.3
12,2,2,3,3,10,5,0,5,1,0,7,0,57,47335,0.108,13.6,5.9
11,2,2,2,6,5,5,100,2,1,0,9,2,42.3,151394,0.047,5.8,8
11,2,2,1,2,2,6,0,2,1,1,12,2,46.9,195720,0.525,9.9,5.6
4,3,2,3,3,10,1,0,1,1,0,5,2,41.5,29965,0.037,2,5.3
3,1,4,2,2,2,2,0,5,1,1,8,2,48.8,276910,0.025,11.6,6.1
3,3,2,1,2,2,1,0,2,1,0,10,1,53.3,104896,0.272,6.6,6.4
3,4,2,2,11,11,5,0,1,6,0,10,2,49.8,83238,0.03,8.7,5.2
2,2,2,3,3,10,7,100,2,1,0,7,3,42.4,38007,0.081,9.3,6.2
11,4,2,3,2,2,5,0,1,3,0,6,1,46.1,169730,0.047,7,6.7
3,1,2,2,5,1,10,0,5,1,1,5,1,44.8,179645,0.023,21.1,5.4
10,4,2,3,2,2,6,0,1,4,0,11,2,41.8,120239,0.015,8.7,7.3
5,4,4,3,6,5,6,100,2,6,0,10,1,59.8,60384,0.057,13.5,5.8
3,2,2,2,2,2,1,100,1,1,0,9,2,45.5,245491,0.003,16,6.5
4,2,2,3,6,5,2,0,1,1,0,9,3,45.9,84140,0.064,9.3,6.7
3,4,2,2,9,5,5,100,2,1,0,10,2,52.4,99236,0.016,14.7,5.4
10,3,2,1,1,3,6,100,1,1,0,7,1,42.9,20350,0.091,7.1,8.3
6,4,2,3,2,2,1,0,1,1,0,5,1,52.6,97474,0.174,2.7,6.7
7,4,2,3,7,7,2,50,1,1,0,13,2,43.5,81977,0,8.6,7.5
10,1,2,3,2,2,1,100,1,3,1,9,2,44.1,197149,0,23.9,6.1
4,1,2,3,2,2,5,100,2,1,1,5,3,51.8,179885,0.169,24.2,7.6
12,2,2,3,1,3,2,50,1,1,0,5,1,51.2,49581,0.153,11.9,7.7
4,5,2,1,2,2,7,100,1,1,1,7,1,49.6,145188,0.204,17.3,3.7
11,4,1,3,5,1,3,50,1,1,1,6,1,32.7,48644,0.108,6,7.1
3,2,2,3,6,10,7,100,2,1,1,8,3,40.3,128061,0.012,13.9,4.3
5,4,2,2,2,10,3,100,1,1,0,11,1,42.8,103751,0,2.1,8.4
7,3,3,2,9,1,5,100,5,2,0,7,2,48.4,47457,0.014,8.4,4.6
6,3,2,3,7,7,7,50,1,1,0,2,3,44,36703,0.114,6.5,5
11,3,3,2,2,2,9,0,5,1,0,12,0,42.3,84722,0.051,3.9,5.9
1,3,2,3,9,8,6,50,2,2,0,8,4,50,20211,0.095,4.6,4.7
8,5,2,3,2,2,1,0,3,1,1,11,2,57.1,204902,0.036,14.9,6.5
10,3,2,3,2,2,5,0,1,1,0,6,1,46.6,94426,0.206,6.1,6.1
4,1,2,3,2,2,2,0,2,2,1,5,0,46.1,213117,0.239,11.2,6.2
4,1,2,2,8,1,7,100,5,3,1,11,1,41.6,191241,0.036,11.6,7.9
2,4,1,1,2,2,5,0,4,1,0,8,1,53.2,47234,0.137,7.4,4.9
3,4,2,3,8,6,2,50,5,4,0,12,4,36.1,90333,0.071,10.4,5.6
10,2,2,3,11,11,9,50,4,1,0,8,2,47.9,67204,0,13.4,6.6
10,4,2,3,4,4,1,0,2,1,0,6,1,46.7,88207,0.052,7.4,4.3
11,4,2,2,11,11,8,0,1,2,0,7,0,45.7,85637,0,8.8,7.4
3,3,2,3,10,9,5,0,4,1,0,6,2,54.9,63446,0.071,12.9,6.9
11,3,2,2,2,10,7,50,1,1,0,6,3,34.9,92547,0.013,8.6,6.1
11,2,2,1,2,2,10,100,5,1,0,8,4,49.5,169313,0,9.9,7.8
6,4,2,2,8,6,1,0,2,1,0,2,1,39.7,74355,0,9.8,6
8,1,2,1,2,2,5,100,5,1,1,12,1,48.9,207529,0.451,15.1,7
1,2,2,3,3,10,8,100,1,3,1,10,6,48.1,29779,0.038,15.3,6.2
8,4,2,2,7,5,8,100,1,1,0,13,1,38.2,89600,0.055,4.3,6
5,2,2,1,10,9,6,50,2,1,0,5,1,39,87299,0.316,15.9,4.9
2,2,2,2,8,6,5,0,1,1,0,9,1,46.5,124075,0,10.6,5.1
2,2,2,2,11,11,1,50,2,1,0,13,2,44.9,132418,0.043,8.5,6.6
11,1,2,1,2,2,6,50,1,1,1,9,1,38.9,214002,0.169,9.5,7.7
8,4,2,3,2,2,5,100,2,2,0,9,3,49.1,223581,0.06,10,7.9
1,2,2,3,1,3,1,100,1,2,1,5,2,43.7,28979,0,11.5,5.3
11,4,2,3,2,2,1,50,5,1,0,13,0,40.3,203974,0.13,0.9,9.6
9,3,2,1,2,2,1,0,1,3,0,15,1,44.7,93722,0.638,6.8,7.8
10,2,2,3,6,5,5,50,2,4,0,10,1,48.3,109063,0.18,6,5.2
11,3,2,3,5,1,10,50,5,1,0,8,1,51.1,79514,0.053,12.9,7.6
4,3,2,1,2,2,9,50,2,2,0,6,2,44.9,61316,0.492,10.1,6
5,2,2,2,8,6,5,50,5,1,0,6,2,50.6,149355,0.052,8.7,6.1
10,1,2,2,7,7,8,0,2,1,1,7,2,45.4,138798,0.052,20.6,7
11,2,3,3,7,7,5,50,5,3,0,8,1,39.4,135891,0,14.1,6.5
6,1,2,1,2,7,3,50,5,1,1,8,3,46.2,138564,0,14.3,6.9
11,4,2,3,8,6,1,0,1,1,1,7,3,44,108545,0.134,1.5,7.2
4,4,2,3,3,10,2,100,1,4,0,6,1,48.1,35134,0.302,14.8,5.9
2,4,4,2,2,2,1,50,2,1,0,9,2,28.6,135653,0.015,11.8,8.2
4,3,2,3,2,2,5,0,2,5,0,9,1,48.2,119243,0.036,11.5,6
2,3,2,3,6,5,5,50,5,1,0,14,0,32.1,92945,0.077,2,7.2
10,4,2,2,5,1,1,100,3,2,0,6,3,37.5,106852,0.05,8.1,7.5
1,1,2,1,3,10,3,100,2,1,1,5,3,45.1,30671,0.112,20.7,4.7
10,3,2,2,3,2,5,100,3,1,0,13,2,45.7,29270,0,2.5,7.6
10,4,2,2,2,2,1,0,2,1,0,10,1,45.9,179175,0,18.8,7.4
11,5,2,3,2,2,1,100,2,1,1,9,2,44.2,271576,0.028,17.5,6.6
1,1,2,3,9,8,5,50,5,1,1,8,0,53.4,71853,0.15,13.8,7.4
3,3,2,1,8,6,7,0,2,1,0,10,1,49.1,69077,0.922,8.6,5.8
2,2,3,1,2,2,5,0,2,1,0,10,4,40,169616,0.661,10.9,7.5
6,1,2,3,2,2,2,50,2,1,1,10,2,46.9,114968,0.07,10.8,8.1
4,3,2,3,3,10,7,0,2,1,0,10,1,42.5,26394,0.148,9.2,5.6
4,4,2,3,1,3,5,50,3,1,0,7,1,41.3,44028,0.084,19.2,5
4,2,2,3,2,3,5,100,1,1,0,8,0,42.3,129356,0,8.1,4.7
10,2,2,2,1,3,7,50,2,2,0,8,3,43.5,41160,0,7.3,5.2
2,1,2,3,5,3,2,0,4,1,1,4,1,52.1,142928,0.051,13.5,8.6
9,4,2,3,1,3,4,0,5,1,0,4,3,49.5,33669,0.206,3,4.1
3,3,2,3,11,11,6,0,5,1,0,6,2,39.4,75346,0,9.9,5.3
11,5,2,1,2,2,9,0,1,1,1,10,5,46.4,200635,0.886,17.7,6.5
7,4,2,3,6,5,5,100,4,1,0,6,1,41.2,104928,0.096,5,7.1
12,2,2,1,6,5,5,100,2,3,0,9,3,50.4,103017,0.143,17.5,6.4
5,1,1,1,12,12,5,50,5,1,1,11,3,40.7,48800,0.838,15,7.4
6,2,2,3,2,6,9,0,1,1,0,9,3,44.8,77799,0.165,19.5,8.1
1,4,2,1,2,6,6,50,1,1,0,7,1,45.5,76052,0.392,9.6,7.4
2,4,2,2,6,5,1,50,3,1,0,6,1,49.1,102866,0,11,8.1
12,3,2,2,8,6,5,0,2,4,0,6,2,40.7,67582,0.021,6.7,7.9
9,3,1,3,4,4,8,0,2,1,0,7,3,40.7,35214,0,5.8,6
4,2,2,3,4,4,2,0,4,2,0,8,4,51.3,86670,0.055,11.6,5.4
12,3,2,3,8,6,6,100,2,1,0,6,2,38.5,86499,0.061,12.2,7.4
11,4,2,2,1,3,1,0,2,1,0,11,2,48.8,32018,0.041,9.1,6.1
4,4,2,1,2,2,10,0,2,1,0,9,1,50,115620,0.075,11.2,5.6
10,1,2,3,1,3,3,100,1,1,1,12,3,46.2,48918,0.043,24,7.7
4,2,1,3,1,3,1,0,1,6,0,12,1,42.3,37999,0.079,15.3,6.8
7,2,2,2,2,2,2,0,2,1,1,10,2,35.9,200533,0.01,15.1,6.4
1,2,2,3,2,2,5,100,4,2,0,8,1,42.3,123417,0.067,13.1,9
10,4,2,3,6,3,1,50,5,4,0,8,1,46.3,90938,0.039,5.8,7.3
4,2,2,1,2,2,1,100,3,1,0,8,2,42.8,159096,0.641,17,5.9
10,3,2,3,2,2,7,50,2,1,0,6,2,40.2,72876,0.057,3.6,5.6
1,3,2,3,2,2,3,50,4,2,0,9,0,47.5,38828,0.123,4.6,4.5
8,5,2,3,3,10,2,0,2,1,1,8,1,49.7,58467,0.084,15.1,7.6
4,4,2,3,7,7,5,50,3,6,0,15,3,50.9,59938,0.152,9.7,5.8
11,4,2,3,4,4,4,50,1,2,0,7,3,46.9,70773,0.041,4.3,6.9
1,3,2,3,1,3,1,100,2,1,0,9,3,33.7,23692,0.129,1.8,6.8
2,4,2,3,2,2,2,50,2,1,0,12,0,49.5,108544,0.026,8.3,5.6
10,1,2,3,2,2,10,0,2,2,1,8,2,49.8,252553,0.141,18.2,5.2
5,1,2,2,6,5,9,0,3,1,1,5,3,45.4,116029,0.017,10.5,5.2
3,2,2,3,6,5,5,0,1,1,0,11,1,39,113012,0.173,19.4,7.1
1,4,2,2,2,2,1,100,1,1,0,11,5,53,113414,0,4.9,8.6
5,1,2,3,2,2,1,0,2,1,1,5,1,39.3,175747,0.073,16.4,6.7
11,2,2,3,2,2,2,50,4,1,0,7,3,35.1,193930,0.027,10.5,5.7
3,3,2,3,8,6,5,0,3,1,0,9,0,35.2,70399,0.002,3,7.9
1,2,2,2,2,2,2,100,5,1,0,10,1,43.6,139871,0.079,2.6,7.5
5,4,2,1,2,2,5,100,5,1,0,6,2,33.9,116668,0.463,15.1,9.6
4,3,2,2,7,7,2,0,2,2,0,11,1,34.5,54863,0.044,4.3,6.2
10,4,2,1,1,3,1,100,5,3,0,7,1,48.2,32012,0.416,13,5.1
7,2,2,3,2,2,2,0,2,1,0,6,0,48.7,174420,0,10.1,5.8
10,2,2,3,9,8,2,50,1,1,0,9,2,38,56120,0.213,10,7.2
10,5,4,1,4,5,5,100,2,2,1,6,2,53.8,117747,0,18.1,5.6
3,4,2,3,9,8,2,100,5,1,0,6,4,48.8,54647,0.182,11.9,5.9
1,4,2,1,2,2,2,100,1,1,0,8,3,31.6,89087,0.451,9.2,7.8
4,1,2,3,5,2,8,100,2,6,1,4,2,45.6,162009,0.182,17.2,5.3
11,4,2,3,12,12,5,50,4,2,0,5,1,45.2,53807,0,11.7,7
7,2,2,2,8,6,7,50,2,1,0,7,4,40.3,123185,0.026,17.4,7.3
8,3,2,3,2,2,2,100,1,1,0,12,1,42.5,77198,0.113,10,6.9
10,2,4,1,2,2,7,50,1,2,0,9,2,47.1,89867,0.424,12.2,6.8
6,2,2,3,1,3,3,0,2,1,0,7,4,36.6,32998,0.286,16.5,7
1,2,2,3,10,9,1,50,3,1,0,12,0,42.8,90352,0.248,11.5,7
9,4,2,2,2,2,6,50,5,1,0,3,1,34.7,171331,0.028,7.2,6.9
4,2,2,3,2,2,3,100,5,1,0,8,6,44.4,128137,0,11.4,9.3
12,2,2,2,6,5,6,50,1,2,0,11,2,48.3,93654,0.078,10.1,5.1
12,2,2,3,10,9,6,100,1,1,0,9,2,52.3,131889,0.228,6.7,5.9
6,1,2,1,7,7,1,100,5,1,1,8,2,50.2,98759,0,10.2,7.5
7,4,2,1,12,11,10,100,3,2,0,6,1,37.7,46758,0.213,7.6,7.3
1,2,2,1,2,2,1,100,5,1,0,8,1,49.3,142322,0.234,13.9,7
11,2,2,2,2,2,5,50,1,1,0,5,1,42.4,200099,0,14.6,7
12,2,2,3,2,2,6,50,2,2,0,7,2,47.9,152774,0.142,18.3,6
10,4,3,3,2,2,1,0,2,1,1,8,2,47,136984,0.081,7.3,6.2
2,2,2,2,12,11,9,100,2,2,0,13,3,44.6,109824,0,11.1,6
4,4,2,1,2,2,2,50,2,1,0,12,2,37.6,120754,1.175,9.1,8.6
1,2,2,1,6,5,1,0,1,1,0,7,1,46.9,71655,0.434,5.7,8.1
11,4,3,3,11,11,5,50,1,2,0,9,3,39.3,73110,0,11.2,7.5
3,1,2,1,4,4,2,0,1,4,1,5,1,58.3,99284,0,19,5.9
11,4,2,1,2,2,7,50,2,3,0,6,1,38.6,191504,0.58,6.3,8.7
2,1,2,3,10,9,8,0,1,2,1,8,1,48.7,124020,0.055,13,4.3
3,2,2,3,2,2,7,100,3,2,0,6,1,40.4,143578,0.206,11.2,8.5
6,2,2,3,8,6,5,0,1,1,0,14,2,35.6,85876,0.169,12.4,8
1,2,2,2,10,9,5,100,1,1,1,8,2,48.1,118003,0,4.4,7.5
4,2,2,3,11,11,5,50,2,1,0,6,1,48.9,168344,0.213,11.8,7.8
4,2,3,3,5,1,8,100,1,2,0,4,3,47.2,82319,0.126,8.7,6.4
5,2,2,3,2,2,3,0,2,1,0,10,2,46.2,129374,0.245,3.5,7.7
2,3,2,2,8,6,6,0,1,2,0,3,4,42.3,80351,0.077,5.2,6.8
1,4,2,2,10,9,2,0,1,2,0,10,2,41.4,68986,0.072,8.1,7
5,4,2,3,11,11,5,100,3,6,0,10,3,41.6,86313,0.163,8,5.6
5,5,2,2,2,2,5,0,1,1,1,10,2,55.8,199983,0,19.5,5.3
5,4,2,3,2,2,5,0,5,1,0,8,1,41.4,105797,0.045,13.9,5.7
10,2,3,3,11,11,2,0,1,1,0,8,3,40.5,89996,0,14.8,6.6
1,4,2,3,2,2,9,100,1,4,0,11,4,41.2,83151,0.078,10.3,7.7
6,5,2,1,6,5,5,50,3,3,1,5,2,52.5,129131,0,16.6,7.8
6,5,2,1,2,2,6,0,1,6,1,6,4,53.4,112737,0.336,17.2,6.4
1,2,2,3,2,2,5,0,1,1,0,7,2,38.9,115493,0.053,18.6,7.5
11,5,2,3,6,6,5,100,1,1,1,9,5,53.6,248279,0,20.9,7.9
1,4,2,3,6,5,8,50,2,1,0,11,2,40.2,50453,0.122,6.8,6.3
3,3,2,3,11,11,5,100,2,1,0,12,1,42.8,71959,0.048,4,6.9
10,1,2,3,8,6,5,50,1,1,1,7,4,44.8,159581,0.302,17.8,6
4,4,2,3,8,6,5,100,2,7,0,6,2,43,84920,0.07,6.8,6.2
1,2,2,3,6,5,2,50,1,2,0,4,5,46.8,59551,0.13,11.9,4.4
8,1,2,2,2,2,3,100,1,1,1,9,1,43,162219,0.06,19.1,6.7
11,4,2,2,6,5,3,0,1,1,0,14,4,42.8,84695,0,7.9,7.1
1,2,2,3,6,8,7,0,2,1,0,12,1,40.9,104276,0.015,8.5,5.2
3,2,2,3,1,3,6,100,1,1,0,5,2,49.6,34051,0.111,16.9,3.6
3,2,2,3,2,2,10,50,1,1,0,5,1,38.2,191242,0.352,13,5.6
2,2,2,1,2,2,1,0,5,1,0,7,3,33.8,171769,0.4,11.4,7.5
11,4,2,2,1,3,1,0,2,1,0,9,0,44.3,63664,0.014,4.8,5.8
3,4,2,1,10,9,5,100,5,1,0,11,0,47.3,79924,0.186,8.3,4.8
4,2,2,1,1,3,6,100,3,1,0,8,5,50.2,25651,0,17.1,3.6
11,1,2,3,11,11,5,0,3,1,1,8,1,48.7,173691,0,11.3,7
7,1,2,1,2,2,5,0,5,1,1,6,1,40.8,287379,0.396,13.4,7
11,4,2,3,12,12,5,50,1,1,0,5,3,31.8,61391,0.165,3.1,7.1
6,4,2,2,2,2,1,0,1,3,0,6,2,55.1,106229,0,4.3,5.4
10,4,2,2,7,7,7,0,2,2,0,8,1,44.6,67596,0,10.5,9.5
1,2,2,2,2,2,5,100,1,2,0,9,3,48.5,124378,0.016,12.9,6.4
6,2,2,3,11,11,2,100,2,1,0,10,2,48.9,107648,0.131,16.1,6.6
11,3,1,2,2,2,5,100,3,1,0,8,1,55.5,87894,0.02,5.1,7.2
3,1,3,2,2,5,1,100,2,1,1,7,2,41.8,294039,0.029,15.8,7.9
4,4,1,3,8,6,9,0,2,1,0,11,0,47.1,39092,0.064,14.7,5.4
4,4,2,2,8,6,10,0,1,1,0,5,4,37.9,98356,0.019,10,6.2
2,2,2,1,2,2,2,50,2,2,0,7,3,42.6,165260,0.098,14.9,7.2
4,4,2,2,2,2,5,50,3,1,0,8,1,45.7,111592,0.058,11.1,7.2
3,2,2,3,2,5,4,100,1,2,0,7,1,45.5,136452,0.009,10,6.2
5,2,2,2,1,3,5,0,1,1,0,6,2,47.1,38724,0.006,16.6,4.7
8,1,2,3,1,3,6,50,1,1,1,4,2,44.9,59829,0.151,20.6,8.3
7,2,2,3,1,3,5,50,2,1,0,6,3,28,76444,0.108,9,7.2
3,5,2,3,11,11,3,0,2,1,1,10,1,39.7,155656,0.137,14.4,6.5
10,4,2,3,5,5,7,50,2,1,0,9,3,38.8,80527,0.165,14.9,5.9
10,2,2,2,11,2,5,100,1,1,0,10,1,33.6,191317,0.036,13,7.3
3,4,2,2,6,5,6,50,2,1,0,10,0,40.3,86436,0.064,5.6,7.6
10,2,2,1,2,2,3,0,2,1,0,12,2,44.7,102780,0.291,15.1,7.3
10,2,2,3,2,2,8,100,2,2,0,3,2,45.3,158371,0,10.4,8.5
1,4,2,3,6,3,1,100,2,2,0,10,0,36.2,88757,0.181,12.2,8.4
7,2,1,3,2,2,5,0,5,1,0,4,3,42.3,100883,0.168,16.2,7.3
1,4,2,3,8,2,1,100,2,1,0,5,1,56.3,85389,0.119,15.4,6.5
10,1,4,1,1,3,1,50,2,2,1,4,5,45.2,37925,0.767,14.3,6.6
8,4,2,2,8,6,1,50,2,1,0,8,4,37.5,89847,0.039,6.6,5.4
11,4,2,2,1,3,5,100,2,1,0,6,2,50.3,35557,0.016,6.6,7.1
12,4,2,2,12,12,6,0,2,2,0,9,1,50.4,81870,0.016,8.7,4.5
4,4,2,1,9,8,1,0,3,1,1,8,1,40.8,57626,0.353,10.5,7.5
8,4,2,1,1,3,6,0,3,2,0,5,0,39.2,27155,0.351,7.8,7.2
7,2,1,2,7,7,2,100,2,1,0,8,3,40.3,88666,0.058,20.3,4.8
11,4,2,3,2,2,10,0,2,1,0,13,0,49.2,134137,0.097,5,4.6
7,4,2,2,5,1,2,0,1,1,0,6,2,35.8,94038,0,15.4,5
3,3,2,3,8,6,5,0,5,1,0,10,2,50.6,63044,0.098,5.3,4.9
3,2,2,3,2,2,5,100,4,1,0,6,2,45.8,168110,0.031,4.8,9.6
5,5,2,1,8,6,1,50,4,1,1,14,5,54.5,159344,0.653,14.4,5.2
2,2,2,3,8,6,6,50,2,1,0,7,2,46.5,110921,0.073,15.3,6.3
1,1,3,3,1,3,5,0,1,2,1,7,3,49.2,35082,0,10.4,6.9
3,4,2,1,8,6,1,0,1,1,0,11,4,43.4,123908,0.056,11.6,6.9
10,1,2,3,9,8,9,100,1,1,1,8,2,44,77963,0.046,19.2,7.6
6,3,2,1,2,2,5,0,1,1,0,11,1,43.1,47418,0,9.7,8.7
11,5,2,2,8,6,1,100,2,1,1,6,4,50.2,248762,0,23,7.6
10,1,2,1,2,2,2,0,2,2,1,11,3,57.5,218179,0.354,12.1,6
8,5,2,2,2,2,7,100,4,1,1,10,2,45.2,251611,0.033,16.9,8.1
7,4,3,3,11,11,7,100,1,2,0,11,1,34.5,117448,0.136,6.5,9.9
12,3,2,3,2,8,3,100,2,6,0,11,0,38.7,77655,0.222,8.9,6.7
3,2,3,2,2,2,9,50,1,1,0,7,3,41.9,141413,0.066,6.1,6
11,3,2,1,2,2,1,100,1,7,0,9,1,46.5,81352,0.359,8.1,7.4
10,2,3,3,2,2,8,100,1,4,0,8,2,49,145225,0.104,12.5,6.3
10,4,1,2,2,2,5,100,1,1,0,9,1,37.7,57960,0.007,7.5,8.6
4,3,1,1,1,3,7,0,4,1,0,4,1,44.7,12000,0.122,9.7,4.4
3,4,2,3,2,2,4,0,2,1,0,5,0,39.7,116273,0,6.7,5.4
5,3,2,2,7,7,6,50,5,1,0,3,5,45.8,59382,0.069,3.4,7.1
1,4,2,2,2,2,2,100,2,1,0,8,1,35.6,98756,0.031,12.7,8.8
10,4,1,3,1,2,7,100,1,2,0,11,3,36.3,19188,0.146,11.2,4.4
12,4,2,3,2,2,7,50,3,1,0,8,3,41.4,97795,0.082,9.6,6.1
6,3,2,2,2,2,7,100,1,4,1,5,3,45.2,63754,0,6.8,5.9
6,2,2,1,1,3,9,0,1,1,0,4,1,39.1,19740,0.352,6.8,5.1
5,2,2,3,1,7,6,100,2,2,0,8,3,38.6,34741,0.043,11.2,6.2
7,2,2,3,6,5,7,50,1,4,0,9,1,49.4,140561,0.213,5.8,8.8
3,2,2,2,2,2,5,0,1,1,0,14,5,46.6,244396,0.035,14.5,7.3
5,2,2,1,6,5,5,100,3,1,0,7,2,46.1,77053,0.009,8.3,7.3
3,5,2,1,6,5,7,0,2,2,1,4,4,41.4,173856,0,24.8,8.1
4,1,2,3,2,2,7,0,1,1,1,5,1,44.7,179934,0.067,4.1,9.2
8,2,3,3,2,2,1,0,3,1,0,9,3,47.1,171885,0.024,10.6,4.8
3,1,2,1,7,7,9,100,1,2,1,10,2,49.4,110550,0.319,14,7.5
5,2,2,3,11,11,6,50,2,1,0,10,1,52.7,90678,0.111,15.7,6
3,4,3,3,7,7,6,100,2,2,0,7,1,46.5,81743,0.165,11.1,7
10,2,2,2,2,2,5,0,5,1,0,4,0,35.2,186121,0.009,6.6,8
10,2,2,1,2,2,1,0,3,1,0,11,3,55.4,105687,0.439,12.1,3.7
3,5,2,3,1,2,7,50,2,1,1,10,3,50.2,50857,0.024,12,6.4
12,4,2,3,11,11,1,0,1,1,0,12,5,31.3,87121,0.107,13.6,8.6
5,4,1,3,2,2,8,0,1,1,0,8,2,34.7,43479,0.095,10.1,7.2
4,3,2,1,11,11,7,50,1,2,0,9,1,38.2,58237,0.206,0,9.1
10,2,2,2,11,11,6,0,5,1,0,8,3,46.2,117831,0.016,16.6,6.7
11,4,2,2,8,6,1,0,2,1,0,11,2,39.6,147894,0.043,10.9,7.1
1,2,2,3,5,1,9,50,4,1,1,8,4,41.7,72327,0.004,7.9,3.6
4,1,1,3,10,2,6,100,1,1,1,10,3,44,53135,0.235,16.1,5.6
11,1,2,1,2,2,8,0,3,1,1,6,1,37.9,136569,0.308,10.4,7.8
4,3,2,3,3,10,1,0,1,1,0,8,0,47.7,20945,0.234,1.6,6.4
3,2,2,3,6,5,5,0,1,1,0,6,1,50.7,153611,0.061,13.2,4.8
10,2,2,2,5,1,9,50,2,1,0,9,0,40.7,147998,0.055,8.3,6.7
1,4,2,1,6,5,9,50,1,1,0,12,1,46.4,42663,0.573,11.6,6.4
9,4,2,2,7,7,5,100,4,1,0,13,1,44.3,78368,0.031,8.9,6.7
3,2,1,3,2,2,1,100,3,6,0,7,2,49.3,105327,0.012,15.8,5.9
6,4,2,1,2,2,5,100,1,1,0,7,1,42.1,87456,0.639,3.6,8.7
6,4,3,2,2,2,1,50,1,5,0,7,2,50.7,123800,0,11.3,8.6
1,1,2,2,1,3,1,50,2,1,1,2,0,50,51523,0.006,18.9,4.5
4,3,2,3,10,9,1,100,1,4,0,6,0,41.7,77915,0,3.1,6.9
3,5,2,1,11,11,6,100,1,2,1,7,3,38.1,132409,0.649,13.7,8.2
10,2,2,2,11,11,1,0,1,5,0,8,0,41.7,118772,0,12.1,5.6
10,5,2,3,2,2,5,0,2,1,1,5,3,53.1,190984,0.16,18.6,7.4
9,2,2,3,2,2,2,0,2,2,0,6,3,44.4,145544,0.122,15.4,6.7
9,2,2,3,2,2,5,0,2,1,0,7,1,38.4,199191,0.118,14.2,7.7
4,1,2,3,8,1,8,100,3,1,1,10,1,51.1,117763,0,12.5,7.9
12,4,2,3,2,2,1,50,2,3,0,8,0,43.8,124471,0.202,8,5.6
3,1,2,1,1,3,1,0,2,5,1,11,2,38.4,69156,0.775,21.3,7.1
5,3,2,1,2,2,5,0,3,2,0,7,1,37.6,67880,0.355,9.7,7.5
4,2,2,2,2,2,7,100,2,2,0,9,2,38.7,166045,0.031,9.1,6.9
3,4,2,2,2,2,1,100,1,1,0,7,2,42.8,146933,0.015,7.6,7
6,1,2,3,2,2,1,0,1,1,1,7,2,50.8,142637,0.021,18.8,5.6
9,4,3,3,1,3,5,0,1,1,1,5,0,46.8,37125,0.065,5.7,5.9
4,2,3,2,7,7,5,50,1,1,1,5,1,49.2,95126,0,17.8,6.7
6,4,2,2,1,3,6,0,2,1,0,5,3,40.7,23746,0.022,11.4,8
4,4,2,3,8,6,1,50,3,1,0,8,2,46.7,91376,0.147,11,7.1
12,2,2,3,2,2,9,50,1,3,0,8,2,34.1,176104,0.016,18.4,7
12,4,2,1,9,8,5,50,1,5,0,4,2,48,38261,0.095,10.8,5.2
4,4,3,3,2,10,6,0,1,3,0,7,3,39.8,83125,0.211,9.8,5.9
9,2,2,3,2,2,6,50,3,1,0,9,1,40.4,127952,0.112,11.7,7.2
3,2,2,1,6,5,3,50,1,1,0,11,2,54.5,88841,0.141,12.1,4.9
7,2,2,1,11,6,5,100,2,3,0,7,2,51.3,133182,0.449,15.1,5.1
8,3,2,1,2,2,5,50,2,7,0,4,1,48.7,77924,0.162,11.4,5.9
6,1,2,3,2,2,5,100,1,1,1,8,1,47.5,124586,0,11.8,6.8
6,4,1,3,11,11,3,50,5,1,0,7,2,37.3,32755,0.045,7.2,8.2
10,3,3,3,1,3,5,50,1,1,0,3,0,45.3,18359,0.093,11.5,7
2,2,2,2,6,5,5,100,5,1,0,9,2,47.9,166612,0.02,17.5,6.6
5,2,2,1,8,6,5,50,2,6,0,12,3,43.9,110902,1.264,17.5,9.4
3,3,2,2,1,3,2,100,2,1,0,6,2,37,35265,0,10.6,7.6
3,2,2,1,8,6,5,50,1,2,0,8,0,42.7,189088,0.384,9.6,7.9
1,4,2,1,8,6,8,0,3,1,0,7,1,37.9,51347,0.231,9.1,3.7
1,4,2,2,6,5,4,50,1,1,0,5,1,38.5,44932,0,10.6,6.1
5,2,4,1,2,2,6,50,2,1,0,6,2,49.9,117271,0.415,14.2,5.9
10,4,2,1,3,10,2,50,2,1,0,4,3,41.1,48600,0.498,9.2,5.3
12,2,2,1,11,3,1,100,2,1,0,13,2,47.8,161238,0.403,15.2,8.1
10,5,2,3,4,4,3,0,4,2,1,6,3,38.1,103999,0,17.3,6.4
3,3,2,3,10,1,7,100,5,2,1,8,0,40,81276,0,4.1,10
10,4,2,1,6,5,5,50,1,1,1,10,0,36.1,68191,0.161,6.5,6.9
2,2,2,1,8,6,2,50,2,1,0,12,0,42.6,81014,0.442,13.8,9.6
4,2,2,3,4,4,6,50,1,1,0,12,3,45.4,105349,0.042,12.1,7.8
3,3,3,3,3,9,6,0,2,4,0,8,1,44.6,21679,0.145,2.7,5.2
4,4,3,3,8,2,5,0,5,2,1,4,1,47.2,102139,0.13,12.9,5.7
3,2,2,3,2,3,2,100,5,1,0,8,2,52.6,214667,0,11.5,6.9
2,1,4,3,8,6,5,0,5,1,1,5,3,41.2,142925,0.193,12.2,7.5
1,2,4,3,2,2,5,0,1,5,0,11,2,39.7,97739,0.182,9.4,4.1
5,5,2,2,5,1,1,50,1,1,1,7,3,50,273649,0.02,18.1,5.3
5,4,2,1,2,2,5,100,1,1,0,5,3,40.1,118810,0.057,12.3,10
8,2,2,3,9,8,7,0,1,1,0,10,1,52.2,82781,0.148,11.4,9.6
4,1,2,1,10,6,6,100,1,3,1,5,2,50.8,114671,0.44,8.7,6.7
6,4,2,3,3,10,5,0,1,2,0,7,1,36.1,26035,0.189,0.8,6
10,1,2,1,6,5,2,50,3,1,1,12,2,42.8,89220,0.02,23.2,7
7,4,2,3,11,11,1,50,4,1,0,7,1,38.9,95937,0,7.9,8.3
1,4,2,3,8,11,5,100,3,1,0,8,3,43.1,62933,0.057,7.6,8.3
4,4,2,3,1,3,2,100,5,1,0,9,3,44.4,36253,0.071,7.7,6.8
10,3,2,2,10,9,5,100,1,1,0,8,2,33.2,56448,0.046,3.1,10
9,2,2,1,6,5,10,100,2,3,0,11,4,39.2,102834,0,8.3,7.7
3,2,3,2,7,7,2,0,1,7,0,5,2,43.1,134861,0.022,11.7,6.9
7,1,2,1,5,1,7,0,4,1,1,7,1,52.5,138222,0.119,16.5,5.9
10,1,3,3,1,3,6,50,1,1,1,14,0,37.5,49010,0.04,11.3,6.8
6,3,2,3,2,7,5,100,1,1,0,12,2,44.1,79061,0.105,2.6,8.1
4,1,1,1,2,2,4,50,1,1,1,8,3,45.7,77554,0,13.8,6.3
1,2,1,2,8,6,5,0,1,2,0,8,3,47.9,56226,0.045,7.9,5.5
2,1,2,1,2,2,2,100,4,1,1,5,0,42.7,156592,0.541,18.2,7.6
10,3,1,3,2,2,5,50,1,2,0,13,1,45.8,53180,0.048,4,7.2
3,4,2,3,9,8,2,0,3,2,0,11,2,44.6,57588,0.126,5.1,6.1
3,4,2,2,5,5,5,100,1,1,0,5,0,38.2,114203,0.006,10.4,6.8
10,3,2,3,3,10,5,50,2,1,0,3,2,37.8,26543,0.113,3.8,7.1
3,2,2,3,7,7,5,0,1,1,0,6,1,42,75310,0.028,6.2,6.3
4,2,2,3,1,3,5,50,5,2,0,13,3,52.4,43750,0.032,20.5,6.8
1,1,2,1,4,4,10,100,4,1,1,9,2,48.9,78013,0.822,8.3,6.9
8,5,2,3,5,1,6,100,3,1,1,12,6,45.7,128248,0.153,24.9,5
11,4,2,1,2,2,9,100,3,1,0,11,0,45.2,90272,0.212,5.5,8.7
1,3,2,3,2,2,1,0,4,5,0,6,0,37.4,51318,0.133,2.6,6
5,4,2,1,2,2,5,50,1,3,0,5,3,43,87072,0,4.2,7.5
4,5,2,2,1,1,7,100,2,1,1,4,4,50.7,64198,0,22.3,7.4
11,1,2,1,2,2,3,0,1,1,1,10,4,45.5,105224,0.712,18.6,6.2
4,4,2,1,2,2,4,100,2,2,0,8,4,63.5,94276,0.414,5.9,7.6
2,4,2,2,3,10,7,0,1,1,0,7,2,53.9,33912,0.027,13.5,3.1
12,4,2,1,8,6,1,50,1,1,0,13,0,43.8,65966,0.335,9,6.7
4,1,2,3,9,8,6,0,5,1,1,8,3,56.8,123887,0.009,18.1,5.3
9,2,2,2,2,2,5,0,4,1,1,5,0,45,205828,0.02,16.1,5.9
11,4,1,3,10,9,3,100,1,2,0,1,2,48.4,43652,0.104,16.1,4.1
11,4,2,3,1,3,10,50,1,4,0,4,1,52.4,38326,0,8.2,6.5
1,4,2,1,6,5,3,50,2,4,0,8,2,29,54008,0.099,12.2,9
1,5,2,1,5,10,5,100,4,1,1,10,2,55.5,111671,0,22.4,5.4
4,3,2,3,3,10,9,100,2,1,0,5,2,41.1,25703,0.047,2.5,7
10,4,2,2,11,2,10,0,5,3,0,10,1,41,89544,0.021,6.2,6.4
10,1,2,2,2,2,1,0,2,1,1,10,3,51.3,262015,0.032,9.3,5
2,2,2,3,3,10,5,50,2,2,0,6,3,42.7,48276,0.146,13.9,5
4,3,2,3,5,1,2,50,1,1,0,9,2,38.5,84125,0.077,3.3,6.1
12,3,2,2,1,3,2,0,1,1,0,7,0,46.2,24112,0.003,9.7,5.9
10,1,4,3,1,3,5,0,5,1,1,11,2,52.2,47511,0.021,9.5,4.7
5,2,1,3,2,2,3,100,5,2,0,9,0,43.2,102529,0.22,13.3,9.2
1,1,2,1,2,2,6,50,2,1,1,12,2,54.8,154690,0.659,17.7,3.2
6,1,2,1,5,3,9,100,2,1,1,4,1,41.9,104212,0.35,12.3,7.8
6,3,2,3,1,3,1,0,2,2,0,9,4,49.4,19068,0.22,3.8,3.4
12,4,2,2,1,2,5,50,2,6,0,10,1,42.9,38017,0,12.5,9.6
4,2,2,3,2,2,7,0,1,1,0,8,2,34.9,110918,0.163,9.9,6.8
10,4,1,3,2,2,6,100,1,2,1,9,1,49.5,69009,0.141,5.6,4.9
5,4,2,1,2,11,5,0,2,1,0,3,1,29.2,100484,0,12.7,9.9
11,1,2,3,2,2,5,100,3,1,1,9,1,49.8,183769,0.025,10.9,5.2
10,2,2,3,6,5,5,0,1,3,1,9,1,51.7,118269,0.049,16.4,5.7
11,1,3,3,6,5,5,0,2,4,1,8,5,55.4,199199,0.087,14,5.6
10,4,2,1,3,10,5,100,2,6,0,9,1,35.3,34430,0.783,11.9,6.6
3,1,2,3,2,2,9,50,1,1,1,7,4,38.8,229868,0.057,19.1,6
11,4,2,3,2,2,5,0,2,1,0,9,1,59.2,115173,0.092,9,5.1
9,2,2,2,2,5,7,50,1,2,0,9,3,50.7,247660,0.021,7,7.7
4,2,2,3,6,2,9,0,1,1,0,6,1,50.3,98396,0.07,10.2,6.7
1,4,3,3,6,5,7,50,3,1,0,9,3,35,66028,0.303,15.7,6.7
4,2,4,3,2,2,7,0,2,1,0,6,1,45.2,129182,0.125,8,5.5
10,1,3,3,8,6,4,50,2,1,1,3,1,37.6,118101,0.186,14.1,6.5
8,2,2,3,1,3,3,0,1,1,0,11,2,40,29110,0.076,15.3,6.4
6,4,2,3,2,2,7,50,2,2,1,8,0,41.2,117362,0.087,11.8,6.2
11,3,2,3,6,5,8,100,4,1,0,9,0,52.7,69353,0,6.3,7.2
10,3,2,3,4,4,1,0,1,1,0,12,3,45.2,51420,0.092,4.6,6.9
10,1,2,2,1,3,1,0,1,1,1,9,4,47.4,78333,0.074,20.1,6.8
8,3,2,3,9,8,5,0,1,1,0,4,1,41.7,38164,0.14,8.9,6.5
10,3,2,2,2,2,7,0,2,4,0,5,1,46.5,77764,0,8.4,5
10,4,2,3,5,1,2,50,2,1,0,7,1,46.2,66952,0.178,9.5,4.2
5,3,2,3,6,6,5,100,1,1,0,10,1,46.8,47306,0.088,5,7
4,4,2,3,11,11,6,0,5,3,1,8,1,54.6,125613,0.081,12.9,7.5
3,3,3,3,8,6,5,0,4,6,0,6,0,45.3,84987,0.08,0,6.6
3,4,3,3,2,2,5,50,2,2,0,6,0,43.4,123774,0.067,9.2,8.3
12,2,3,3,2,2,8,50,4,1,0,8,1,46,112758,0.176,11.9,6.6
3,2,2,1,2,2,9,0,1,1,0,7,2,41.3,121578,0.647,18.2,7.7
9,2,4,2,7,7,2,50,2,1,0,14,0,50.6,139681,0.047,8.9,6.9
3,3,2,3,6,5,10,0,2,1,0,5,0,39,66784,0.096,9.1,7.4
4,1,3,3,6,5,4,100,4,1,1,9,0,47.5,92455,0.156,19.7,7
1,2,2,3,6,5,2,100,2,3,0,6,1,45,71832,0.15,16.8,5.5
5,3,2,3,2,2,5,0,2,2,0,2,1,33.8,83088,0.051,7.5,6.7
1,2,2,2,2,2,5,0,1,4,0,6,4,49.8,131388,0.09,19.6,5.9
11,5,2,1,1,3,9,0,1,7,1,3,0,47.7,53853,0.537,20.1,5.9
11,1,2,3,2,2,7,100,4,1,1,9,3,49.1,172265,0.056,17.6,7.5
7,4,3,1,2,2,5,100,2,2,0,10,1,38.1,140904,0.599,9.9,7.2
10,3,2,2,8,6,5,0,1,1,0,5,2,36.2,52398,0.009,12.7,6
1,1,3,1,2,2,6,100,1,2,1,9,1,43.1,131491,0.359,15.8,5.7
2,4,2,1,11,11,1,0,2,1,0,11,1,42,108387,0.038,12.6,3.4
4,1,3,3,2,2,1,100,1,1,1,11,5,36.7,160174,0.142,14.8,7.9
10,2,2,2,2,2,5,100,2,1,0,9,1,48.5,208082,0,6.5,6.5
6,2,3,1,2,2,6,0,2,4,0,5,4,41.3,101308,0.486,7.2,6.3
12,1,2,2,2,2,5,50,1,1,1,8,4,48.7,300823,0.013,10,7.4
1,1,2,3,2,2,2,0,2,1,1,8,2,49.9,138533,0.023,16.3,6.9
10,5,2,3,2,2,6,100,3,1,1,8,0,39.8,179953,0.164,16.6,6.5
9,4,2,3,8,2,3,100,1,5,0,8,1,38.1,66994,0.229,0,8.4
11,2,2,3,6,5,1,100,5,5,0,8,1,45.5,164259,0.22,13.8,6
8,3,2,2,1,7,6,100,3,1,0,6,1,51.8,24515,0,11.6,8.5
3,1,2,3,1,3,4,50,2,1,1,10,6,39.5,49077,0.094,11.9,3.3
1,2,2,2,9,8,7,0,4,1,0,7,1,44.4,50230,0,9.3,10
10,2,2,3,2,2,1,50,2,4,0,10,4,50.9,193039,0.068,17.6,7.1
3,3,3,1,1,3,5,50,2,1,0,12,3,42.7,24143,0.623,9.2,6.8
12,4,2,1,6,5,7,50,3,1,0,7,2,52.9,95509,0.107,10.9,8.7
10,3,2,3,2,2,5,50,1,2,0,9,3,49,52468,0.177,2.4,8.3
4,1,2,3,1,3,5,50,2,1,1,7,1,35.5,66592,0.116,11.9,8.5
4,2,2,3,2,2,6,100,5,1,0,6,1,49.7,158458,0.209,16.4,8.1
2,3,2,3,2,2,5,0,2,1,0,7,4,41.3,123618,0.026,2.1,4.9
1,4,2,3,1,3,9,100,2,4,0,4,2,39.3,23236,0.194,7.8,7.2
6,3,2,3,2,2,1,0,2,2,0,11,2,51.3,102924,0.143,9.4,7.9
4,2,2,3,2,2,9,50,1,6,0,8,0,38.6,181873,0.118,14.9,7.1
9,2,2,3,1,2,1,100,1,1,0,10,2,30.8,40418,0.172,16.1,9.2
9,3,2,3,11,11,1,50,1,1,0,12,1,43.2,86480,0.051,2.5,7.3
6,4,2,1,2,3,3,0,2,7,0,8,1,37,82605,0.636,10.2,5.6
1,3,2,2,11,3,10,100,2,6,0,9,1,36.7,60461,0.058,1.8,8.5
9,2,2,3,2,2,5,50,2,1,1,11,2,35.4,239006,0.27,14.4,7.7
1,4,2,1,9,8,5,100,2,3,0,6,2,46,39695,0.276,10.1,6.2
4,4,2,3,8,6,2,100,1,1,0,4,0,39.9,81937,0.301,6.3,7.5
1,3,3,1,1,3,5,0,2,1,1,9,3,44.5,17091,0.81,7.1,4.5
3,2,2,1,8,1,5,100,1,3,0,9,1,34.8,84338,0.11,12.6,7
10,5,1,2,1,3,6,0,5,4,1,8,3,44.3,47518,0.081,19.4,5.7
7,4,2,1,2,2,9,50,2,2,0,13,4,36.1,105743,0.766,9.2,8
10,1,2,3,3,2,10,100,1,2,1,10,4,42.7,47108,0.036,19.4,8.4
3,4,2,1,5,1,6,50,3,1,0,4,1,40.8,94314,0.67,10.6,7.3
9,2,2,1,1,3,2,0,4,1,0,10,2,45.5,39153,0.307,7.5,5.2
10,2,2,3,5,1,5,100,1,7,0,5,0,38.9,99074,0.231,17.4,7.3
11,3,3,3,7,7,3,50,5,1,1,5,1,43.7,50111,0,2.9,6.2
11,3,2,2,2,2,5,50,2,1,0,8,0,44.7,156037,0.049,5.2,7.5
5,4,2,2,2,2,2,0,2,1,0,9,0,49.1,136837,0,5.9,3.7
12,2,2,2,1,3,1,50,3,1,0,7,1,53.9,62030,0.039,6.8,6.5
9,3,4,1,1,3,5,0,2,4,0,12,0,38.5,22590,0,9.7,6.6
5,2,2,2,2,9,5,100,2,1,0,7,2,38.1,199236,0.011,12.7,7.7
11,2,2,3,10,10,5,100,5,1,1,9,2,41.1,119421,0.165,10.6,6.3
4,2,2,3,10,9,3,50,1,2,0,14,3,46.3,73422,0.034,16.4,8.9
10,3,4,2,9,1,2,50,2,1,0,9,1,50.3,41933,0,3.2,7.6
1,2,2,3,2,2,5,0,1,6,0,12,3,52.3,123496,0.08,12.7,6.1
6,2,2,3,2,2,1,0,1,1,0,8,0,39.7,111721,0.234,15.1,5.9
1,2,2,1,2,2,6,100,1,6,0,8,0,47.2,111293,0.558,14.5,6.5
6,4,2,3,6,5,6,50,1,2,0,8,1,49,74814,0.21,6.4,6.1
4,2,2,3,2,2,1,50,2,2,0,5,2,42.4,204521,0.168,12.5,6.1
10,3,2,1,5,1,1,100,3,6,0,4,2,39.2,77112,0.413,4.5,8.6
4,4,2,1,5,1,10,0,1,4,0,6,2,45.2,87008,0.07,10.5,7.3
4,4,3,3,2,2,3,0,2,4,0,10,3,44.3,114496,0,11.5,7.6
10,1,2,3,7,7,6,50,5,2,1,7,1,49.7,96883,0.02,15.4,6.9
3,2,2,3,8,6,5,0,1,1,0,13,0,46.3,78869,0.098,10.7,5.1
5,5,3,3,1,3,8,100,4,1,1,6,4,51.1,32814,0,16.4,6.2
3,4,2,2,2,2,6,50,2,1,0,12,1,53.7,180204,0.046,5.7,6.4
3,4,2,1,6,5,5,50,5,1,0,11,4,46.7,104487,0.488,7.2,7.8
7,2,2,2,1,3,9,0,1,2,0,10,2,53.4,53169,0.026,8.9,5.7
1,2,2,2,8,6,1,0,1,1,0,7,1,45.7,107666,0.062,11.1,7.3
11,4,2,2,2,2,9,100,1,7,0,9,1,50.6,181604,0.015,2.5,7.2
7,2,2,3,6,5,9,0,1,1,0,2,1,40.1,100985,0.133,11.9,5.7
3,3,1,1,8,6,1,0,2,1,0,5,1,27.8,32690,0.599,12,6.3
11,1,2,1,6,5,3,50,1,1,1,7,1,39.7,116354,0,15.4,7.9
11,3,2,3,7,2,5,100,3,1,0,9,2,37.5,44411,0.086,12.1,5.3
10,1,3,3,3,10,6,0,4,1,1,5,3,41.7,41872,0.068,7,5
12,2,2,1,1,3,5,0,2,1,0,7,4,41.2,39530,0.312,15.4,6.5
8,2,2,3,6,5,9,0,2,1,0,4,2,46.5,131760,0.146,12.4,6
8,2,2,2,2,2,6,50,1,2,0,9,1,42.6,190369,0.004,11.8,6.7
11,3,2,3,11,11,2,50,1,1,0,11,2,53.3,79514,0.056,10,4.7
4,2,2,3,6,5,1,50,4,2,0,7,1,42.3,146526,0.047,10.5,5.2
2,2,2,1,2,2,2,50,3,1,0,11,2,36.1,118775,0.278,12.8,6.7
8,4,2,3,10,9,6,100,5,2,0,6,1,42.5,97055,0.243,16.4,7.7
7,2,3,1,2,2,9,0,2,2,0,8,3,56.4,119992,0.199,12.2,5.7
4,5,3,3,1,3,1,0,2,1,1,5,2,58.6,51120,0,22.8,5.2
8,4,2,3,2,2,1,50,1,4,0,6,5,53.1,164931,0.075,6.9,6.6
12,2,2,3,5,1,1,50,2,5,0,12,2,37.6,169737,0.073,11.3,7.1
6,3,2,3,8,6,5,100,2,2,0,12,1,37.7,51510,0.189,4.5,8.3
1,4,2,3,2,2,5,0,2,1,0,12,1,48,139369,0.009,6.6,7.2
7,1,2,2,2,2,9,50,2,2,1,7,1,50.1,265184,0.009,8.4,7
5,4,2,2,2,2,1,0,1,1,0,8,2,41.4,147341,0.047,12.4,7
1,2,2,1,6,5,5,100,2,1,0,8,6,56.7,106794,0.288,11.8,6.9
11,3,2,3,1,3,5,0,2,1,0,12,2,44.1,32193,0.052,0.8,5.7
10,1,2,3,5,1,1,50,1,2,1,11,2,47.6,164948,0.1,15,5.5
12,2,2,3,2,2,8,50,2,4,0,9,4,43.9,157606,0.159,17.3,6.8
11,3,2,2,2,2,1,100,1,2,0,9,5,36,119100,0.022,4.3,8.2
11,2,2,1,2,2,2,0,4,3,0,9,2,49.1,112486,0.663,15.5,7.2
9,5,2,2,3,10,6,0,1,1,1,8,3,38.7,61040,0.011,24.5,7.8
5,4,2,3,2,2,5,100,1,1,0,6,2,47.1,106769,0.161,10.1,5.3
10,4,4,2,1,3,5,0,1,1,0,6,0,40.8,33737,0.023,6.2,7.3
5,3,2,3,2,2,5,100,3,2,0,5,1,40.2,92683,0.183,8.7,5.9
11,4,2,2,7,2,9,100,4,1,0,6,3,46.9,77092,0.024,6.6,8
1,2,3,1,4,4,6,0,1,1,0,10,2,41.7,48988,0.612,14.1,4.9
4,2,2,3,2,2,5,0,2,1,0,4,2,45.9,141138,0,8.7,5.3
3,4,2,3,8,6,5,0,2,3,0,8,2,33.7,105187,0.068,15.9,5.9
6,1,2,3,6,12,1,100,2,1,1,5,4,43.6,103202,0.145,12.3,6.2
6,4,2,1,2,2,9,100,1,1,0,6,2,50.3,78083,0.667,7.8,7
10,1,2,3,6,5,3,0,2,1,1,6,3,51.1,111562,0,6.5,6.7
3,1,3,3,8,6,5,0,5,6,1,10,4,42.8,130637,0.067,17.9,8.1
9,4,2,3,2,2,2,0,2,3,0,11,3,39.8,123697,0.157,4.9,7.9
11,2,2,3,2,2,5,0,3,1,0,8,4,51.8,182211,0.128,17.1,5.7
6,3,3,2,2,2,4,100,2,1,0,8,0,54.8,70522,0.064,13,7.3
11,1,2,2,2,2,5,50,3,1,1,1,2,53.5,201576,0.019,12.4,6.8
1,1,2,1,2,5,3,100,1,1,1,7,3,45,97806,0.388,11.3,8.3
3,4,2,2,9,9,2,0,2,1,0,7,0,46.9,74293,0,5.4,6.8
3,1,2,3,7,7,8,50,5,3,1,7,2,45.5,174344,0.137,24,5.8
6,4,2,3,1,3,3,100,2,1,0,8,2,47.1,26652,0.011,6.6,6.8
4,2,2,2,6,5,1,50,5,1,0,3,2,38.2,165255,0.022,5.7,8.4
1,2,4,3,2,2,9,50,2,1,0,9,6,45.8,95076,0.052,14.9,8.6
5,4,2,3,2,2,6,50,2,1,0,4,0,44.8,96310,0.099,7.9,6.2
3,2,3,2,6,5,5,100,5,2,0,10,2,52.4,170002,0,9.3,8.1
3,2,2,2,8,5,10,0,2,2,0,8,1,47.3,118216,0.023,11.7,4.9
7,1,2,1,1,3,6,0,1,2,1,11,1,31.1,76279,0.165,14.4,8.1
2,2,2,3,11,11,9,0,1,1,0,7,2,47,116427,0,5.8,5.9
2,1,2,1,6,5,5,100,1,1,1,6,2,43.8,151036,0.583,13.9,7
8,4,1,2,12,12,3,50,1,1,0,6,1,42,38782,0,11.8,5.8
12,4,2,1,2,2,5,0,2,1,1,6,0,45.3,100623,0.391,8.6,4.4
7,2,2,2,2,2,9,50,2,1,0,5,4,47.6,162150,0,14.6,7
2,1,3,3,1,3,10,100,5,2,1,13,0,57.1,68427,0.138,14.6,7.7
11,4,2,1,1,3,1,0,2,1,0,5,0,47.9,32854,0.086,10.5,7.5
4,4,2,1,8,6,5,0,3,1,0,8,1,51.5,83590,0.017,10,7.6
1,3,2,3,8,6,4,0,1,1,0,7,0,34.9,46655,0.029,12.2,4.5
11,2,2,3,8,6,1,0,2,1,0,8,4,46,118466,0.214,14.9,5.8
10,3,3,1,6,5,5,100,2,2,0,7,1,45.3,75231,0.195,2.8,6.6
1,2,2,1,2,2,5,0,2,1,0,7,2,55,96462,0.19,14.1,7.3
12,2,2,2,4,4,5,50,3,1,0,12,2,45.4,95814,0.011,12.1,6.9
2,4,2,1,9,8,6,50,1,1,1,8,4,43.3,45098,0.523,5.1,6.4
10,4,4,2,2,2,6,100,5,1,0,8,1,41.3,106944,0,20,7.5
1,4,2,3,3,10,2,50,2,1,0,12,1,47.3,26142,0.083,16.2,6.7
11,2,2,3,1,3,1,100,5,1,0,6,3,54.5,92535,0.222,13.7,9.3
4,2,2,1,1,2,3,100,2,1,0,8,2,52.2,37277,0.84,14.8,4.1
11,4,2,3,1,3,6,100,2,1,0,7,4,47.7,29494,0.117,8.6,6.2
10,4,2,1,6,5,2,0,4,1,0,12,1,39.2,61767,0,6.9,8
6,2,4,3,9,8,9,0,2,1,0,9,0,41.6,44403,0.103,13.7,8.9
1,4,2,3,2,2,1,0,3,2,1,6,3,40.3,118931,0.081,10.1,6.5
4,3,2,2,2,2,5,0,1,7,0,15,3,45.4,111590,0,0,6.2
3,3,2,2,8,6,5,0,1,2,0,6,3,41.8,85757,0.071,11.2,6.5
11,1,2,3,8,6,5,0,2,1,1,5,1,58.7,127455,0.108,14.4,5.6
7,1,2,2,6,5,1,0,2,1,1,6,2,48,222923,0.045,15.9,5.6
1,4,2,2,6,5,6,0,5,1,0,5,2,39.5,71461,0.012,8.3,6.5
1,3,2,3,6,5,6,100,3,1,1,8,1,39,29313,0.185,5.8,4.3
10,2,4,3,9,8,4,100,3,1,0,11,1,38.6,54747,0.125,14.8,5.1
5,2,2,3,2,2,5,100,1,1,1,10,1,50.8,138172,0.146,15.6,6.6
4,2,2,3,2,3,7,50,1,1,0,10,1,49.1,135235,0.061,20.3,4.5
8,2,2,2,8,6,5,50,2,1,0,6,3,42.3,140462,0.004,12.3,6.4
10,2,2,3,9,8,5,100,2,2,0,10,2,44.1,63004,0.106,3.9,5.9
11,3,2,1,2,2,7,50,1,1,0,6,1,44,67374,0,4.4,6.7
5,4,3,3,2,2,5,100,2,1,0,9,0,46.9,101610,0.049,16.6,6.7
3,4,3,3,2,2,6,100,1,1,0,5,3,42.4,149512,0.075,15.7,6.9
4,1,2,2,1,3,9,100,1,4,1,4,5,42.1,45692,0.063,22.7,7.6
9,4,2,3,1,3,7,50,2,1,0,11,1,44.5,47934,0.071,11.5,8.6
3,2,2,1,2,2,8,0,1,4,0,9,2,50.1,156801,0,8.4,6.3
6,3,2,1,1,3,2,100,2,1,0,10,0,36,13455,0.443,0.5,6.3
1,4,3,3,2,2,5,0,2,1,0,9,0,50.6,92533,0.167,12,6.6
11,4,2,1,4,4,5,0,1,1,0,13,2,45.4,85460,1.22,20.3,5.2
2,4,2,3,9,8,10,100,2,1,1,7,4,47,62629,0.203,9.4,5.7
6,5,2,1,2,2,1,100,2,1,1,5,0,46.3,208556,0.253,19.7,8.7
10,3,2,2,8,6,9,50,2,1,0,5,0,43.9,61450,0,2.5,5.3
9,2,2,2,2,2,4,50,1,3,0,5,4,46.6,177706,0.045,15.8,6.7
12,1,4,1,2,2,2,50,1,1,1,10,1,63.3,143474,0.462,13.7,4
6,2,3,1,1,3,4,0,2,1,0,7,2,49.9,23625,0.594,10.6,5.3
11,4,2,3,4,4,9,100,1,1,0,11,3,50.2,91546,0.062,12.1,7.5
3,2,2,1,2,2,1,0,2,1,0,5,1,51.2,151363,0.63,22.9,5.7
5,2,2,3,12,12,2,50,1,1,0,9,4,49.7,51757,0.008,16.1,5.6
4,4,3,3,1,3,5,0,1,6,0,9,3,44.3,39823,0.129,12.3,5.3
10,4,2,1,11,11,5,100,4,1,0,5,3,40.5,73024,0.643,13.7,7.5
5,2,2,3,2,2,5,100,1,1,0,12,4,38.3,141507,0.025,14.1,10
9,2,2,1,11,11,2,50,4,1,0,11,0,43.8,86739,0.205,9.9,5.2
9,4,2,3,2,2,5,50,1,2,0,9,3,44.5,138668,0,11.1,6.8
3,1,2,3,2,2,2,50,1,1,1,7,4,44.9,183493,0,18.4,8.1
12,2,2,2,1,3,2,50,1,2,0,7,6,54.7,65982,0,11.9,6.5
12,4,2,3,11,11,3,0,5,1,0,7,0,47.9,98058,0.207,13.1,4.3
4,2,2,2,11,11,1,50,2,2,0,7,3,48.5,125217,0.036,14,6
5,4,2,3,10,9,5,100,1,2,0,10,2,46.8,76185,0.327,10.6,6.9
7,4,2,1,2,2,9,50,1,2,0,5,4,36.6,103914,0.48,13.6,9.4
4,1,2,3,2,2,5,0,2,2,1,9,4,43.6,242287,0.103,9.9,6.8
1,3,2,3,11,11,5,0,2,1,0,5,1,40.9,55121,0,3.1,7.2
11,2,2,3,1,3,5,50,1,2,0,15,2,49.1,47194,0.116,7.5,6.9
6,1,2,3,3,10,1,50,2,1,1,12,5,39.8,53265,0.14,8,8.8
11,3,2,1,12,12,8,0,3,1,0,12,1,42.7,34521,0.139,4.6,6.7
7,4,2,3,4,4,1,50,2,1,0,6,0,43.8,105855,0.194,4.7,6.4
8,1,2,3,10,9,8,100,1,1,1,7,1,56.4,136089,0.015,24.3,6.6
12,3,2,1,8,6,7,0,1,2,0,6,3,24.7,78621,0.296,6.4,8.9
12,4,2,3,8,6,5,50,3,2,0,11,2,38.4,82992,0.099,8.6,6.1
1,5,2,3,2,2,5,50,1,1,1,6,5,47.4,131054,0.141,19.1,7.9
4,3,2,1,2,2,5,0,2,2,0,10,1,40.2,82094,0.036,7.3,8.2
9,3,2,1,3,10,4,0,2,1,0,6,1,48.9,21142,0.187,9.9,4.8
4,4,3,1,6,5,5,50,1,1,0,4,0,43.9,82559,0.427,11.7,7.9
1,3,2,1,8,6,5,100,4,1,0,7,0,45.8,34784,0.268,3,5.7
10,3,2,1,1,3,4,0,2,5,0,7,2,37.9,23414,0.589,6.3,7.1
1,4,2,3,2,2,4,0,2,6,0,10,3,40.1,53843,0,9.1,6.2
11,4,2,2,2,2,5,50,2,1,0,5,0,53.5,172258,0.041,11.4,7.2
8,5,2,3,6,5,5,0,1,4,1,7,2,44.9,201864,0.082,21.2,5
4,1,4,3,2,2,8,50,2,1,1,7,3,48.1,154670,0,9.7,7.5
5,3,2,3,3,10,5,100,2,2,0,6,2,47.7,23344,0.014,1.9,8.1
10,4,2,1,2,2,1,50,3,1,0,9,0,40.9,127143,0.038,6.4,5.9
9,3,3,1,1,3,6,50,3,1,0,4,0,36.8,17225,0.288,9.7,8
8,4,2,3,11,11,6,50,1,6,0,10,2,40.1,92134,0.202,14.2,7.8
3,4,2,3,12,12,5,50,1,1,0,7,1,49.6,57861,0.07,10.6,5.4
3,2,2,1,10,9,1,0,1,5,0,9,1,38.2,104619,0.36,7.4,8.3
6,3,3,2,2,2,1,0,1,1,0,5,1,34.9,65964,0,13.1,5.6
1,1,2,3,6,2,6,0,1,1,1,9,1,36.8,103844,0.097,9.8,7.1
8,2,2,1,8,6,1,50,1,1,0,6,3,48.9,116896,0.448,12.2,5.6
8,3,2,3,2,2,2,100,1,1,0,5,1,44.2,72148,0.16,7.8,6.1
7,4,2,3,3,10,6,100,2,2,0,6,1,33.7,47174,0.009,5.6,6.1
6,1,2,1,6,5,1,0,2,1,1,7,2,48.5,115193,0.148,24,4.7
3,4,2,1,6,10,3,100,1,2,0,10,2,37.4,79435,0.007,12.3,7.2
12,4,2,3,10,9,5,50,5,1,0,8,2,49.5,120935,0.029,15.1,6.4
11,1,2,3,11,11,2,100,2,1,1,12,1,49.8,141969,0,14.8,9.7
4,3,2,3,10,9,5,50,2,1,0,11,2,45,89076,0.075,0,8
7,1,1,3,2,2,5,0,2,1,1,10,4,50.6,176835,0.03,15.3,4.6
10,5,2,3,3,10,8,50,2,1,1,11,2,45.3,54974,0.113,14.7,5.2
1,4,2,1,12,12,1,0,1,1,0,4,1,40,49598,0.211,1,6.2
8,4,2,3,1,2,5,50,1,1,0,13,1,46.5,32965,0.081,6.7,7.2
7,2,2,1,2,2,5,0,1,1,0,9,2,53.2,177754,0,7.2,7
1,1,2,3,6,5,9,0,1,6,1,7,1,47.9,105475,0.121,14.9,8
7,4,2,1,3,10,5,50,2,1,0,8,1,44.6,33733,0.521,0,4.5
9,4,2,1,7,7,5,0,2,1,0,7,0,35.8,95314,0.191,5.2,6.6
5,5,2,2,12,12,5,0,1,1,1,6,1,49,146228,0.029,16.6,3.9
11,5,2,3,2,2,1,50,4,1,1,9,6,43.4,232543,0,21,8
4,2,2,2,1,3,6,50,4,1,0,10,3,44.3,43629,0,8.6,7.6
10,4,2,3,2,2,1,50,1,1,0,10,2,38.2,124345,0.211,13.7,7.6
4,4,2,3,2,2,9,100,3,1,0,6,2,43.4,89126,0.002,6.8,8.6
4,1,2,3,2,2,3,50,4,2,1,12,4,48.2,163578,0,18.9,7
10,4,2,3,1,3,5,50,1,1,0,3,1,46.1,33625,0.143,8.2,7.4
10,1,2,3,8,6,6,0,2,2,1,4,3,48.7,184061,0,16.4,6.4
1,2,3,2,5,1,10,0,2,6,1,9,3,51.4,90315,0.011,16.1,6.1
3,4,2,2,2,2,5,100,2,1,0,7,1,42.8,188427,0.071,9.1,9.4
5,3,2,1,11,11,1,0,1,3,1,8,2,38,55095,0.171,7,6.3
11,4,3,3,8,6,7,50,3,2,1,17,3,42,67231,0.055,11.8,7
11,2,2,2,12,12,5,50,5,2,0,9,2,47.5,154063,0.042,12.3,4.6
5,5,4,2,2,2,1,100,1,1,1,4,4,47.2,186873,0.003,21.3,6.3
9,4,2,3,5,1,2,0,5,1,0,4,0,41.2,108383,0.104,12.3,5.3
3,1,2,2,2,2,2,50,2,1,1,8,4,58.8,245041,0.063,15.5,6.9
11,4,2,3,2,2,4,50,1,1,0,11,3,42.9,116579,0.009,5.5,8.1
8,1,2,2,2,2,5,0,1,1,1,9,2,41.5,222043,0.012,20.4,8.5
10,4,2,3,2,2,7,100,1,4,0,6,4,42.9,133086,0.226,6.6,7.1
11,4,3,3,2,2,4,0,5,1,0,10,1,47.4,134985,0.217,7,5.9
5,2,3,1,8,6,5,50,2,2,0,8,2,45.1,87450,0.194,14.7,7.5
3,1,2,1,11,11,5,50,1,2,1,5,1,34.3,118339,0.315,9.1,8.6
5,4,2,2,12,12,1,0,1,3,0,9,2,39.7,69387,0.063,13.8,9.6
9,2,2,1,2,2,6,50,2,1,0,8,2,52.5,148456,0.188,6.5,6.1
5,2,2,3,2,2,6,0,1,1,1,12,1,32.9,140980,0.063,18.3,8.1
11,1,2,3,2,2,7,0,1,4,1,6,2,48.6,145958,0.123,19.5,8.2
12,2,2,2,8,6,5,100,1,1,0,8,2,43.5,141974,0.053,12.8,6.8
12,4,2,3,2,2,9,100,1,1,0,4,1,52.9,101952,0.202,2.5,6
4,3,2,3,2,2,1,0,4,1,0,7,0,36,66094,0.128,8.9,5.4
10,4,2,3,5,1,8,0,2,5,0,8,1,44.4,108995,0.196,4.9,5.7
8,3,2,3,11,2,1,100,5,1,0,7,2,36.9,94842,0.08,3.7,9.4
3,1,2,3,6,5,7,0,1,3,1,7,1,42,171539,0.019,11.4,8.3
4,4,2,3,10,9,1,0,1,2,0,9,2,47.3,84914,0.12,4.5,6.1
1,2,2,3,9,8,4,50,1,1,0,6,5,49.6,34279,0.283,9.1,7.6
4,4,3,3,2,2,1,0,1,1,0,7,3,47.3,109603,0.067,12,5
11,1,2,3,5,1,5,100,5,1,1,12,2,43.4,170581,0.093,21.4,7.8
3,2,2,3,4,4,5,0,2,4,0,9,1,42,131847,0.195,11.2,8.7
4,3,3,1,2,2,5,50,2,2,0,6,0,43.1,89408,0.107,9.6,6.2
10,1,3,3,10,9,3,50,2,2,1,10,0,47.3,123211,0.014,21.7,4.4
7,4,4,3,2,2,1,0,2,1,0,7,1,47.6,146802,0,13.8,7
10,3,2,3,2,2,5,50,2,1,0,4,0,39,91518,0.137,4.7,7.2
8,3,2,2,11,11,9,0,2,1,0,12,1,37.1,85152,0,4.6,6.9
10,2,2,3,2,2,5,50,4,2,0,3,2,47.6,124499,0.013,8.9,7.4
3,4,3,3,2,2,5,100,1,1,0,9,1,40.2,150624,0,0.1,7.1
5,2,2,2,11,11,9,50,1,7,0,2,2,51.2,96954,0.014,12.4,4.3
2,2,1,3,2,8,6,0,2,1,0,5,1,48.9,72393,0.181,9.8,4.3
12,3,2,1,2,2,7,50,4,5,1,8,2,40.3,81601,0.256,10.7,8.5
10,1,2,3,1,3,5,0,3,6,1,9,3,43.4,45666,0.142,16,8.4
6,2,3,3,10,9,6,50,3,2,0,6,3,35.8,67419,0.046,8.3,7.8
2,4,2,3,6,2,5,100,2,4,0,9,0,44.3,107892,0.089,9.2,6.3
8,2,2,2,2,2,5,0,2,3,0,11,0,50.3,150468,0.027,20.4,6.8
7,4,2,1,11,11,1,50,1,1,0,11,0,48.7,101662,0.459,10.9,7.7
5,2,2,3,2,2,7,50,1,1,0,8,3,51.4,146975,0.182,10.6,5.4
9,3,2,2,2,2,3,50,2,1,0,8,0,48.8,101882,0.052,9.8,5.3
7,4,2,3,2,2,5,50,1,1,0,12,2,53.2,163324,0.04,11.4,6
12,3,3,1,1,3,5,50,1,1,0,9,3,45.2,20792,0,1,6.8
11,2,2,3,1,3,8,0,5,1,0,8,1,46.8,53293,0.2,5.7,5.6
3,3,2,2,6,5,4,0,1,1,1,4,3,39.3,56714,0.019,4.8,6.4
3,2,2,3,10,1,1,0,4,1,0,8,3,44.6,118748,0,10.7,7.9
2,2,2,2,7,7,7,0,1,1,0,8,1,33.2,130027,0.064,19.6,9
11,1,2,3,1,3,7,50,1,4,1,8,4,45.9,57480,0.033,11,6.1
10,2,2,3,1,3,4,100,1,7,0,7,2,43.3,40156,0.09,15,5.4
10,4,2,1,2,11,8,0,2,3,0,5,3,40.6,94742,0.413,12,7.2
3,4,3,2,8,6,1,50,3,1,0,5,3,31.5,137348,0,6.7,9
4,1,2,3,3,10,5,100,2,1,1,9,5,45.8,80070,0.132,10.9,6.2
2,1,2,3,4,4,7,50,1,1,1,8,2,33.5,164051,0,17.4,8.3
7,4,1,1,2,2,5,50,1,1,0,6,0,49.4,66223,0.681,8.6,5
1,1,2,2,8,6,5,50,5,1,1,10,3,49.8,139826,0.053,19.7,6.2
9,4,2,3,2,2,5,100,1,6,0,6,2,45.3,113705,0,6.2,5.4
4,3,2,2,7,7,5,50,2,5,0,9,3,38.1,66276,0.026,2.5,8.1
12,5,2,2,2,2,10,50,1,1,1,13,2,47,201867,0.018,16,4.7
10,1,1,1,2,6,4,100,1,2,1,10,2,48.1,54159,0.104,15.6,5.7
11,2,2,2,2,2,9,0,3,1,0,7,4,51.9,160125,0.005,9.9,5.1
3,3,2,3,11,11,5,0,1,3,0,12,4,37.5,65608,0.029,8.5,6.3
9,2,2,1,5,1,5,50,5,1,0,6,4,43.3,149607,0.065,8.9,6.3
10,2,2,3,8,6,2,0,2,1,0,10,2,47.3,110353,0,16.2,7
3,3,2,3,2,2,6,100,1,1,0,7,1,40,98028,0.17,10,8
6,4,3,1,5,1,10,50,5,4,0,5,4,50.8,57927,0.316,10.6,5.9
12,4,2,3,6,11,2,100,2,1,0,10,3,48.8,89440,0.229,4.9,4.3
1,1,2,1,10,9,1,50,1,1,1,5,2,46.9,73073,0.585,13.4,8.1
6,3,3,3,2,2,9,100,1,1,0,7,2,49.4,58705,0.142,7.4,7.4
1,3,2,3,5,1,4,0,1,1,0,9,2,33,39409,0.005,13.1,4.6
10,4,2,1,4,4,8,0,5,1,0,9,2,55.6,74626,0.481,7.1,4.7
10,4,2,3,1,3,5,0,2,1,0,7,1,49.1,33034,0.176,3.5,5.9
5,4,2,3,1,3,3,50,1,1,0,8,2,55.4,30831,0.298,7.8,6.4
9,4,4,3,1,3,5,50,3,2,0,10,2,45.1,31528,0.2,15.1,5.8
6,2,2,3,8,6,10,0,1,4,0,6,2,45.3,81800,0.011,13.7,7.8
5,4,2,2,9,8,9,100,3,1,0,8,1,46.4,62234,0.037,5.7,6.9
6,2,2,3,6,5,8,50,3,2,0,10,1,45.2,76667,0,11.6,5.4
8,4,2,2,2,2,5,50,2,1,0,8,2,49,185140,0.048,11.9,7.3
11,4,2,2,11,11,7,0,1,3,0,5,3,38.4,93943,0.051,9.7,7.2
2,3,2,3,8,6,2,0,1,1,0,12,0,41.9,54866,0.049,5.3,6.2
7,3,2,1,5,1,5,100,1,2,0,9,0,44.6,90201,0.732,3.2,5.3
3,4,2,3,8,6,5,100,1,1,0,9,3,39.6,80784,0.303,10.9,8.6
1,1,2,3,3,10,2,50,1,3,1,7,1,33.8,26862,0.276,9.8,6.8
8,5,2,3,5,1,7,0,1,1,1,11,2,54.2,197869,0.113,17.4,6.4
10,3,2,2,5,1,3,0,2,1,0,11,2,39.3,88320,0.047,14.2,6.3
11,1,2,3,6,5,5,50,2,1,1,7,2,54.5,156959,0.082,18.8,5.3
8,4,4,2,2,2,5,0,1,6,0,10,1,39.4,117413,0.03,9.5,6.2
5,4,2,3,1,3,9,0,2,1,0,9,3,53.2,25361,0,12.3,5.7
11,3,2,3,6,5,7,0,3,1,0,8,1,39.5,62923,0.031,4.8,6.2
3,3,2,3,2,2,1,100,2,1,0,14,0,41.8,146217,0.101,13.6,9.8
1,3,2,3,4,4,1,50,1,3,1,7,1,35.7,46208,0.059,8.8,6.3
11,4,2,3,2,2,8,0,3,1,1,6,0,43.9,119156,0,13.5,6.4
12,5,2,3,2,2,3,0,2,1,1,8,3,55.6,178419,0.01,21.6,6.6
11,1,2,1,9,8,5,0,2,1,1,8,2,43.7,88241,0.687,13.7,4.8
5,2,2,3,1,3,5,100,2,1,0,14,1,55.9,50797,0.065,11,6
7,2,2,1,4,4,5,0,2,2,0,9,1,48.8,119302,0.216,12.4,6.2
2,4,3,3,8,6,5,0,1,6,0,9,1,44.1,115227,0.041,3.5,9.1
12,4,2,3,5,1,1,50,3,2,0,6,4,49.7,121448,0.039,12.5,6.7
9,4,2,2,2,2,6,50,2,1,0,7,2,38.7,182469,0.023,0,4.1
11,2,2,3,2,2,8,100,5,1,0,7,1,50.7,171782,0.007,16.4,3.8
4,4,2,3,11,11,2,0,2,1,0,6,3,38.3,100796,0.135,14.2,7
5,2,2,1,2,2,5,0,2,1,0,6,4,57.4,162656,0.486,8.5,7.1
9,4,2,1,2,2,9,50,1,1,0,10,2,40.9,94031,0.723,8.2,8.5
7,3,2,3,2,2,9,0,3,6,0,12,0,45.5,84381,0.096,7.9,7.4
10,2,2,1,11,11,2,50,1,1,0,11,6,44.5,98372,0.364,15.2,5.4
3,2,2,3,2,2,7,100,2,1,0,6,4,49.9,152407,0.041,24.2,6.6
10,5,2,3,2,2,5,0,2,1,1,8,3,41.4,227254,0,14.9,9.3
3,1,2,3,10,9,5,0,1,2,1,10,2,41.9,131271,0.03,21.9,7.1
3,2,2,3,2,2,5,0,3,4,0,8,0,43.9,150687,0.061,18.6,6
1,2,2,3,5,1,10,0,3,1,0,11,2,52.4,82037,0.049,7.4,4.6
7,3,2,1,6,5,7,0,4,1,0,9,0,43.8,44640,0.026,0,6.2
5,2,2,3,2,2,9,50,4,1,0,6,1,51,123484,0,16.9,4.9
4,3,2,2,1,3,6,50,1,1,0,9,3,52.1,27032,0,0.6,4.9
5,4,2,2,11,11,5,50,5,1,0,7,1,47.7,85632,0.064,12.7,5
1,3,2,3,1,5,3,0,3,1,1,4,0,44.8,12000,0.001,13.2,5.6
4,5,2,1,1,3,1,0,3,2,1,13,1,41.9,62796,0.546,20.8,7.7
5,2,2,1,5,1,5,50,4,4,0,11,0,43.8,87627,0.422,13.1,9
12,4,2,1,2,1,5,100,2,1,0,10,1,42.6,109859,0.112,10.4,7.2
5,2,4,1,2,2,2,0,4,7,0,11,2,47.9,77373,0,11.6,3.7
4,4,1,1,2,2,1,0,2,1,0,11,1,41.4,64944,0.481,11.6,5.4
1,4,2,3,11,11,2,100,2,4,0,10,2,48,68896,0.267,6.7,7.3
3,2,3,2,9,8,6,50,1,2,0,5,3,49.2,68836,0.037,10.9,7.6
5,4,2,3,2,2,10,100,5,1,0,6,2,51.4,104170,0.143,12.7,5.3
9,3,2,1,11,11,1,0,1,4,0,8,2,38.3,96020,0.454,0.6,7.1
6,4,2,2,10,2,5,100,1,1,0,8,3,54.5,62810,0,10.6,6.1
7,1,3,3,2,2,1,100,5,2,1,7,2,42.7,329944,0.138,8.8,7.1
4,4,2,3,5,1,5,50,1,1,0,8,0,46.2,106362,0.106,5.6,8.2
9,4,2,3,2,2,1,50,1,1,0,5,3,38,121726,0.017,6.1,5.4
7,3,1,2,2,5,5,100,1,2,0,10,5,38.4,66330,0,6.3,6.8
1,5,2,2,11,11,1,50,5,2,1,9,1,49,184919,0,20.7,5.9
10,3,2,3,11,10,5,0,1,1,1,4,1,49.7,71146,0.144,5,4.1
10,2,2,2,6,5,4,100,1,1,0,5,0,44.6,95661,0.019,5.6,6.4
5,4,3,2,5,1,5,50,3,3,0,5,0,48.9,87199,0.014,5,6.9
9,3,2,2,2,2,1,100,1,1,0,8,4,43.1,149829,0,1.5,7.8
1,1,1,3,1,3,6,50,1,1,1,9,2,42.6,23826,0.046,19.6,6.8
8,3,2,2,6,5,7,100,2,1,0,11,1,42.3,103453,0.003,5.3,6.7
1,3,2,1,1,3,1,0,2,1,0,9,3,31.4,20178,0.375,7.3,5.6
12,4,4,3,7,7,9,0,2,6,0,6,4,38.5,65226,0,5,5.2
1,3,2,3,2,2,7,0,1,1,0,6,1,48.5,43793,0,6.9,3.9
5,2,2,3,1,3,9,0,1,1,0,8,2,54.2,43211,0.104,2.7,7
10,1,2,2,2,7,10,100,1,1,1,10,2,53.2,155849,0.024,23.6,10
11,3,2,3,2,2,8,0,3,2,0,9,1,35.9,79168,0.173,8.7,8.2
4,2,2,3,3,10,10,50,1,1,0,6,2,41,39135,0.178,11.8,5.4
2,4,2,2,6,5,5,100,2,2,0,14,1,41,119950,0.019,10.3,5.9
6,3,1,2,6,5,1,0,3,1,1,4,3,35.4,29087,0.033,5.8,5
4,4,2,3,6,5,5,0,2,1,0,9,2,37,93683,0.028,1.4,4
7,2,2,3,3,10,5,50,2,1,0,6,0,42.5,71730,0.138,8.5,7.9
3,4,2,2,2,2,5,0,2,6,0,7,0,39.4,160880,0.029,4.4,6.4
4,3,2,3,2,2,2,0,5,1,0,6,1,41.6,82883,0.035,0,7.7
1,2,2,2,5,1,5,100,1,1,0,7,4,44.3,96969,0.061,19,7.4
10,1,2,3,10,9,2,50,5,1,1,8,2,48.9,110554,0.185,11.4,6.8
10,4,2,2,11,11,5,50,1,4,0,7,2,41,85930,0.024,1.8,8.3
6,3,2,1,4,4,5,0,2,1,0,5,1,42.8,41285,0.639,11.8,5
10,2,2,3,4,4,3,100,1,5,0,7,1,44.2,61806,0.15,10.7,7.9
2,1,2,3,1,3,5,50,2,1,1,5,3,42.2,75514,0.024,15.7,4.7
11,5,2,3,2,2,6,0,1,1,1,13,3,48.3,252690,0.196,21.3,6.5
11,1,2,3,2,2,1,50,2,1,1,8,2,60.5,249295,0.28,15,5.7
3,3,2,2,2,2,5,100,2,5,1,9,1,42.9,171884,0.007,5.2,9.4
10,4,2,3,2,2,1,0,4,6,1,10,3,48.3,102332,0.133,9.2,7.1
1,4,2,1,3,2,2,0,5,2,0,2,1,45.4,25660,0.456,7.9,4.2
12,3,2,3,9,8,1,50,2,7,0,8,0,36.8,59555,0.087,8.1,6.3
6,3,3,3,3,10,4,0,3,1,0,7,1,52.6,13199,0.094,11.2,3.5
3,2,3,2,1,3,6,50,1,1,0,7,4,44.1,62555,0.048,8.7,5.8
4,3,2,1,2,2,5,100,3,6,0,11,1,46.9,64735,0.247,2.8,5.3
9,1,2,1,7,7,5,0,1,4,1,5,1,49.8,107312,0.467,18.8,4.5
10,4,1,3,1,3,4,0,2,2,0,7,1,39.4,12000,0,9.6,5.2
11,3,2,3,9,8,1,0,2,1,0,9,1,42.7,48553,0.343,2.9,5.3
7,4,2,3,1,3,8,50,3,7,0,8,1,59.1,30257,0,9.9,5.1
3,2,1,3,6,5,1,0,1,1,1,7,0,40.2,70683,0.078,14.5,5.6
4,4,2,3,2,2,5,50,1,4,0,15,0,42.6,137823,0.128,12.6,6.3
4,4,2,3,2,2,1,50,2,1,0,11,1,56,116122,0.043,8.1,6.5
11,4,2,3,6,5,1,0,2,2,1,8,1,37.7,113607,0.086,9.7,7.9
6,3,2,2,7,7,1,50,1,1,0,11,1,46.1,55589,0,8.1,8.9
12,3,3,2,2,2,7,50,2,2,0,6,0,33,92889,0,1.2,6.3
4,5,2,3,2,3,5,100,2,1,1,7,2,52.9,258641,0.088,17.4,5.6
4,2,2,3,10,9,5,0,1,1,0,4,4,51,84762,0.15,14.1,4.6
2,1,2,3,5,1,5,50,1,1,1,5,1,56.7,154732,0.156,9.8,9.5
11,2,3,3,2,2,5,0,1,1,0,8,3,45.8,184558,0.138,15.5,7.6
10,4,2,3,7,7,7,100,1,6,0,7,2,38.9,77692,0.008,7.5,6.9
11,2,4,1,2,2,5,0,1,2,0,10,0,38.5,127550,0.797,15.8,9.2
5,4,2,1,2,2,1,50,3,7,0,9,1,41.5,95885,0,10,7.9
10,4,3,1,1,3,5,100,1,1,0,9,1,39.6,32491,0,4.9,7
5,4,2,2,2,2,5,100,5,1,0,13,0,38.6,153858,0,7,8.2
10,4,2,3,10,9,5,100,1,1,0,14,0,35.9,110316,0.069,8.8,7
10,5,2,3,4,4,5,0,2,1,1,9,2,45.3,149044,0.027,17.1,6.8
11,1,2,3,6,3,1,100,2,1,1,6,2,52.7,172438,0.184,9.6,7.7
5,4,2,3,1,3,5,50,2,1,1,7,3,52.9,26728,0.141,10.2,4.6
11,3,4,2,2,2,3,50,5,1,0,7,3,38.4,90015,0.047,7.8,6
11,2,3,3,10,9,5,50,5,1,0,5,3,45.1,122637,0.116,9.2,10
10,3,3,2,2,2,5,50,1,1,0,5,2,40.5,109588,0.033,2.9,6.7
11,1,2,2,1,3,3,50,2,1,1,8,2,37.8,61893,0.026,9.1,7.2
3,5,2,3,2,2,5,50,1,4,1,8,4,50.3,227078,0.097,24.9,5.9
10,4,3,2,2,2,9,0,1,1,0,9,1,40.3,92246,0,14.2,7.5
5,3,2,3,6,5,6,50,2,1,0,9,1,42.1,62609,0.06,9.2,6.7
1,2,2,1,2,2,8,50,1,1,0,3,1,40.8,73638,0.081,25.6,5.7
3,1,2,2,9,3,3,100,1,1,1,8,3,38.7,78105,0.021,16.6,6.6
3,2,2,2,2,2,4,0,3,1,0,7,1,39.4,138760,0,10.2,5.4
12,2,2,3,3,10,3,0,2,1,0,4,2,44,37119,0.058,15.7,7.3
6,2,2,3,4,4,4,50,1,1,1,9,2,49.6,56938,0,6.2,6.1
5,3,2,2,1,3,5,0,2,1,0,9,5,46.2,33575,0.049,0.9,6.1
1,2,4,1,2,2,2,0,2,2,0,6,2,27.6,86304,0.441,14.2,6.1
1,4,2,3,12,12,7,0,1,1,0,10,2,31.6,40074,0.074,7.2,5.3
3,1,2,3,2,2,10,0,2,2,1,7,0,44.6,181976,0.148,5,5.8
4,2,2,3,5,11,7,100,1,6,0,12,1,44.6,109212,0.101,10.8,5.5
12,3,2,2,2,2,9,0,2,2,0,5,2,44.3,151238,0.006,9.3,8.4
11,4,2,2,5,1,7,50,2,1,0,6,2,49.9,170180,0.018,12.6,6.2
3,4,2,1,2,2,7,0,5,6,0,5,3,37.2,100470,0.495,5.4,8.4
11,5,2,2,4,4,5,0,1,1,1,6,0,67.3,192089,0.047,21,7.4
4,2,2,2,2,9,5,100,1,1,0,9,1,50.3,199977,0.043,13.6,6.4
6,1,2,2,7,7,8,50,2,1,1,9,1,48.6,114201,0.002,21.5,5.9
5,3,3,3,2,2,5,100,1,1,0,10,0,37,60268,0.156,6.5,8.2
5,2,2,3,2,2,6,0,1,7,0,6,3,37.4,160073,0.099,17.6,6.6
7,2,2,3,6,5,7,50,2,1,0,8,1,44,122715,0.136,17.5,6.8
12,4,2,3,2,2,5,100,2,1,0,6,2,45.8,111907,0.103,7,6.5
2,1,2,1,5,1,2,50,3,1,1,11,2,44.4,126987,0,14.8,8.3
5,4,2,1,5,1,1,100,1,1,0,10,1,34.1,74735,0.339,13.8,5.9
2,1,2,3,3,10,1,0,3,2,1,8,1,41,57073,0.28,14.8,6.9
7,2,2,3,1,2,7,0,1,4,0,7,4,44.3,64059,0,11.7,5.7
4,1,2,3,12,12,3,100,2,2,1,3,0,42,51329,0.208,20,9.6
4,2,2,1,1,3,5,0,2,1,0,13,3,43,47739,0.697,14.2,5.7
10,2,2,3,11,11,2,100,1,1,0,9,2,34.6,98440,0.153,8.7,8.2
8,2,2,1,9,8,5,0,2,2,0,5,5,52.2,75193,0.068,11.2,6.1
10,3,2,3,8,6,8,0,2,1,0,11,4,35.6,65965,0.158,5.9,8
8,3,2,1,11,11,5,50,4,1,0,7,4,42.1,64476,0.223,10.7,7.4
4,4,2,2,7,7,6,0,2,2,0,7,2,40.1,90452,0.017,12.3,7.4
7,4,2,2,2,2,9,50,1,1,0,7,2,31.9,159504,0.004,9.7,9.6
10,4,2,3,3,10,7,0,1,5,0,6,0,48.8,32030,0.218,5.8,7
1,4,2,3,2,2,6,0,4,7,0,7,0,45.6,74667,0.07,13.1,3.7
5,4,2,2,2,2,4,0,5,3,0,4,2,42,113374,0.047,9.4,6.9
4,3,2,3,2,2,8,0,2,1,0,18,3,50.3,94969,0.291,5.1,5.7
3,2,4,3,5,1,2,100,2,2,0,8,3,43.6,117092,0.104,19.3,8.6
1,4,2,1,1,3,8,50,1,1,0,11,2,38.1,18421,0.618,9.5,7.9
1,4,2,2,2,2,5,0,1,1,0,6,0,49.5,127104,0,12.6,7.6
6,2,2,2,5,1,7,0,2,1,0,7,1,39.2,101982,0.012,15.3,7.2
11,3,2,3,6,5,5,50,4,1,0,8,1,35.2,66529,0.064,1.2,8.5
5,1,2,3,6,11,5,100,2,1,1,5,1,51.5,119484,0,14.4,6.9
4,1,2,3,1,3,3,100,2,2,1,1,2,52.2,43197,0.141,9.9,6.6
3,2,2,2,2,2,5,50,2,4,0,6,1,46.5,215929,0.034,15.6,6.1
8,2,2,3,2,2,8,0,2,1,0,9,1,37.4,165784,0.126,12.3,7.2
6,4,2,2,6,5,5,0,2,1,0,10,3,43.5,86146,0.041,13.1,8.3
11,3,2,3,6,5,5,0,1,3,0,13,0,48.3,85801,0.105,6.3,6.9
12,2,3,3,1,3,9,100,2,1,0,6,2,41.5,38456,0.055,8.6,7.5
10,3,3,3,3,10,5,50,1,5,0,6,1,35.9,27800,0.127,6.4,7.6
4,5,2,2,2,2,2,50,5,1,1,8,8,48.5,204325,0.025,26.2,8
11,3,2,1,12,12,8,0,1,1,0,8,2,41.5,39080,0.068,0,7.2
3,2,2,3,3,10,6,50,2,1,0,10,1,44.8,57415,0.029,14.4,7.4
4,3,2,3,2,2,6,0,1,1,0,8,1,38.6,74851,0.112,7.6,7.2
12,1,2,3,1,3,6,50,1,1,1,5,2,40.1,45531,0.075,14.6,4.6
1,3,2,3,2,2,9,50,1,1,0,7,1,37.1,54246,0.029,3.1,5.8
8,4,2,3,6,5,4,0,2,1,0,14,3,36.2,76400,0,10.6,8.3
1,3,2,3,1,3,7,0,1,1,0,6,3,42.1,12544,0.028,9,6.7
12,4,2,2,1,3,1,0,4,1,0,7,3,43.1,51393,0.03,4.5,8.6
3,2,2,2,10,9,5,0,2,1,1,11,2,46.8,143971,0.014,11.5,5.6
12,4,2,3,8,6,8,0,1,1,1,7,2,40.2,87136,0.033,11.3,7.3
4,4,2,3,6,5,4,0,1,1,0,7,0,53.2,73286,0,15.4,4.6
4,4,2,3,8,6,7,0,2,2,0,11,1,41.6,65354,0.1,0.5,7.8
2,2,2,3,11,8,9,0,1,2,0,8,4,53.5,137395,0.185,15.1,7.2
7,2,3,3,6,6,5,100,2,1,0,10,2,29,131830,0.005,16.7,7.1
12,2,4,2,1,3,3,0,1,1,0,4,6,42.5,39878,0.005,13.4,7.6
10,2,2,2,2,2,4,50,2,3,0,6,4,52.1,136760,0,15,6.1
10,1,2,3,12,9,10,100,2,1,1,5,1,52,90884,0.197,13.5,5.3
1,2,2,2,6,5,4,50,4,1,0,6,2,31.1,64263,0.021,16.4,8.3
4,2,2,2,11,11,3,100,1,3,0,4,4,38.4,136654,0.044,12,6.8
1,2,4,2,1,3,6,50,1,1,0,6,4,47,39364,0.043,9.1,6.4
7,2,2,2,2,2,10,100,2,1,0,10,2,44,225491,0.048,12.3,7.6
1,4,2,2,2,1,1,0,3,1,0,7,1,44.9,100131,0.037,9.4,4.3
3,4,2,1,8,6,7,0,2,4,0,6,2,39.8,96572,0,12.4,7.7
10,3,2,3,6,5,9,0,2,1,0,5,3,39.5,72166,0.196,4.8,5.4
4,1,2,3,3,10,5,0,2,1,1,8,2,43.5,49783,0.007,15.1,3.9
11,4,2,1,6,11,10,100,3,7,0,7,1,40.8,61578,0.336,10.7,7.8
3,3,2,3,3,10,7,100,3,2,0,9,4,37.1,19580,0.141,6.3,6.9
10,1,2,2,12,12,4,0,1,1,1,5,1,55.3,102169,0.041,18,5.1
5,2,2,3,6,5,5,0,5,1,0,14,1,47.4,124541,0.065,10.1,6.1
7,5,2,2,11,11,1,100,2,1,1,6,5,47.4,216932,0.015,17.3,4.9
1,3,2,3,8,6,8,100,3,3,0,10,3,33.3,25401,0.022,2.5,7
1,4,2,2,11,11,1,50,1,2,0,5,1,51.6,83370,0.008,8.2,4.9
5,4,2,3,2,2,1,0,1,2,0,8,0,40.7,131449,0.179,4.7,7.8
3,4,2,3,11,11,1,0,3,1,0,5,1,45.1,116196,0.021,13.2,6.8
10,4,2,1,2,2,1,100,2,1,0,5,2,43.1,118167,0,0.1,7.1
10,3,2,3,8,6,3,100,2,1,0,6,2,36.9,48856,0.087,0,6.5
7,2,2,3,2,2,9,100,1,1,0,6,4,43.6,176810,0.093,5.6,6.4
12,3,2,3,5,1,5,0,1,1,0,8,1,50.8,78577,0.232,11.4,6.4
3,4,2,1,2,2,5,0,2,2,0,8,1,48,92687,0.225,15.1,7.2
1,4,2,3,2,2,5,50,2,1,0,7,1,45.2,105171,0.1,7,5.6
8,5,2,3,10,9,5,100,2,1,1,4,0,39.5,179294,0.082,17.5,6.7
4,2,2,2,2,2,5,0,1,1,0,8,5,33.7,168016,0.011,9.6,8.9
4,4,2,3,2,2,4,100,2,2,0,10,2,41,85310,0.071,14.3,7.6
5,4,2,3,12,12,5,50,2,1,0,7,1,44.2,52951,0.107,9.2,7.3
9,2,2,3,1,3,5,50,2,2,0,8,1,41.7,73036,0.004,7.1,5.5
10,2,3,3,9,8,4,0,5,1,1,7,1,44.3,47220,0.03,8.5,4.3
11,2,2,1,1,3,5,0,2,2,0,8,1,45.8,52254,0.105,16.4,7
4,2,2,3,2,2,6,50,5,1,0,7,4,47.2,194414,0.137,13.1,7.2
7,4,2,1,11,11,6,100,2,1,0,10,1,34.5,108884,0.474,8.3,8.1
4,5,2,3,11,11,5,0,1,1,1,3,2,56,150702,0.105,11.9,6.5
4,5,3,3,1,3,5,0,1,1,1,3,3,50.9,70544,0.046,22.9,6.7
2,1,2,3,2,2,5,0,2,1,1,8,2,40.9,200221,0.14,16.1,6.2
6,2,2,1,1,3,3,100,1,5,0,9,2,39.6,20012,0,11.9,7.9
2,3,2,1,2,2,2,0,1,1,0,8,1,41.2,64636,0.368,4.7,7.4
11,2,2,3,9,8,6,0,2,1,0,9,1,43.5,71055,0.133,9.8,7.1
10,2,2,2,7,7,2,100,2,5,0,7,3,53.5,113539,0.024,18.8,10
1,4,2,1,12,12,10,50,1,3,0,9,1,48.2,32747,0.1,11.5,7.8
5,2,2,1,2,2,1,50,2,2,0,8,2,50.9,155171,0.21,9.9,5.6
10,3,3,1,1,3,1,50,2,1,0,8,2,42.9,27424,0.111,16.7,5.7
8,4,2,1,2,9,1,100,2,4,0,8,5,37.6,109193,0.976,2.3,8.3
8,3,2,3,1,3,8,50,2,1,0,8,1,53.2,22551,0,13.7,4.6
2,2,3,3,8,6,7,0,1,1,0,11,1,50.3,120871,0.025,16.4,7.1
4,3,2,3,11,11,2,0,1,4,0,4,2,37.6,72062,0.103,0,4.9
8,3,2,3,11,11,5,50,3,1,0,9,2,40.3,69130,0.153,4.6,9.1
5,2,2,3,2,2,4,50,4,1,0,3,4,47.7,70664,0.118,8.1,7.3
12,2,2,3,4,4,5,0,5,1,0,8,2,47.7,140254,0,15.2,7.7
10,2,2,3,2,2,5,0,1,1,0,6,2,34.4,156252,0.116,13.1,6.3
11,2,2,3,5,1,6,100,1,1,0,8,2,39.8,155576,0.051,12,8.4
9,4,2,3,11,11,1,0,1,1,0,8,1,37.5,111249,0.053,14.7,6
1,3,2,3,2,2,7,0,3,1,0,8,2,43.4,49241,0.177,0,6.8
1,4,2,3,1,3,5,0,1,1,0,7,1,50.1,23009,0.078,7.5,4.9
3,1,2,2,5,1,6,0,2,1,1,5,2,48.1,175965,0.041,12.1,6.5
9,4,2,3,5,1,5,0,1,1,0,5,2,41.6,127755,0.084,13.7,5.3
10,2,2,1,2,2,1,100,3,2,0,6,0,40.9,125750,0.222,12.7,9.6
12,2,2,2,1,6,1,100,1,1,0,7,2,48.3,57974,0.024,12,8.1
11,2,2,1,2,2,7,100,4,1,0,6,2,48.8,115778,0.502,8.4,5.4
12,2,2,3,6,5,5,100,1,1,0,9,1,43.8,175100,0,19.8,7.8
1,2,2,1,2,2,5,100,3,6,0,9,2,35.3,96893,0.649,15.2,8.8
7,4,2,3,10,9,1,0,3,3,0,12,1,50.4,99980,0.254,7.9,5.6
1,3,2,2,12,12,10,0,2,1,0,10,1,40.9,40237,0.053,1.7,9
9,2,2,1,6,5,5,0,4,1,0,12,2,54,103887,0,10.8,9.2
10,2,2,1,10,9,6,50,1,1,0,9,2,37,69698,0.191,10.3,8.9
12,1,2,1,1,3,6,100,1,1,1,8,3,38.4,55412,0.854,21.1,7.4
4,2,2,3,7,7,4,0,1,2,0,7,0,42.5,62027,0.17,15.7,7.3
4,2,2,3,9,8,5,100,2,1,0,12,5,43.1,78163,0,16.5,7.3
6,2,3,3,6,5,1,50,3,1,0,10,3,43.3,76992,0.02,15.4,5.8
4,4,2,3,6,5,5,50,5,1,0,4,2,46,99746,0.153,6.3,8.3
11,2,2,2,10,9,5,0,2,1,1,6,3,36.3,155775,0.011,6.4,8.3
11,2,2,1,2,2,10,50,5,4,0,7,1,45.4,191700,0.208,15.3,7.6
10,2,1,1,2,2,7,0,2,1,0,5,1,46.1,69302,0.58,20.6,5.7
12,4,2,3,7,2,7,0,1,4,0,8,0,39.8,73640,0,9.1,7
8,2,2,3,12,12,2,50,2,4,0,8,2,44.7,77396,0.096,7.6,7.8
4,2,2,3,1,3,5,50,2,1,0,7,3,48.5,37643,0.134,12.5,6
9,4,3,2,6,5,8,0,2,1,0,6,3,35.6,100059,0,16.5,5.4
1,4,3,3,2,2,1,50,2,1,0,6,3,34.2,75003,0.156,7.3,7.5
11,3,2,3,8,6,1,50,2,1,0,5,0,39.3,53128,0.137,7.6,8.6
1,3,2,1,3,10,1,50,2,7,0,10,0,39,27938,0.509,4.5,6.1
1,1,2,3,2,2,6,0,1,1,1,5,0,44.5,143167,0.142,19.9,6.6
2,2,2,2,1,3,4,0,1,1,0,7,2,43,41539,0.054,1.4,7.8
10,4,2,1,2,2,5,50,2,2,0,6,3,49.1,141073,0.754,4.1,6.4
7,3,2,2,1,3,5,0,1,1,0,4,0,34.2,32361,0,3.3,4.1
12,3,1,1,2,2,5,0,1,3,1,8,1,38.8,49623,0.625,2.5,7.8
1,3,2,2,1,3,7,100,2,2,1,6,3,26.5,19614,0.027,5.7,6.4
11,2,2,1,2,2,8,50,1,1,0,9,4,48.4,154058,0.522,17.9,6.8
10,3,2,3,2,2,8,100,1,1,0,12,2,45,80687,0,3.8,6.8
2,3,2,3,2,2,8,100,2,1,0,7,2,40.2,88403,0.192,2.7,5.6
9,2,2,3,10,9,10,0,2,1,0,8,1,49.6,135090,0.072,13.8,4.1
9,1,4,3,2,2,8,50,5,1,1,9,4,49.5,176500,0.083,6.2,7
10,1,2,2,6,5,1,0,2,2,1,2,3,40.2,223658,0.058,14.5,6.7
10,5,2,2,2,2,1,0,2,1,1,9,3,49.7,320354,0,21.9,8
2,2,2,3,7,7,9,50,3,1,0,5,1,48.1,109281,0.132,9.1,6.1
4,2,2,1,6,7,9,0,1,1,0,6,2,42.2,121197,0.559,6,4.6
8,1,2,3,6,5,5,0,2,1,1,9,1,48.5,145128,0.009,18.2,7.5
11,1,2,3,1,5,5,100,5,1,1,4,2,57,92377,0.099,19.5,8.7
11,3,2,3,2,2,2,100,2,2,0,9,1,46.1,67979,0.06,0,9.8
5,2,2,3,2,2,5,100,1,1,0,7,2,49.9,138666,0.185,16.4,8.3
6,2,2,2,2,2,8,0,1,2,0,6,5,43.5,100415,0.038,13.7,6.6
3,1,2,3,3,3,1,100,2,2,1,9,3,56.8,83582,0.042,15.6,8.1
11,4,2,2,2,2,6,0,1,1,1,12,3,49.3,152306,0,12.6,5.6
10,2,2,1,1,3,5,0,1,3,0,10,2,52.5,29873,0.926,10.3,4.1
8,1,3,2,2,6,2,50,1,1,1,5,3,38.9,201912,0,10.4,5.2
6,3,2,3,1,3,7,50,1,1,0,8,1,32,13930,0.078,8.3,6.1
10,4,2,1,2,2,7,100,2,1,0,7,0,34.1,95661,0.23,10.1,8.2
4,4,2,3,2,2,7,50,3,3,0,10,1,43.2,135753,0.049,5.6,8.9
6,1,2,2,10,9,8,50,1,1,1,8,1,41,72482,0.032,6.6,7.2
11,1,2,3,4,4,2,50,2,1,1,10,1,50.4,110894,0.206,14.5,6.9
4,4,2,3,2,2,10,0,1,6,0,13,2,50.6,125991,0.105,6.7,7
4,1,2,3,1,3,7,50,2,1,1,6,2,48.3,59230,0.235,19.1,6.7
2,1,2,3,2,2,5,100,2,6,1,12,4,49.4,267056,0,16.4,7.7
12,4,2,2,2,2,2,0,1,1,0,7,1,37.5,95972,0,14.4,8.6
10,1,2,3,1,3,6,100,1,1,1,8,2,44.4,46299,0.045,13.1,5.3
3,3,2,2,5,1,1,0,2,1,0,8,1,50.4,76077,0.001,4,7.2
9,4,2,3,3,10,9,0,2,2,0,9,1,35.2,39205,0.181,10.7,5.7
9,2,2,3,1,3,5,0,1,4,0,9,3,40.6,63503,0.015,13.8,4.6
12,3,2,1,2,2,4,0,2,1,0,9,1,41.6,46278,0.273,2.3,6.5
9,4,2,3,2,2,1,50,2,1,1,8,3,38.7,165698,0,10.1,7.3
12,2,2,1,3,10,5,100,1,1,0,9,2,38.4,42163,0.274,11.3,8.5
9,3,2,1,2,2,1,50,1,6,0,5,0,45.5,132295,0.601,14.6,8
4,2,1,1,6,5,1,0,2,6,0,7,2,41.5,66253,0.997,10.9,6.9
10,1,2,3,5,1,1,50,2,1,1,6,2,40.2,182495,0.058,13.2,6.4
10,1,2,1,3,10,2,0,1,1,1,10,3,39.2,42378,0.39,8.9,8.1
11,2,2,3,10,9,2,0,2,1,0,8,2,49.9,104545,0.069,20.4,6.3
10,2,2,3,6,5,5,50,5,2,0,7,1,47.4,129685,0.004,16.7,6.5
9,2,2,1,1,3,5,0,1,1,1,7,1,38.7,39061,0.387,10.3,5.5
1,3,2,2,11,11,3,50,2,1,0,6,0,31.4,46284,0,8.9,7.2
9,2,2,3,1,3,9,50,4,1,0,10,1,31.6,39689,0.129,13.7,5.7
4,1,2,3,1,3,5,100,1,1,1,7,1,48,57689,0,13.8,6.3
10,1,2,3,11,11,5,0,2,7,1,10,1,51.8,187867,0.097,14.2,6.5
4,2,2,2,2,2,1,100,1,1,1,11,2,40.1,218694,0.088,11.5,6.3
10,2,2,3,8,6,5,0,1,2,1,6,1,44.1,103934,0,5.9,6.6
1,2,2,3,1,3,8,100,2,6,0,9,1,48.3,32529,0.196,10.5,5
10,4,3,1,2,2,6,50,4,1,0,5,3,48,75888,0.329,10.8,5.6
7,4,2,3,6,5,2,50,2,1,0,9,0,29,65970,0.116,10.7,8.2
3,4,2,2,3,10,5,0,5,6,0,7,3,51,51574,0.017,17,5.8
11,4,2,3,2,2,1,0,2,1,0,9,3,49.2,145425,0,12.4,7.2
10,4,2,3,10,9,5,50,1,1,0,10,3,38.6,82501,0.086,6.7,6.2
10,4,2,3,1,3,5,50,2,3,0,9,5,36.2,42734,0,0,9.3
11,3,2,3,8,2,5,50,3,6,0,8,1,39.9,101216,0.151,7.8,8
4,4,2,3,2,2,1,0,2,1,0,7,1,40.3,131262,0.008,9.9,5.8
4,2,2,2,7,7,5,50,1,1,0,10,2,43.2,126055,0.017,17.4,8.1
1,4,2,1,2,11,5,50,2,1,0,7,1,47.5,86640,0.671,5,5
5,3,2,2,1,3,1,0,2,6,1,8,0,48.3,37269,0.029,9.3,7
8,1,2,3,6,5,6,0,1,4,1,8,3,34.4,116254,0.162,15.2,7.8
4,2,2,1,2,2,4,0,2,1,0,9,4,39.6,122809,0.191,11.8,8.1
4,2,2,3,2,2,1,100,1,1,0,6,0,54.8,132822,0.22,5.9,4.4
4,3,2,2,1,3,6,0,4,1,0,12,1,49.9,23391,0.023,6.2,4.6
1,2,2,2,8,2,5,100,1,1,0,6,2,47.7,107505,0.003,13.1,5.5
4,2,2,3,2,2,5,50,5,2,0,4,1,42.5,182981,0.027,19.4,6
9,4,3,3,8,6,8,100,5,4,0,7,2,36.1,89186,0.1,2.4,8.4
10,2,3,3,2,2,1,100,3,2,0,10,2,46.2,183973,0,13.1,6.1
9,4,2,2,10,9,2,100,3,1,0,5,4,41,87762,0.032,11.2,6.5
10,2,2,3,2,2,9,50,5,1,0,10,1,44.6,133638,0.045,15.3,5.8
11,4,2,3,1,3,7,50,3,1,0,11,0,43.9,40079,0.054,9.5,5
5,4,2,1,6,5,3,50,1,5,0,4,1,44.6,57515,0.346,5.3,5.1
4,4,3,2,2,2,8,0,1,1,0,7,1,43.7,145269,0.033,12.7,6.1
6,4,2,1,2,2,5,100,3,1,0,12,0,36.6,75314,0,11.1,6.9
5,4,2,3,2,6,5,0,1,1,0,12,0,40.4,121347,0.051,6.4,9.4
2,4,2,2,9,8,2,0,2,1,0,10,0,40,61557,0.022,8.6,7.3
4,2,2,3,10,9,1,0,1,1,0,5,3,44.1,133318,0,9.5,6.3
10,2,2,3,2,2,5,0,5,1,0,8,1,52,152435,0.132,11.9,5
11,2,2,1,5,1,1,0,5,1,0,15,1,52.4,172451,0.402,12.2,6.5
1,4,2,2,1,3,5,100,2,1,0,12,0,43.8,42843,0,14.3,4.5
6,1,2,3,10,9,2,100,1,1,1,6,3,54.4,84888,0.111,11.9,6.5
6,4,2,2,2,2,7,50,1,1,1,7,1,42.4,105791,0,10.3,6.8
3,2,2,3,1,3,5,50,1,6,0,7,2,46.2,39286,0.272,20.6,6
12,4,2,2,5,1,5,0,1,3,0,4,2,39.9,122775,0.03,14.2,7.9
12,3,2,1,2,2,8,50,1,2,0,9,0,42,59396,0.766,3.5,6.5
4,4,2,3,1,3,5,0,2,2,0,11,2,54.5,41908,0.127,7.8,3.3
1,2,4,2,1,3,1,0,1,2,0,8,2,48.9,30395,0.051,7.3,6.3
3,5,2,3,2,5,3,100,3,1,1,8,3,44.6,185446,0.041,20.6,7
3,1,2,3,2,2,5,0,3,1,1,8,0,52.7,255473,0.113,11.3,6.2
12,2,2,1,7,7,8,0,1,2,0,9,0,42.8,88972,0.472,9.2,3.4
12,5,2,2,11,11,5,0,2,2,1,4,0,51.2,265216,0.031,11.2,7.1
10,2,2,3,11,11,2,100,2,1,0,7,0,41.2,96987,0.124,8.6,7.9
8,3,2,1,7,7,5,0,1,1,0,8,2,53.5,39940,0.197,0,4.3
1,4,2,3,5,1,2,0,1,4,0,6,1,45.2,77885,0.099,13,7.1
1,2,3,1,1,3,7,50,2,1,0,7,1,51.4,27960,0.43,9.9,7.5
10,4,2,3,2,2,7,0,4,1,0,8,0,53.1,97157,0.14,8.7,5.3
3,2,2,3,5,1,6,50,5,1,0,8,0,46.5,166025,0.053,18.2,6.6
8,4,2,2,10,9,5,100,1,1,0,8,1,51.7,93867,0,9.6,6.2
2,4,2,3,2,2,8,50,1,1,0,7,2,32.4,123795,0,17,6.5
3,4,2,1,2,2,2,0,2,1,0,7,2,51.4,109500,0.447,10.4,5.4
6,3,2,2,11,11,6,50,2,1,0,11,1,40.1,59517,0.011,7.2,6.9
8,3,2,3,1,3,2,0,1,1,0,8,0,43.2,20873,0,5.9,7.2
11,4,2,3,3,10,1,100,1,1,0,12,1,47.1,53257,0.136,7.4,4
5,5,2,3,2,2,7,50,1,1,1,7,1,43.1,223988,0,22.5,6.2
7,1,2,3,2,2,1,0,4,1,1,10,6,44.3,262073,0,10.8,4.8
10,2,2,1,2,2,5,50,2,1,0,7,2,41.8,138339,0.033,13.5,6.8
11,2,2,2,1,3,5,50,3,1,0,11,1,48.2,49675,0,2.3,5.4
12,2,2,2,2,2,3,0,2,1,0,12,2,38.2,143602,0,14.5,6.5
11,2,2,2,2,2,1,50,2,1,0,4,2,38.9,218953,0.059,24,8.8
4,4,2,1,2,2,7,50,1,1,0,3,2,48.6,95144,0.19,11.4,7.8
1,1,3,2,2,2,2,0,2,1,1,11,1,46.3,166982,0.003,12.4,7.2
6,2,2,3,8,6,5,100,2,2,0,8,4,38.9,100490,0.165,13.5,7.5
6,2,1,3,1,1,5,100,2,6,0,5,2,45.2,17798,0.06,14.4,7.3
10,4,2,1,2,2,6,50,1,5,0,7,1,46.8,90519,0,1.9,4.7
5,4,2,3,11,11,5,0,2,1,0,7,3,44.4,85608,0.252,18.9,8.5
12,1,3,2,7,6,1,100,1,1,1,5,3,47.8,154441,0,17.5,6.7
3,1,2,1,2,2,5,0,1,3,1,11,1,45.6,209447,0.092,16.3,5.1
4,1,2,3,3,10,7,50,2,4,1,6,2,49.9,60842,0.159,18.3,3.6
4,2,2,3,2,2,1,50,4,1,0,12,2,45.3,152335,0.079,15.6,8.1
12,3,3,3,2,2,2,100,1,1,0,5,0,46.2,65610,0.108,7.2,7.5
3,2,2,2,2,2,2,50,1,1,0,9,2,42.5,209157,0.068,16.2,8
2,4,2,1,2,2,6,50,3,1,0,6,3,41.7,160590,0,6.7,7.4
12,1,2,3,2,2,7,100,4,1,1,7,1,49.2,211829,0.074,12,8.3
7,1,2,1,2,2,6,0,2,7,1,10,2,45.6,179523,0.232,9.2,6.1
12,2,4,1,7,7,6,0,1,1,0,7,3,45.7,69491,0,14.9,6.5
10,2,2,2,1,2,10,100,2,1,0,9,2,45.7,35713,0,13.9,9.1
1,3,2,3,8,2,5,100,1,1,0,10,2,47.5,44912,0.124,12,4.3
11,4,2,3,1,3,6,0,2,1,0,9,1,40.3,47212,0.196,9.7,7.2
10,1,2,3,2,2,10,0,3,2,1,7,5,56.9,171775,0.146,20.9,6.2
3,2,2,3,1,3,2,100,2,1,0,4,3,39.9,49948,0.011,17.5,6.4
4,2,2,3,12,12,7,50,2,1,0,4,1,51.5,83837,0.241,13.9,9.8
1,3,2,1,2,2,6,50,1,5,1,4,0,41,63152,0.42,1.1,7.6
10,3,3,3,2,2,5,50,2,2,0,13,0,41.1,87333,0.088,6.2,6.3
10,2,2,3,1,3,5,50,2,2,0,8,2,43.3,49692,0.089,8.4,6
1,2,2,2,6,5,5,100,5,2,0,7,1,39.6,122736,0.015,12,8.2
8,4,2,3,8,6,5,50,1,1,0,9,1,44.9,91630,0.106,6.6,6.6
4,4,3,3,10,9,5,0,1,4,0,6,2,44.4,71207,0.142,16.5,6.8
8,2,2,2,6,5,5,0,1,1,0,8,2,51.7,115039,0.006,14.5,8
10,3,3,2,5,1,2,100,1,2,0,5,2,40,73393,0.067,10,5.8
11,4,3,2,8,6,9,0,4,4,0,6,2,44.9,78672,0.033,9.1,5.5
3,4,3,3,3,10,6,0,5,1,0,9,1,38.8,38852,0.137,10.4,8.7
2,4,2,2,11,11,1,100,1,2,0,6,1,44.3,226798,0.038,8.6,7.6
9,3,4,1,6,2,5,50,2,4,0,9,0,42.7,82804,0,1.2,7.3
4,2,2,3,1,3,8,0,1,1,0,8,2,49.6,52349,0.024,12.1,6
2,4,3,3,2,2,2,0,2,1,0,6,0,52,116508,0,9.1,5
1,4,2,3,2,10,5,0,1,5,0,8,2,49.2,73801,0.124,9.4,6.9
5,3,2,3,2,2,5,50,2,1,0,11,0,47.5,135075,0.193,3.4,7.4
11,2,2,2,6,5,5,0,2,1,0,8,2,50.6,131266,0.05,9.4,6.4
10,4,4,3,2,2,5,100,1,2,0,6,3,42.9,100513,0.099,7,7.1
4,4,2,3,6,5,3,100,1,1,0,7,0,46.1,57091,0.128,9.5,7
10,5,2,3,6,5,1,0,2,1,1,13,4,58.6,175954,0.173,23.7,4.4
5,3,2,1,3,10,3,0,2,1,0,2,2,46.3,18368,0.394,4.3,3
4,1,2,2,2,2,5,0,1,2,1,6,2,51.8,193950,0.041,12.4,6.2
3,4,2,1,2,2,3,0,1,2,0,4,2,34.2,135234,0.607,11.8,9.2
11,2,2,3,2,2,5,0,3,1,0,11,2,49.7,179416,0.168,10.6,5.5
4,1,2,1,1,3,1,0,1,1,1,5,2,42.1,51079,0.528,15.1,5.1
7,4,2,3,8,10,7,0,2,6,0,8,2,44,85295,0.079,10.9,7.5
5,2,2,2,12,12,5,0,1,4,0,11,4,48.3,80240,0,16.7,5.7
2,3,2,1,1,2,8,50,2,1,0,8,1,42.8,19748,0.451,17.2,6.2
1,5,2,2,2,2,2,50,5,3,1,8,3,39.4,205386,0.003,6.3,8
4,3,2,1,1,3,5,100,3,1,0,9,2,51.4,20021,0.346,0,5
4,1,2,1,2,2,5,100,2,1,1,10,3,52.1,152394,0.472,13.2,5.7
12,4,2,2,2,2,6,0,1,2,0,7,2,47.8,125753,0.051,10.1,4.3
10,2,2,3,2,2,4,0,1,1,0,7,0,45.6,129443,0.098,10.3,7.7
10,2,2,1,2,2,5,50,1,4,0,6,2,43.1,136852,0.271,12.6,8.4
5,2,2,3,2,2,3,0,1,2,0,5,3,28.4,94547,0.144,15.9,10
4,2,2,3,8,6,5,0,2,1,0,7,1,40.9,122640,0.082,12,7.4
4,4,2,1,2,2,6,50,2,1,0,12,1,50.2,95817,0.119,9.8,8
10,2,2,3,2,2,1,0,2,1,0,11,4,48.1,145060,0.136,9.4,7.2
10,4,2,3,8,6,7,0,5,1,0,11,1,37.9,77644,0.154,13.5,7.5
3,3,2,2,3,2,5,100,3,6,0,10,0,27.8,26609,0.025,7,6.9
3,4,2,3,2,2,9,0,1,1,0,11,1,51.7,119609,0.088,5.8,4.6
7,4,2,1,9,6,7,100,3,1,0,9,2,42.2,58569,0.384,13.2,6.4
2,5,2,2,8,6,8,0,2,5,1,10,2,53,171764,0,15.8,5.2
1,4,2,2,6,5,5,50,1,1,0,4,1,42.7,83136,0.063,5.7,8
12,3,2,3,11,11,2,0,5,1,0,15,2,44.3,89371,0,2.3,7.4
10,1,3,3,10,9,2,50,2,1,1,11,1,50.1,125315,0.025,22.5,7.9
5,4,3,1,10,9,1,0,1,1,0,6,2,40.6,64267,0.887,8,5.1
4,3,2,1,2,2,1,50,1,1,0,6,2,46.9,72317,0.404,9.5,6.3
2,4,2,2,2,2,1,0,5,1,0,12,1,45.9,194500,0,13.7,8.3
7,5,2,3,2,2,5,0,4,5,1,5,3,47.6,217720,0.206,13.2,5.5
7,3,2,1,4,4,5,50,4,7,1,9,1,30.7,52832,0.364,1.7,8
11,4,2,3,9,8,5,0,2,3,0,9,1,41.3,64664,0.096,3.2,7.2
10,1,3,1,12,12,8,50,1,4,1,8,3,46.9,77425,0.075,17.5,7.4
10,5,2,3,11,11,1,0,4,1,1,6,3,37.9,182912,0.079,21.2,5.2
1,5,4,3,6,5,1,0,1,2,1,12,4,52.7,101230,0.032,22.5,6.4
10,3,2,3,6,5,6,100,2,1,0,12,1,36.4,56829,0.038,6.2,6.4
4,3,2,2,1,3,4,100,2,1,0,12,2,38.8,25486,0.004,8.3,5.2
6,1,4,3,11,11,5,50,1,1,1,14,4,45,79438,0.046,18.4,5.3
4,2,3,2,6,5,7,0,1,2,0,10,4,43.2,138378,0.04,12.1,5.5
4,4,2,3,2,2,9,0,3,4,0,11,1,37,86040,0.139,7.4,6.1
9,4,2,2,1,3,6,0,5,1,0,6,1,46.8,46807,0.025,9.9,5.4
5,3,2,3,2,11,9,0,3,1,0,8,1,42.4,67481,0.057,9.4,6.1
4,2,2,3,4,2,8,100,4,1,0,12,4,39.6,102078,0.121,18,8.9
3,4,2,2,2,12,2,0,1,6,0,8,2,40.6,113108,0.014,18.6,6.6
11,1,2,3,11,11,6,0,1,1,1,8,2,51,120016,0.262,13.4,5.9
12,4,2,2,8,6,2,0,2,1,0,11,2,44.2,93427,0.05,11.1,5.2
10,2,2,2,2,2,5,0,2,1,0,11,1,52.3,214541,0.022,15.3,5
5,4,2,3,8,6,5,0,1,1,0,7,3,48.5,53841,0.134,0.2,4.4
10,4,2,1,2,2,7,0,5,1,0,5,1,41.6,103587,0.758,6.8,5.6
11,4,2,3,6,5,7,100,1,2,0,11,0,41.4,115150,0.074,7.7,6
8,4,2,3,7,7,7,0,1,1,0,7,1,40.8,68006,0.097,10.9,7.3
1,1,3,3,7,7,1,100,1,4,1,9,5,62.7,90882,0.013,23.8,7
5,5,2,3,7,7,5,50,2,1,1,10,4,46.1,114163,0.05,17.8,6.5
4,4,2,3,2,2,8,0,1,2,0,8,3,46.3,105647,0.099,11.9,7
1,2,2,3,2,2,5,50,2,1,0,9,0,43.5,111857,0.144,15.5,10
3,2,4,1,6,5,5,100,1,1,0,8,2,47.2,76073,0.628,3.8,8.4
1,3,3,3,1,11,1,100,5,4,0,11,1,41.3,23694,0.124,2.4,6.6
3,2,2,3,12,12,2,100,5,2,0,9,2,53.1,114008,0,12.1,8.1
11,1,2,1,10,9,5,100,2,1,1,6,4,39.2,138009,0.215,17.7,9
5,2,2,3,11,12,5,100,2,1,0,13,1,34.6,133894,0.048,15.1,7.1
9,2,2,1,1,3,1,50,2,1,0,9,1,50.3,61924,0.682,13,3.6
6,2,2,3,1,3,8,0,5,2,0,11,2,46.4,36829,0.1,11.4,4.8
3,4,4,2,1,3,1,0,2,1,0,4,1,36.2,52059,0.01,12,7.2
8,4,2,1,6,5,9,0,1,1,0,8,0,38.7,73582,0.391,19.3,7
6,2,1,2,1,3,5,0,2,2,0,8,3,42,24342,0.004,13.4,5.3
3,2,4,3,9,8,5,50,1,1,0,6,5,38.5,101235,0,16.9,8.6
10,2,2,2,12,12,9,0,2,2,0,6,0,41.7,61804,0.043,13.3,4.6
4,3,2,2,6,2,1,100,2,2,0,7,1,51.3,87003,0.003,8.3,6.4
5,1,2,3,2,2,3,0,1,1,1,4,2,38.8,111898,0.065,13.9,7.1
11,3,2,3,1,3,6,0,2,1,0,7,1,41.6,27140,0.101,8.1,5.1
1,3,2,2,1,7,1,100,2,1,0,4,0,39,18422,0.032,8.1,6.3
6,2,2,1,2,2,5,0,3,3,0,9,2,47.1,101608,0.242,12.1,7.1
2,2,2,3,3,10,2,0,1,1,0,11,3,47,45630,0.094,14.2,4
10,4,4,3,2,6,5,100,2,2,0,9,3,42.3,102364,0.179,9.6,7.7
9,3,2,1,12,12,3,0,5,2,0,9,2,51.3,35664,0.739,11.6,4.1
3,4,2,1,8,6,1,0,1,2,0,13,2,36.7,87814,0.567,11.7,7.9
4,1,2,1,2,2,8,0,1,4,1,7,1,49.7,130268,0.468,16.8,6.7
3,3,1,2,1,3,1,50,1,3,0,6,0,52.7,25562,0.046,10,5.5
11,4,3,3,1,3,5,100,3,1,0,6,2,38.7,34992,0.01,10.7,6
7,4,2,1,1,3,2,50,2,1,0,9,1,39.6,25541,0.79,14.7,6
12,3,2,3,12,12,2,50,1,1,0,11,2,42.4,41022,0.056,5.9,6
1,2,2,3,1,3,6,100,2,4,1,10,0,46.5,39118,0.137,8.8,5.6
3,4,2,1,3,10,5,0,5,1,0,8,2,45.8,57940,0.491,6.7,5.4
10,2,2,3,2,2,10,0,5,1,0,9,3,53.6,181167,0.045,11.6,5.5
4,4,2,1,8,6,6,100,1,1,0,5,0,46.5,74921,0.137,13.9,6.4
9,2,2,1,2,2,3,0,5,4,0,11,2,39.1,118175,0.129,16.5,6.9
4,2,2,3,7,7,6,0,1,1,0,6,2,40.1,81197,0.012,8.3,6.3
9,3,2,3,2,2,6,100,1,6,0,6,2,45.1,140148,0.041,12.4,8.5
4,2,2,2,11,2,2,50,2,1,0,11,4,38.8,119622,0.079,10.7,7.7
11,1,4,2,7,3,5,100,2,1,1,7,2,47.3,211810,0.004,13.5,7.5
10,3,2,3,2,2,4,50,2,1,0,12,1,32.5,97168,0.038,4.9,9.1
10,4,2,2,1,3,5,50,1,1,0,6,6,42.4,34899,0,6.3,7.3
4,3,3,3,10,9,6,100,5,1,0,9,3,46.7,63263,0.249,6.5,8.1
8,3,3,3,5,1,1,100,1,1,0,15,3,32.7,75583,0.012,1,8
12,4,2,2,6,5,9,100,2,2,0,14,2,45,80969,0.027,9.3,9.6
1,4,2,3,2,2,5,100,1,4,0,9,3,39.9,75936,0,10.9,7.7
4,4,2,2,10,3,5,100,3,1,0,3,0,48.3,111721,0.019,8.2,9.8
10,3,2,2,6,5,9,50,2,1,0,4,0,45.6,60876,0.008,1.4,4.9
2,2,2,1,1,3,7,100,1,2,0,5,6,51.4,40620,0.511,11.4,7.3
8,4,2,1,11,11,1,50,2,1,0,11,1,39.6,103179,0.421,12.8,6.3
2,2,2,1,8,6,1,0,1,3,0,12,5,59.7,126812,0,14.1,5.6
5,4,2,2,11,11,5,100,2,1,0,10,1,42.2,98833,0.047,8.7,9
4,4,2,1,2,2,10,0,5,2,0,5,0,45,105575,0.679,11.8,7.8
5,3,2,1,12,2,5,100,1,7,0,4,1,36.4,32241,0.212,8.4,5.9
3,4,2,1,6,5,5,0,4,1,0,13,1,33,101083,0.744,13,6.1
12,4,1,2,2,2,6,0,2,1,0,5,3,44.3,82689,0.001,7.5,3.9
1,4,2,2,8,6,2,100,1,1,0,7,3,47.5,54952,0.038,9.3,8.5
12,2,2,1,2,2,8,100,2,1,0,7,0,43.9,144992,0.754,15.4,8
1,3,1,3,7,7,5,100,5,1,1,9,1,43.5,27362,0.079,3.4,7.1
4,2,2,3,2,2,5,100,1,1,0,9,1,48.3,128037,0.174,13.4,4.7
4,3,2,3,8,6,1,0,4,1,0,4,0,40.2,47041,0.183,5.8,4.6
3,4,2,3,2,2,5,100,1,1,0,6,2,42.3,95782,0.106,3.4,5.7
1,4,2,1,1,3,2,50,5,1,0,8,2,33.9,21179,0,14.8,7
11,4,2,1,1,3,5,100,1,1,0,11,0,39.7,38255,0.856,13.6,7.9
2,3,2,3,2,2,1,100,2,1,0,8,2,36.6,109615,0.081,0.9,7.6
1,2,2,2,5,1,8,50,2,1,0,4,1,40.8,96692,0.045,13.6,6.2
5,3,2,3,3,10,2,0,2,1,0,8,1,36.8,21280,0,10,7.9
2,2,1,2,1,3,4,50,1,2,0,9,1,48.1,24486,0,11.5,7
7,4,3,3,8,6,3,50,2,1,0,9,1,58.8,82105,0.176,10.6,6
6,3,2,1,11,11,8,0,5,1,0,8,2,41.6,28789,0.473,9.9,6.2
8,3,2,3,9,8,1,50,2,1,0,9,2,54.6,50897,0,0.4,6.2
8,4,2,3,1,3,7,50,3,1,1,5,0,48.1,40847,0,2.9,3.8
6,2,2,1,6,5,5,0,4,4,0,6,2,44.1,59795,0.339,7.7,4.6
7,4,4,1,8,6,7,50,3,4,0,6,1,36.8,61220,0.272,6.5,7.2
7,4,2,1,2,2,5,0,4,1,0,8,2,46.6,69223,0.88,9.4,7.1
4,2,2,3,6,5,10,0,1,4,1,8,1,45.1,111566,0.042,17.4,7.5
10,3,2,2,2,2,5,0,1,1,0,10,2,45,115412,0.04,0.6,6
8,1,3,3,10,9,10,50,1,1,1,11,1,43.6,127130,0.167,19.7,7.4
4,3,2,1,1,3,9,0,3,1,0,7,1,38.4,23104,0.737,7.5,8.7
6,2,2,3,12,12,7,0,1,7,0,6,2,36,60774,0.149,6.4,7.1
7,2,2,2,2,2,10,50,2,2,0,11,2,28.4,161204,0.053,14.4,6
11,4,2,3,11,11,6,0,3,3,0,7,0,44.3,77009,0.243,11.9,5.3
4,2,2,2,6,5,2,100,5,1,0,8,2,45.9,118353,0.027,17.6,9.2
2,2,2,1,5,1,10,100,4,1,0,4,1,44.3,102691,0.575,18.9,8.3
9,2,2,3,2,2,10,0,2,2,0,9,1,38.2,205571,0,5.3,5.7
1,4,2,2,5,1,5,0,1,1,0,8,1,43.8,96927,0.08,8,5.3
6,2,2,2,2,2,5,50,2,2,0,5,1,42.8,155732,0.053,12.7,7.1
12,2,2,1,11,11,2,50,5,3,1,13,0,42.5,89164,0.3,12.6,7.3
8,3,2,1,5,2,8,0,2,2,0,6,3,42,61656,0.051,15.7,7.3
4,3,2,1,2,2,9,0,2,1,0,5,1,45.8,65266,0.333,5.4,5.6
8,3,2,1,2,2,7,100,2,1,0,9,3,44.7,88867,0.149,6,8.9
1,2,2,3,3,10,2,50,2,2,0,5,0,46.5,38799,0.161,13.5,5.8
12,1,2,1,10,9,1,50,1,1,1,11,4,43.1,127942,0.124,12.2,7.4
8,4,2,3,5,1,1,100,1,1,0,5,0,45.1,138091,0.127,13.6,7.8
11,2,2,3,9,8,5,100,5,1,0,8,1,41,107837,0,10.2,4.7
1,4,2,3,2,2,1,0,2,1,0,8,2,42.2,99836,0.249,9.6,3
7,2,1,1,1,3,6,100,2,6,0,5,3,51.5,27514,0.489,17.5,6.3
11,2,3,3,2,2,5,50,3,1,0,13,3,38.8,146746,0.043,8.7,7.2
1,2,2,1,2,2,8,0,1,1,0,13,2,42.4,79465,0.125,10,5.9
8,2,2,1,5,1,1,0,5,1,0,5,1,47,129452,0.107,8.3,6.6
9,3,2,3,1,3,10,0,1,1,0,11,4,46,25946,0.045,0,6.3
8,4,3,1,7,7,1,100,5,1,0,6,2,43.7,65702,0.385,4.9,4.5
2,1,2,2,6,5,5,0,2,1,1,7,0,38.4,242706,0.053,21.1,7
1,4,2,1,6,5,6,0,2,1,0,9,3,55,61830,0,10.8,9.4
11,1,2,3,12,12,7,100,1,4,1,8,4,44.5,131604,0.165,23.1,5.9
3,4,2,2,4,4,7,50,2,2,0,9,2,48,66800,0.036,8.2,6.4
3,2,2,2,11,11,8,100,2,1,0,5,3,42.1,160835,0,10.4,7.6
10,2,2,3,3,3,7,100,4,1,0,6,1,45.3,33216,0.117,9.8,8
1,4,3,2,7,7,8,0,4,1,0,9,3,44,45146,0,11.5,7.3
1,2,2,2,11,11,9,50,2,1,0,11,3,48.2,76944,0.035,8.7,7.3
10,3,2,1,8,6,5,50,2,1,0,3,1,38.4,64443,0.54,9.1,7.8
4,3,1,3,2,2,5,50,2,1,0,6,1,45.9,51506,0.264,6.6,8
3,2,3,2,2,2,1,0,1,4,0,11,2,41.4,279725,0,6,6.6
12,3,2,2,4,8,7,100,2,6,0,6,1,45.1,75953,0,0,6.5
3,4,2,3,10,9,5,100,1,1,0,8,2,38.5,81564,0,8.3,8.2
3,2,2,3,2,2,6,100,3,4,0,6,3,36.4,148432,0.106,20.1,7.1
10,1,2,1,1,3,4,0,3,1,1,9,4,46.8,29523,0.303,16.7,4
1,2,1,2,2,2,6,0,3,1,0,10,3,41,51128,0.026,19.4,7.3
4,4,3,3,1,3,6,50,1,6,0,11,2,42,30495,0.087,11.4,4.5
10,1,2,1,1,3,2,0,2,6,1,7,2,49.7,41320,0.213,18.3,5.1
1,4,2,2,2,2,6,50,5,1,0,11,3,41.6,128326,0.011,3.5,9.8
4,1,2,3,2,2,6,50,2,1,1,7,1,38.2,203398,0.137,18.3,7.4
1,4,2,1,2,2,4,0,1,1,0,3,1,52,69954,0.457,9.4,8.2
1,4,2,2,2,2,1,0,1,3,0,5,1,40.7,127813,0.041,8.1,6.8
5,2,2,1,6,5,7,100,3,1,0,9,0,47.1,68742,0.135,11.8,6.5
4,2,2,2,8,3,2,0,2,1,0,6,3,55.7,138038,0.037,11,2.5
4,2,2,1,2,2,5,0,2,1,0,2,1,40.5,157765,0.042,11.7,5.7
5,3,3,3,2,2,7,50,1,3,0,8,3,46.5,78517,0.098,14.7,4.2
5,3,2,2,8,6,10,0,5,2,0,4,2,52.4,72967,0.041,4.8,8.1
12,2,2,3,6,5,5,100,3,1,0,5,3,39.1,151539,0.061,11.7,7.6
11,3,2,1,2,2,1,0,4,1,0,3,1,49.5,93062,0.34,12,6.3
10,3,2,2,2,2,1,100,2,2,0,12,1,38.8,139333,0.045,4.6,8.2
6,4,2,3,2,2,5,0,1,1,0,9,1,49,72225,0.038,13.3,5.9
11,2,2,3,1,3,6,50,1,1,1,6,3,38.7,48007,0.019,16.7,9
8,4,2,3,11,11,6,0,2,2,0,6,3,30.2,103500,0.09,9.6,7.9
1,4,2,3,6,5,5,100,2,2,0,15,2,48.4,71075,0,12.1,5.7
10,2,2,1,6,5,5,100,2,1,0,6,4,39.3,104993,0.491,12.7,6.1
6,1,2,2,2,3,5,100,2,1,1,7,1,38.6,167102,0.029,14.5,6.5
4,1,2,3,2,2,1,100,2,1,1,6,1,40.1,208944,0.042,17.7,9.7
7,2,2,3,1,3,6,0,1,1,0,13,2,42.6,37605,0.144,7.3,3.7
5,2,4,1,1,3,9,100,1,1,0,12,3,55.2,23298,0.465,12.8,3.8
1,3,2,3,1,3,6,0,2,2,0,6,2,48.4,20880,0.08,5.1,6.2
11,4,2,1,5,1,6,100,2,2,0,6,3,48.6,88590,0.66,6.5,5.2
4,2,2,2,12,12,2,100,1,3,0,5,2,47.5,71365,0.058,17,6.1
9,3,2,1,5,1,5,0,5,2,0,8,1,44,90833,0,2.2,6.5
2,4,2,3,8,1,5,100,2,7,0,7,3,51.2,105702,0.099,3.8,5.4
12,5,2,1,2,6,9,100,5,2,1,7,4,52,248048,0.225,16.7,7.2
4,4,2,3,1,3,1,0,2,4,0,9,0,42.5,41370,0.034,13.9,6.8
10,3,2,2,6,5,1,100,1,1,0,7,2,40.4,84998,0.051,0,5
3,2,2,3,1,3,3,0,3,7,0,10,0,41.3,40602,0.097,15.1,5.5
12,4,2,3,1,4,1,100,3,1,1,5,0,40.5,51543,0.054,7.3,6.5
8,2,2,1,1,3,5,50,2,1,0,5,2,39.5,66447,0.536,7.2,5.8
4,2,3,3,9,8,7,100,1,1,0,5,1,46.8,52895,0.033,15,6.2
3,3,2,2,2,2,5,0,2,1,1,7,1,43,117644,0.08,8.7,7.3
6,3,3,1,11,11,8,50,2,1,0,4,1,38.9,35420,0.784,7.1,6.4
1,2,3,1,2,2,1,0,1,7,0,9,2,52.3,96481,0.021,11.3,6.7
12,4,2,1,6,5,7,100,1,6,0,6,3,49,59536,0,12.9,5.9
6,2,2,1,2,2,4,100,4,7,0,12,6,41.8,84814,0.285,17.8,6.1
2,1,2,1,3,11,9,100,3,1,1,6,1,39.3,66837,0.602,21.2,8.1
10,3,3,3,7,1,5,0,3,1,0,9,2,53.4,42155,0.081,9.4,6.3
2,2,2,3,6,10,5,100,2,1,0,6,2,43.3,108809,0.162,14.1,9.5
10,2,3,3,8,6,1,0,1,3,0,6,4,33.3,102834,0.13,14.5,9.9
4,2,2,3,2,2,9,50,1,1,0,9,0,39.8,169456,0.035,14.9,7.1
6,3,2,3,2,2,1,0,2,2,0,9,0,52.2,68490,0,8.8,6.1
12,4,2,3,6,5,5,0,2,1,0,7,3,45.9,95344,0,6.2,7.7
1,4,2,1,4,4,6,50,5,1,0,7,3,47.5,70517,0,9.9,9.1
12,1,2,3,2,2,1,0,2,1,1,6,4,42.5,222696,0.171,11.6,4.3
11,3,2,1,2,2,2,50,1,1,1,5,1,43.6,67620,0.416,4.4,7.8
9,3,2,1,2,2,9,50,5,4,0,6,1,43.7,91098,0.743,0.7,8
2,3,2,3,5,1,1,0,4,1,0,10,2,29.2,62726,0.184,2,5.2
9,4,2,2,5,1,5,0,1,1,0,11,1,37,105265,0.052,15.7,6.1
12,4,4,1,1,2,2,100,1,1,0,8,2,38.2,27887,0.153,7.9,4.9
10,2,2,3,5,9,3,100,1,1,0,6,0,54.4,111096,0.091,12.6,7.4
3,4,2,1,10,9,5,0,2,2,0,10,3,45.7,95073,0,6.1,5
10,4,2,3,1,3,2,100,5,1,0,8,0,39.2,47917,0.216,13.2,7.1
4,4,1,2,2,6,2,100,1,1,0,5,0,47.8,72983,0.045,6.4,5.9
4,4,2,3,2,2,1,100,4,1,0,7,1,39.7,131939,0.027,4.7,5.9
3,4,2,3,12,12,5,100,4,1,0,4,3,44.3,71642,0.078,6.2,7
4,4,4,1,6,5,5,0,2,1,0,6,1,46,66665,0.083,8.9,7.5
1,4,2,3,8,6,5,50,2,1,0,5,3,48.2,91851,0.08,12.6,5.5
6,2,2,3,2,2,6,0,4,1,0,10,3,44.6,79525,0.13,9.4,6.3
10,2,2,1,3,10,7,0,1,2,0,4,1,53.2,26838,0.15,12.9,3.2
3,2,2,3,1,3,2,100,2,1,0,5,0,50.7,50854,0,10.6,7.9
2,2,2,3,6,5,4,0,1,1,0,6,1,42.7,99206,0.049,18.1,6
1,2,1,2,1,3,3,100,2,1,0,9,4,56.6,15528,0.036,14.1,7.2
3,2,2,3,8,11,1,100,1,2,0,7,2,54.8,154558,0.154,0,6.4
4,3,2,3,1,3,2,100,5,1,0,4,2,38.8,22831,0.08,0.7,5.6
6,3,3,1,3,10,1,100,2,4,0,17,1,43.9,17701,0,0,4.6
10,2,2,2,2,2,3,0,1,1,0,7,1,49.7,125973,0.05,11.7,7.2
10,3,2,3,1,3,6,0,5,1,0,9,2,48.7,21904,0.059,7.4,5.3
3,3,2,3,7,7,9,100,3,1,0,5,3,35.5,50898,0.038,0.9,6.4
12,3,3,3,2,2,3,0,2,1,0,6,0,42.2,60781,0.041,7.4,7.4
6,2,2,1,6,5,6,50,1,1,0,9,2,55.6,71406,0.085,12.2,8.4
3,4,2,2,6,5,5,0,1,1,0,6,4,50.8,106560,0.087,15,7.8
7,3,2,3,7,3,6,100,1,6,0,7,0,39.3,69979,0.198,7.3,8.3
2,2,2,2,9,8,5,50,3,1,0,5,0,42.7,78944,0.024,14.5,8.1
7,4,2,3,1,2,3,100,2,5,0,7,4,46.6,41450,0.16,1,5.9
6,4,2,3,2,2,1,100,1,3,0,5,0,53.2,95590,0.02,11,4.8
6,2,2,3,8,6,2,0,1,4,0,13,3,48.3,76794,0.015,13,7
10,4,2,3,1,3,1,100,4,1,0,8,2,49.2,35036,0.232,5.8,8.9
6,3,2,3,11,11,5,0,2,1,0,4,0,44.6,56030,0.058,0.4,4.2
2,4,1,3,1,3,1,0,1,7,0,13,0,34.6,15187,0.062,0.2,7.1
10,4,2,3,2,2,5,0,3,1,0,9,0,41.4,75925,0.13,13.5,5.9
10,2,2,3,2,2,5,50,1,1,0,9,2,53.4,109619,0.191,12.1,9.1
10,3,2,3,5,1,1,50,3,2,0,6,1,41,69863,0,5.7,8.2
3,2,2,2,9,2,9,100,5,1,0,7,2,54.2,106316,0.011,18.7,7.1
10,3,2,3,9,8,8,0,2,1,0,6,1,38.4,36167,0.112,0,5.6
3,1,2,3,4,4,5,100,1,3,1,7,1,41.1,117142,0.021,15.4,6.8
1,4,2,3,5,1,1,100,2,1,0,8,3,42.4,91867,0.041,9.6,7
10,2,2,3,9,8,2,50,1,1,0,8,0,46.5,67894,0.067,10.7,7.3
10,2,2,3,4,4,1,50,5,1,0,3,1,42.6,125337,0.109,6.1,5.1
10,1,2,3,8,6,7,0,5,1,1,8,2,55.9,103090,0.133,20.2,6
6,4,2,3,1,3,4,100,5,1,0,9,1,50.9,18823,0.214,8.3,6.8
2,4,2,2,2,2,7,0,1,1,0,6,3,37.9,195327,0.005,9.4,5.9
2,1,3,1,1,3,7,0,2,2,1,6,2,44.2,51906,0.44,21,5.2
7,4,2,3,8,6,5,50,1,2,0,10,1,42.4,124973,0,11.8,8.2
11,3,2,1,2,2,6,50,2,2,0,11,0,40.8,83960,0.146,6.8,8.1
8,2,2,2,2,2,1,50,2,1,0,8,2,50.3,195449,0.028,6.8,7.7
2,4,2,2,10,9,7,50,1,3,0,8,2,44.1,127529,0,0.2,5.9
3,4,2,3,4,4,5,100,2,1,0,9,0,31.1,115027,0,8.3,7.1
12,4,2,3,6,5,9,100,2,1,0,7,2,51.4,75193,0.237,13.8,8.9
3,4,2,1,11,3,9,0,1,1,0,7,2,39.1,79231,0.208,7,3.6
1,2,2,2,8,10,1,100,2,1,0,11,6,54.6,110423,0.016,16.1,6.9
10,1,2,2,2,2,5,0,2,4,1,6,0,40.2,199224,0.037,20.2,9.5
8,1,2,3,12,12,9,100,5,1,1,8,1,55.5,134682,0.192,10.8,4.8
4,4,3,1,7,7,8,0,1,1,0,9,2,40.6,51188,0.683,8.8,7.4
9,2,2,1,1,3,1,0,4,1,0,6,1,54.6,38790,0.71,14.8,6.8
3,4,2,3,2,8,10,0,2,6,0,6,2,39,144676,0.197,9.5,9.7
10,4,2,3,12,12,1,0,2,4,0,13,1,39.7,72757,0.015,13.2,6.2
11,3,2,1,3,10,2,50,2,1,0,12,2,52.9,22030,0.556,9.1,6.9
10,1,2,3,2,2,4,50,5,1,1,12,2,45.7,200441,0.059,12.1,9.3
12,4,2,1,2,2,5,100,2,2,0,6,1,41.7,156223,0.421,7.7,4.9
4,4,2,2,2,2,1,50,2,1,0,9,2,45.6,197387,0.056,10.5,7.8
5,1,2,1,2,2,1,50,2,1,1,9,2,48.3,149780,0.101,22.9,7.4
10,2,2,3,6,5,5,50,1,2,0,14,2,37.5,95298,0.077,9.4,6.7
10,2,2,3,6,2,6,50,1,1,0,8,3,46.9,79074,0.145,9.1,7.2
10,1,4,2,2,2,5,50,3,1,1,7,3,42.5,152956,0.034,9.8,7.1
8,3,2,3,8,6,10,0,2,1,0,8,2,40.6,69154,0.135,6.7,6.9
1,2,2,3,3,10,1,50,1,2,0,10,4,41.7,27281,0.108,17.4,6.4
11,1,2,1,8,6,5,0,1,3,1,4,0,54.2,92885,0.664,19.6,4
4,3,1,3,4,4,2,100,3,2,0,7,4,35.2,29203,0.087,10.8,5.8
1,4,2,2,11,11,2,0,3,1,0,8,1,48.5,81801,0.054,11,5.3
1,4,2,3,6,5,4,0,1,2,0,6,5,42.2,67046,0.12,11.7,6.4
11,4,3,3,2,2,4,100,1,1,0,8,1,46.2,131056,0.092,10.3,4.8
3,4,2,2,2,2,2,0,5,1,0,11,2,38.8,145561,0.012,2.9,5.8
7,4,2,1,1,3,2,0,1,1,0,6,1,48.6,30907,0.516,9.3,3.6
9,4,2,3,2,2,10,50,2,1,0,13,0,42.3,132569,0,6.4,7.3
9,4,2,3,2,5,5,100,1,1,0,10,1,52.2,111659,0.076,4.6,6.2
10,4,2,2,1,2,9,0,2,2,1,10,1,47.2,33421,0.017,8.3,2.9
3,4,2,3,6,5,7,50,1,1,0,8,1,46.3,73166,0.087,9.3,8.6
10,3,2,3,2,2,4,0,3,2,0,7,1,31.9,56713,0.092,3.3,6.5
9,3,3,3,5,1,2,0,1,2,0,7,1,29,73695,0.094,8.5,5.4
1,2,2,2,2,12,7,100,3,1,0,8,5,45.1,126052,0.055,9.7,6.6
3,1,2,3,1,3,2,0,2,1,1,9,2,43.5,52309,0.057,13.4,5.8
1,2,2,2,4,4,6,50,2,1,0,5,1,44.3,89932,0.031,13.3,6.2
10,2,2,3,3,6,5,100,2,1,1,10,4,49.4,41454,0.123,20.1,7.6
7,3,2,1,6,2,7,50,2,1,0,3,0,38.2,52908,0.5,9.7,10
11,2,2,2,2,2,7,0,5,7,0,14,3,44.1,222646,0.026,14.8,7.3
3,5,2,3,11,11,5,50,2,1,1,7,3,34,216862,0.068,18.4,5.8
5,1,4,3,2,2,5,50,2,4,1,5,3,40.2,128077,0.089,15.6,9.3
3,3,2,1,11,11,1,0,4,1,0,9,0,39,63503,0.388,13.1,7.3
9,3,2,3,2,2,2,50,2,6,0,11,4,44,109238,0.123,3.6,5.6
9,4,4,1,1,3,8,50,1,1,0,8,5,42.1,22045,0.288,10.6,7.4
10,3,2,2,1,3,6,100,2,1,0,15,2,46.9,29084,0,7.1,7.1
3,5,2,3,1,3,5,50,1,2,1,10,2,45.8,71647,0.203,19.8,5.9
10,3,2,3,7,12,8,100,2,1,0,14,1,50.8,45681,0.178,8.4,7.2
4,4,2,3,1,3,6,0,2,1,1,15,2,40,19081,0.127,12.4,3.8
4,5,2,3,10,9,5,50,1,1,1,8,3,54.7,178659,0.08,27.8,6.5
5,1,2,1,2,2,7,0,1,1,1,9,1,38.2,113254,0.345,11.1,7
1,2,2,2,11,11,5,100,1,1,0,5,4,52.1,116688,0,15.8,6
11,4,2,3,1,3,2,0,2,2,0,9,2,42.3,36976,0.112,15.1,5.7
3,2,2,3,2,2,9,50,5,1,0,4,2,46.7,184513,0.142,10.7,9.2
9,4,2,3,1,3,2,0,5,2,0,7,3,39.4,62614,0.138,10.3,5.5
9,3,2,1,1,3,9,100,4,1,0,12,0,32.6,22656,0.201,5.8,7.9
10,2,2,1,1,3,3,0,2,1,0,10,1,44.5,28874,0.574,14,3.6
5,3,2,2,8,6,5,50,1,1,0,7,3,32.8,71793,0,5.3,7.6
10,4,2,1,2,2,2,0,2,1,0,10,2,36.8,88968,0.478,0,6.3
2,1,2,3,2,2,6,100,3,1,1,5,3,47.2,189385,0.016,17.3,7.8
10,3,2,3,2,2,6,0,1,1,0,6,2,43.6,58294,0.243,2.9,8.1
10,2,2,3,12,12,4,0,5,1,0,5,1,53.2,54134,0.109,14.8,5.9
8,4,2,2,1,3,5,0,4,2,0,8,4,40.1,38907,0.032,7.8,6.7
6,2,2,1,1,3,10,50,2,1,0,4,3,49.4,37782,0.053,14,4.8
3,4,2,2,2,2,5,50,2,2,0,12,1,32.1,175998,0.028,7.7,6.9
1,4,3,3,2,2,5,0,1,1,0,3,0,55.2,91955,0.134,8.9,6.1
1,2,2,3,10,9,4,100,2,1,0,12,1,50.9,78945,0.142,13.1,5.1
4,1,2,2,2,2,5,0,2,1,1,7,0,43.8,340188,0.03,16.5,5.2
4,3,3,1,2,2,8,0,4,1,0,11,0,33.3,57669,0.407,7.8,7.6
10,2,2,3,1,3,6,50,1,2,0,6,1,43.1,38425,0.04,10.5,5.9
4,2,2,3,2,2,7,50,2,3,0,9,2,46.4,162132,0,14.1,7
10,2,2,1,2,2,5,0,2,4,0,9,0,47.8,147108,0.179,8.9,6.6
10,1,2,1,11,11,5,0,1,1,1,5,1,56.2,117424,0.438,19.5,7.6
6,2,2,2,2,2,5,0,5,1,0,9,5,42.9,155297,0.049,16.2,7.1
2,4,2,2,2,9,5,100,1,1,0,3,0,47.6,193741,0.033,1.4,8.6
5,3,2,3,2,2,5,50,3,1,0,7,1,45.5,76295,0.061,0.2,5.3
12,4,2,2,1,3,6,0,1,3,0,6,5,59.1,42573,0,17,6.7
4,1,2,3,2,2,8,50,1,1,1,3,1,55.9,212303,0.077,20.6,6.1
2,2,2,2,1,3,6,100,2,2,0,10,1,49.3,54461,0.054,12.6,8
6,4,3,2,6,5,4,0,1,1,0,10,4,38.7,58292,0.01,7.5,5.1
8,2,2,3,2,2,2,0,2,1,0,3,1,49.8,126026,0,7.9,4.7
3,2,2,1,9,8,9,0,4,1,0,8,0,31.8,63004,0.154,11.6,5.8
6,2,2,3,2,2,6,50,1,6,0,5,2,46.6,99347,0.061,8.5,5.9
5,3,3,2,1,2,6,100,2,1,0,6,2,38.3,23737,0.011,10.4,8.3
1,3,2,3,5,1,5,50,1,1,0,13,1,46.3,33490,0.259,6.3,5.7
11,2,2,3,2,2,10,0,3,1,0,12,1,40.4,151839,0,9.5,6.6
4,1,2,3,4,4,1,50,2,1,1,7,1,51.8,149822,0.087,17.5,7.5
1,3,2,3,9,8,5,0,4,1,0,6,2,42.8,23930,0,6.1,3.8
3,2,2,3,2,2,5,100,5,1,0,4,1,43.3,180321,0.154,6.9,7.6
11,1,2,3,2,2,7,0,2,1,1,7,3,58.7,189025,0.141,15.2,6.8
10,4,2,3,4,4,1,50,1,1,0,8,1,38.7,74593,0.289,5.2,6.4
4,3,2,2,10,9,5,100,2,2,0,4,1,40.2,68773,0.049,6.3,7
4,4,2,3,1,2,5,50,2,2,1,10,1,45.7,45181,0.055,9.8,4.2
1,3,2,3,8,6,8,100,1,1,0,8,0,34.9,45249,0,4.6,7.6
12,1,2,3,2,2,1,50,1,2,1,9,2,39.7,281814,0.153,10.4,8.5
1,4,3,3,2,2,3,50,1,3,0,6,2,39.5,62740,0.12,6.6,6.3
11,2,2,3,7,7,5,50,3,1,0,4,5,48.6,78254,0.148,11.9,6.9
9,4,2,2,1,3,6,50,2,2,0,13,4,42.5,44717,0.001,6.6,5.4
8,2,2,1,5,1,5,100,3,1,0,10,1,49.2,106383,0.477,13.1,6.1
1,4,1,1,6,5,1,100,1,1,1,6,1,37.4,29467,0.35,16.2,4.5
1,2,2,3,5,1,5,50,1,1,0,10,0,47.6,71492,0.081,13.7,4.2
1,4,2,2,2,2,5,100,2,1,1,9,2,50.2,77986,0.039,2.9,6.5
4,1,3,1,2,2,1,0,1,2,1,9,2,45.7,183514,0.16,15.5,5.8
4,2,2,1,2,2,1,0,1,1,0,9,1,37.2,156163,0.246,13.8,8.9
12,3,2,3,9,8,2,50,1,1,0,4,2,44.5,36103,0.142,3.6,6.6
3,2,2,1,11,11,5,0,1,1,0,12,1,39.4,132970,0.526,10.2,8.4
10,4,1,2,2,2,10,100,2,1,0,7,1,42.8,64072,0.098,10.1,4.4
1,4,2,3,8,6,5,50,1,1,0,9,0,40.2,69877,0.252,6.5,6.2
1,2,2,3,11,11,7,50,5,1,0,13,2,42.8,98580,0,16.6,6.7
5,4,2,1,8,6,6,50,3,2,1,9,4,43.3,52227,0.184,4.3,6.8
10,4,2,3,2,2,6,0,1,1,0,12,2,38.4,137120,0,20.4,8.3
10,3,2,3,7,7,2,100,2,1,0,13,0,38.4,60005,0.068,5.3,8.1
2,2,2,3,5,1,3,0,1,4,0,7,4,40.1,131767,0.217,9.2,6.2
10,3,2,1,1,3,2,100,1,1,0,8,1,54.6,15013,0.029,1.8,6.2
12,3,1,3,2,2,1,50,2,6,1,4,1,44.1,54986,0.089,6.8,6.9
1,4,2,3,1,3,7,50,5,2,0,3,2,51.5,24917,0.071,5.1,7.9
2,3,2,1,2,2,7,100,1,1,0,8,2,43.4,83115,0.193,3.4,7.7
4,2,2,3,11,11,2,0,2,3,0,5,2,41.9,117317,0.076,15.9,8.3
10,4,2,3,8,6,7,0,5,4,0,7,1,30.9,99484,0.029,3.6,7.3
12,4,4,1,1,3,5,50,4,6,0,9,1,50.9,25035,0.294,16.9,5.5
10,3,2,3,2,2,1,50,2,1,0,9,2,37.9,98464,0,13.2,6.9
5,1,2,2,2,2,7,0,2,1,1,7,1,56,219995,0,16.6,4.9
6,2,4,2,7,7,5,100,4,1,0,10,1,48.7,89893,0.041,8.1,7.2
1,3,2,1,2,2,6,50,2,6,0,8,1,33.2,48605,0.341,6.4,6.1
3,1,2,2,2,11,5,0,1,1,1,9,4,34.6,309068,0,20.2,8.4
12,1,3,1,1,3,3,100,1,5,1,7,2,39,36301,0.511,16.8,7.1
4,3,3,1,8,6,5,50,1,1,0,9,4,35.8,53992,0.166,7.7,4.2
11,1,2,1,11,11,1,0,5,1,1,10,4,47.7,128237,0.178,17.9,6.2
10,2,4,3,1,3,5,0,1,4,0,6,2,38.4,42537,0.208,18.3,6.9
4,4,2,2,8,6,5,50,1,1,1,9,3,47.5,86029,0,5.3,6.6
4,4,1,3,8,6,3,50,1,1,0,9,0,34.7,36183,0,4.9,8.7
2,2,2,2,6,10,5,100,4,1,0,5,1,53.3,135333,0.058,10.6,7.9
11,3,4,2,8,6,4,50,4,1,0,7,0,45.4,39007,0.011,4.2,5.4
12,4,2,2,2,2,5,100,5,4,0,8,1,42.3,159926,0.009,2.6,8
6,4,2,1,1,3,5,50,1,1,0,7,2,46.9,19459,0.033,8,4.2
8,3,1,3,8,6,5,0,2,7,0,8,2,51.3,37366,0.156,15.5,3.1
10,2,2,3,2,2,2,100,1,1,0,2,1,48,171878,0,19.8,6.9
2,3,2,1,7,7,5,100,1,2,0,9,4,36.8,49209,0.752,7,6
4,3,2,3,4,6,5,100,1,1,0,16,0,42.5,67964,0.01,8.1,8
4,1,2,1,2,2,1,50,3,1,1,9,3,50.4,178738,0,14.2,5.7
9,3,3,1,10,9,5,50,1,1,1,10,4,49.3,66519,0.118,1.9,6
3,2,4,1,6,5,10,0,2,3,1,6,1,39,105586,0,15.8,5.4
3,2,2,2,11,11,9,50,1,1,0,6,4,44.4,127411,0.023,14.2,5.6
1,4,4,1,6,5,6,100,2,1,0,4,1,45.3,35275,0.575,5.6,8.3
5,4,1,3,2,2,1,100,2,1,0,11,2,40,67977,0.109,10.3,8.4
6,2,2,3,2,2,1,100,2,2,0,7,3,42.1,172519,0,6.4,6.9
2,1,2,3,4,4,2,0,5,2,1,13,1,42.4,165612,0,9.9,7.2
12,2,4,3,9,8,1,0,5,1,0,12,0,38.3,82897,0.089,17.6,7.7
10,1,2,3,11,11,2,100,5,2,1,13,6,48.8,176217,0.009,14.3,8.6
4,1,4,1,6,5,5,0,2,1,1,11,3,44.6,106962,0.482,9.3,6.6
3,1,2,3,1,3,7,0,2,1,1,8,1,42.7,53674,0.133,22.8,9.4
5,2,2,3,6,5,1,0,5,2,0,8,1,51.9,174989,0.166,14.1,7.4
10,3,2,3,11,11,6,0,3,1,0,8,3,31.9,55594,0.06,4.9,6.6
1,4,2,2,2,2,1,0,2,2,0,5,2,34.2,154020,0.068,7.3,7.4
7,4,2,2,1,3,5,50,2,1,0,5,3,33,69504,0.004,3.3,8.9
10,3,2,1,2,2,5,100,1,1,0,10,1,42.5,63748,0.997,9.9,8.1
12,4,2,3,2,12,1,100,1,1,0,6,3,43.9,94386,0.045,8,6.8
3,4,2,3,5,1,1,100,2,2,0,10,1,42.8,141350,0.023,10.8,5.5
6,4,2,3,5,1,5,100,1,1,0,10,0,43.3,67362,0,6.7,8.6
10,3,3,1,11,11,2,50,3,1,0,14,1,36.8,46956,0.87,3.7,7.4
12,4,3,3,1,3,4,100,1,2,0,7,2,39.6,31139,0.074,6.4,9.5
8,4,2,3,2,2,9,50,2,1,0,9,3,42,122283,0.063,9.1,7.4
12,2,2,2,11,6,6,100,2,2,0,6,7,46.4,130203,0,18,6.7
4,3,1,1,6,5,5,50,2,5,0,6,0,38,43179,0.042,6.8,6.3
7,1,2,1,2,2,1,50,5,1,1,9,4,48.4,254242,0.672,18,7.3
9,4,2,3,7,8,5,100,2,2,0,9,1,46.3,111723,0.147,9.7,4.1
2,3,3,1,1,2,2,100,5,1,0,5,1,43.3,28197,0.527,4.3,6.2
1,4,2,2,1,3,7,100,1,1,0,9,3,46.2,30480,0.039,2,6.2
5,3,2,3,7,6,6,100,1,1,0,7,0,33.2,52162,0.037,5.4,6.7
6,2,2,1,4,4,1,0,1,1,0,4,1,43.9,47320,0.554,11.3,7.9
2,3,2,3,6,5,5,0,4,6,0,3,2,41.4,71882,0.101,10.6,6.9
4,1,2,1,2,2,8,50,2,4,1,10,3,50.6,176429,0.256,20.1,7.4
7,3,2,2,12,12,8,50,1,2,0,6,1,38.2,43615,0,7.5,6.3
10,2,2,3,8,6,5,0,2,1,0,6,1,51.1,91809,0.133,13.5,8.3
4,4,2,3,12,12,5,0,2,5,0,5,1,45.9,92126,0.033,11,4.7
7,4,2,3,1,3,1,100,2,1,0,10,3,42.3,50749,0.188,4.3,7.6
11,1,2,1,10,9,7,50,1,1,1,8,1,49.8,168425,0.162,10,5.7
10,3,2,2,2,2,2,0,2,1,0,10,1,46.5,76666,0.012,9.5,5.5
11,1,2,3,2,2,5,100,4,1,1,4,3,55.1,218144,0,18.4,8.4
7,4,2,2,6,2,5,50,1,1,0,9,1,35.6,105078,0.031,8.6,9
8,2,2,3,10,9,7,0,1,1,0,4,1,43.7,99868,0.036,11.4,4.6
4,4,2,3,3,10,1,100,1,1,0,6,2,48.7,36132,0.087,12.1,7.6
1,2,4,1,2,2,5,0,3,6,0,7,1,42.1,73579,0,13.8,9.6
1,2,2,2,2,2,7,0,1,3,0,3,3,40.7,133729,0.007,9.9,6.9
1,4,2,1,4,4,4,0,2,2,0,9,2,45.1,42525,0.038,12.8,7.5
1,1,2,3,6,5,6,50,5,1,1,7,5,47,95575,0.181,17,7.4
4,2,2,3,1,8,1,50,2,4,0,9,5,48.7,43423,0.225,7.1,6.1
5,2,2,3,2,2,4,50,1,1,1,7,1,40.5,125947,0.02,10.6,8.1
3,3,2,3,4,4,5,50,1,1,0,6,0,36.9,60841,0.103,9.7,7
1,2,2,3,2,2,9,50,1,1,0,8,1,50.9,115455,0.075,17.2,6.7
9,2,2,3,7,7,9,100,5,2,0,12,1,39.4,121126,0.139,12.6,5.8
3,4,2,3,1,3,7,0,3,1,0,7,1,34.2,32887,0.117,11.8,6.1
1,3,2,3,3,10,2,0,5,2,0,9,1,48.4,22408,0.217,8.9,4.8
11,4,2,2,10,9,6,0,2,1,0,4,3,37.1,100749,0.017,15.9,7.7
10,1,2,3,2,5,9,100,2,1,1,6,4,45.6,167431,0.158,10.1,5.9
10,3,2,2,1,3,5,50,3,1,0,5,1,45.6,32340,0.052,14.3,6.2
5,3,2,2,2,6,1,0,2,1,0,8,0,38.5,97814,0,0.8,7.7
4,3,2,2,1,3,5,0,1,1,0,5,1,42.3,28059,0.022,2.8,6.3
11,4,2,3,2,2,6,0,2,1,0,11,0,42.1,99914,0.09,14.1,6.7
3,3,1,2,2,2,3,0,1,1,0,5,3,44.5,50919,0.014,7.3,6
7,3,4,1,11,5,1,0,1,1,0,6,1,39.9,58498,0.542,11.4,6.5
10,3,2,3,6,5,5,100,3,3,0,10,0,42.6,77170,0.232,4.2,6.4
7,2,2,1,11,11,5,50,1,1,0,7,1,44.7,118248,0.902,14.8,4.9
12,1,2,2,4,4,6,50,1,1,1,7,4,46.7,92222,0.006,13.8,6.8
7,1,2,2,10,11,7,100,5,1,1,11,1,52.2,209890,0,16.4,8.7
1,3,2,1,8,9,1,100,1,2,0,5,1,35.7,41460,0.316,12.6,8
4,2,2,3,4,4,6,100,1,3,0,12,0,41.3,116623,0.219,19,6.7
10,2,3,3,1,3,7,50,2,1,0,2,4,52.5,34669,0.033,14,7
7,3,2,2,2,2,7,0,2,3,0,5,0,41.2,135376,0.002,5.9,7.1
4,1,2,2,5,1,5,100,2,2,1,10,4,51.6,240677,0.034,19,5.7
1,1,1,3,12,12,1,0,2,1,1,13,2,54.7,40647,0.102,18.4,2.6
11,4,2,3,3,10,2,0,3,2,0,8,1,50.6,27487,0.06,7.1,4.4
6,1,1,3,2,6,5,0,2,4,1,7,1,47.6,64511,0.181,11.8,4.6
11,2,2,2,8,6,1,100,1,4,0,12,3,46.9,204268,0.012,14.1,10
10,4,2,3,1,3,5,100,1,1,0,11,1,39.6,33260,0.043,5.2,7.1
4,3,2,3,2,2,1,100,2,1,0,6,0,45.6,101718,0.116,5.1,5.5
2,2,2,2,10,9,1,100,2,1,0,7,3,55.1,174046,0,11.9,4.3
3,4,2,1,1,3,7,100,3,1,0,6,2,50.9,24578,0.451,10.7,4
1,4,2,3,11,11,5,0,2,1,0,3,3,41.5,61896,0.119,5.5,6.3
4,2,2,2,2,2,1,0,2,5,0,13,1,50.5,192161,0,10.1,6.3
3,2,2,3,2,2,5,0,2,1,0,5,2,36.5,195112,0.15,15.6,7.5
10,2,3,2,5,1,5,100,1,1,0,8,0,49.4,142380,0.04,12.4,6
11,4,2,3,5,1,6,0,1,1,0,10,0,31.2,120096,0.258,8.9,9.7
6,4,3,3,6,5,1,0,1,2,0,8,2,45.4,92031,0.028,6.3,6.3
1,3,2,3,5,1,5,0,1,1,0,10,0,37.6,58697,0.112,0.1,2.9
5,1,2,2,3,10,8,0,1,1,1,12,2,48.2,45182,0.007,14.3,7.1
4,2,1,3,9,8,8,0,1,1,0,5,1,43.3,38562,0.109,7.4,6
1,3,2,3,3,10,1,50,2,5,0,6,3,43.3,30906,0.167,5.3,5.8
11,3,3,3,11,3,3,100,2,4,0,11,2,41,53986,0.157,15,5.7
1,4,2,2,2,2,2,50,2,1,0,9,0,40.4,102424,0.039,14.3,4.9
4,4,2,3,3,10,5,50,2,2,0,9,2,45.6,34844,0.082,4.3,6.6
9,4,2,2,7,7,3,50,1,2,0,7,0,55.2,86338,0,7.7,4.6
3,2,2,3,2,2,5,0,1,7,1,2,5,39.6,150569,0.077,15,8.3
7,4,2,3,7,7,5,100,3,1,0,10,2,42.9,83383,0.128,9.7,6.4
1,4,3,1,2,2,5,100,2,3,0,6,0,45.2,84894,0,9.3,5.9
1,4,3,3,7,7,5,0,1,1,0,7,5,46,76294,0.201,3.5,5.5
11,2,2,2,1,6,5,100,2,1,0,8,2,43.5,61853,0,17.2,4.9
9,2,2,1,5,1,7,0,2,1,0,7,2,40.2,138035,0.893,12.2,9.5
5,2,2,1,2,2,4,0,3,1,0,5,2,40.1,80755,0.643,13.6,4.5
1,5,2,1,2,2,2,50,2,1,1,11,1,47.1,116777,0.338,16.2,6.7
1,2,2,3,2,2,7,50,1,1,0,11,3,47.2,163871,0.077,12,6.1
4,4,2,3,1,3,5,50,5,1,0,11,2,30.9,42467,0.157,5.5,6.2
4,1,2,3,3,10,1,100,5,2,1,10,1,40.1,72920,0.057,16.5,8.5
1,2,2,3,10,9,2,50,5,1,0,8,1,49.2,64989,0.079,8.8,9.5
1,2,2,3,8,6,1,0,2,1,0,8,1,36.2,85262,0.052,16.2,5.8
5,1,2,3,1,3,5,0,1,1,1,9,2,41.2,44017,0.021,13.1,6.6
4,1,2,2,11,11,5,50,1,1,1,6,5,43.4,205833,0.024,8.1,5
8,4,2,3,2,2,9,50,5,2,0,12,0,45.4,132080,0.071,9.6,5.6
11,3,2,1,2,5,6,0,2,1,0,11,1,45.9,89403,0.313,8.3,5.6
10,2,2,3,1,3,1,0,1,1,0,7,1,50.8,39966,0.069,18.8,3.1
12,2,2,1,3,6,8,100,2,5,0,9,2,42.1,53897,0.576,10.6,8.3
1,4,2,2,11,11,9,0,2,4,0,9,0,44.9,74491,0.031,9.2,9.5
3,4,2,2,2,2,1,100,2,2,0,10,1,44.1,259057,0.006,9.4,9.2
3,3,2,3,12,12,7,0,1,1,0,7,2,38.2,45215,0.141,2.5,6.4
10,4,2,1,3,10,8,100,1,1,1,10,3,33.7,26850,0.189,13.7,6.3
6,5,2,2,2,2,5,0,4,2,1,12,2,45,154728,0.014,16,5.4
4,3,4,1,2,6,5,0,1,4,0,7,3,42.1,103053,0.168,7,6.6
11,1,2,3,5,2,1,100,2,1,1,9,0,40.8,200105,0.013,11.7,9.5
1,2,3,2,6,5,5,0,1,1,0,5,2,50.2,77966,0,12.6,7.2
11,4,2,2,2,2,2,50,1,7,0,5,1,40.9,143738,0.092,8.1,6.5
6,2,2,2,10,9,1,0,2,2,0,12,1,55.1,89626,0.052,14.2,6.9
1,5,3,3,5,1,1,0,2,1,1,8,1,47.9,140591,0.051,13,7.3
3,1,3,3,2,2,1,0,1,1,1,8,2,48.6,256048,0.105,16.3,6.1
3,2,2,3,2,2,1,100,3,1,0,7,2,43.5,180468,0,8.1,10
10,4,2,1,1,3,6,0,1,7,0,8,2,53.6,28783,0.276,10.9,6.6
11,5,3,2,2,2,5,100,3,2,1,9,1,49,261041,0.053,19.1,7.1
7,2,2,3,2,2,1,50,1,1,1,8,1,47.7,178467,0.046,12,9.6
9,1,2,2,8,6,2,50,1,2,1,12,5,45.2,118678,0.027,11.2,7.3
3,3,2,3,8,6,1,50,5,1,0,9,1,36,79425,0.081,5.8,7
1,2,1,3,2,2,5,0,2,2,0,10,2,36.7,84673,0.071,12.3,6.4
10,5,3,3,3,7,5,0,2,1,1,6,4,45.6,57167,0,20.2,4.5
6,3,2,2,1,3,3,0,5,1,0,5,1,48.2,26088,0,2.3,6
12,4,2,3,2,2,6,100,3,2,1,12,0,43.9,169098,0.163,6.7,7.1
5,3,2,3,6,5,6,50,2,4,0,4,0,54.7,44524,0.122,3.3,7.2
3,4,2,3,3,3,1,100,2,3,0,10,2,42,41323,0,10.2,6.6
10,4,2,3,12,12,9,0,4,1,0,7,2,45.3,52413,0.038,13.8,4.7
11,2,2,2,2,2,5,0,4,1,0,9,4,54.3,169360,0.065,13.8,5.5
3,2,4,2,2,5,4,100,2,1,1,15,3,40.7,115110,0.045,17.3,8.4
10,2,2,2,4,4,5,0,1,1,0,9,1,56.7,131812,0.073,14,6.3
4,4,2,3,5,1,2,50,1,4,0,10,2,40,67264,0.145,13.7,6.7
2,2,2,3,1,3,2,100,2,1,0,2,2,47.8,45680,0.005,9.8,8.1
10,4,2,2,3,10,5,0,1,1,0,12,0,35.3,50354,0.061,6.8,7.2
1,4,2,3,4,4,1,50,2,2,0,12,1,45.6,82142,0,12.4,6.9
1,1,3,3,11,11,5,50,2,1,1,10,1,53.9,122613,0.099,20.9,5.3
12,4,2,1,1,3,9,50,2,2,0,5,1,43.6,31268,0.856,10.9,4.5
4,5,2,3,1,3,1,0,5,1,1,5,2,54.4,59685,0.118,17.1,6.2
2,2,2,2,2,2,6,100,1,1,1,8,0,39.9,253377,0,10.2,7.6
4,1,1,1,6,8,7,100,2,1,1,5,1,47.4,60598,0.216,5.7,7.3
3,2,2,3,2,2,5,100,2,2,0,5,2,46,149213,0.104,15.9,7.4
10,1,2,1,5,1,1,0,3,1,1,12,1,49.1,110235,0.424,12.3,6
3,4,3,2,1,3,1,50,2,2,0,8,1,39,39439,0.06,8.4,4.7
7,4,2,2,2,2,4,100,2,1,0,6,1,45.6,119895,0,3.9,8.7
5,4,2,3,2,2,8,100,3,2,0,5,2,52.2,93634,0.161,4.8,6.1
12,1,2,3,2,2,5,0,2,3,1,5,3,53.6,237862,0.009,13.1,5.4
9,4,2,3,5,1,9,50,3,1,0,7,2,47.4,83636,0.091,10.5,5.6
10,1,2,1,2,2,5,0,2,1,1,8,5,32.2,136683,0.304,13.1,9.3
5,1,1,1,1,3,9,100,2,1,1,7,1,37.6,26087,0.377,13.8,5.6
5,2,2,3,1,3,7,50,5,3,0,7,2,40.6,45767,0.108,11.7,6
2,4,1,2,1,3,5,0,2,7,0,7,1,37.5,26812,0.037,8.3,7.6
8,1,3,2,6,5,5,50,1,2,1,9,3,41.6,199586,0,9.7,8.6
10,2,2,3,9,5,1,100,1,1,0,4,3,39.7,80205,0.032,16,7.2
10,2,2,3,2,2,2,50,5,1,0,11,3,46.8,138750,0.06,10,8.7
8,2,2,3,7,7,6,0,3,1,0,4,0,51.6,98425,0.1,9.7,6.9
3,3,3,1,5,1,6,0,1,1,0,7,1,42.1,40174,0.241,8.5,4.2
8,4,1,3,10,2,3,100,1,1,0,8,1,47.9,41399,0,5.4,8
3,4,2,1,4,4,5,50,2,1,0,6,1,52,88526,0.554,11.2,4.9
3,3,2,2,11,11,5,0,1,1,0,9,4,32.6,67154,0.028,5.3,6.4
9,2,2,2,11,11,9,0,1,1,0,3,5,44.5,150802,0,14.6,6.9
3,4,2,3,8,6,5,0,1,1,0,14,2,40.8,86555,0.167,8.4,8.6
1,3,2,2,2,2,1,50,1,4,0,8,0,46.9,91931,0.007,9.7,7.7
3,4,1,2,2,2,1,50,1,1,0,5,2,33.8,95069,0.021,21.2,6.4
1,1,2,2,2,2,5,50,5,2,1,6,6,48.4,201474,0.015,10.3,8
6,4,2,2,5,2,10,0,2,1,1,9,4,37.4,72683,0.003,13.5,6.9
6,4,3,2,2,2,5,0,1,1,0,8,2,48.8,133373,0.075,9.4,7.1
10,3,2,1,2,2,6,0,1,1,1,5,1,44,41948,0.195,0,4.7
4,3,2,2,7,7,2,0,1,2,0,4,1,56.4,41252,0.018,8.3,2.6
9,2,2,2,6,5,5,0,4,3,0,5,1,42.4,128969,0.053,6.5,8.1
10,2,2,2,4,4,8,0,1,1,0,8,3,42.3,88988,0,11.1,6.3
10,2,2,3,6,5,5,100,4,1,0,5,3,38.4,105353,0.038,4.3,6.3
1,5,4,2,5,1,7,100,2,1,1,8,1,55.9,119942,0.033,24.2,5.7
8,2,2,3,2,2,5,100,1,5,0,9,2,48.8,208418,0.044,19.4,6.7
3,3,2,1,1,3,8,50,4,3,1,7,3,51.2,21966,0.284,0.6,5
1,2,2,3,11,11,2,100,2,1,0,13,2,40.1,77251,0.033,13.3,8.6
1,2,2,3,8,6,8,50,1,2,0,6,2,52.5,58617,0.117,13,6.7
10,4,2,3,2,2,4,100,1,1,0,7,3,42.8,94612,0.085,13.2,4.9
11,5,2,3,9,8,3,0,2,1,1,10,2,52.4,110523,0.14,22,8.6
1,1,2,3,3,10,9,0,1,1,1,10,3,41,38883,0.021,16.3,4.4
11,2,2,1,8,6,5,50,1,1,0,8,5,48.8,79007,0.347,11.9,8.6
7,4,2,1,6,5,5,0,2,1,0,5,4,37.1,88961,0.364,7.7,6.6
11,2,2,2,11,11,9,100,1,6,0,8,4,50.7,110316,0.014,8.3,4.9
1,4,2,3,2,2,5,0,1,2,0,10,4,46.4,101758,0.177,18.4,7
1,4,2,1,8,6,8,50,5,2,0,8,0,45.3,59891,0,15.4,8.5
4,4,2,3,11,11,4,0,1,1,0,11,3,41.5,68168,0.06,10.2,6.1
3,2,2,2,5,1,5,0,1,2,0,10,4,54.8,111534,0.003,6.6,4.6
1,2,2,2,7,9,1,100,2,1,0,7,1,44.2,83862,0.055,10,6.2
10,2,2,1,10,9,6,100,4,7,0,9,2,45.2,112342,0.763,15.1,8.6
5,4,2,1,2,2,5,0,2,1,0,16,0,60.8,106026,0.105,12.2,4.9
11,1,2,3,2,2,5,100,5,3,1,3,3,43.5,177564,0.116,17.9,9.2
12,4,2,3,8,2,5,100,1,1,0,8,1,45.4,114653,0.131,10,7.3
4,4,2,3,2,2,5,100,2,1,0,8,1,36.4,158984,0.28,11.5,9
1,2,2,2,1,3,4,0,2,1,0,9,3,40.5,36373,0,10.9,6.4
11,2,3,3,2,2,5,0,1,1,0,10,4,48.8,161876,0.263,15.2,8.2
3,3,4,1,3,10,2,50,3,1,0,4,2,42.2,19728,0.278,7.1,5.7
4,2,2,3,2,2,4,50,1,2,0,8,1,46.1,110412,0.011,10,6.4
6,2,2,1,8,6,1,50,2,5,0,9,1,45.3,103270,0.365,11.6,6.5
7,4,2,3,1,3,4,0,1,2,0,10,2,40.4,29171,0,14.4,5.5
5,3,2,3,8,6,1,100,1,1,0,7,1,37.7,47058,0.113,11.6,6.2
6,3,2,1,10,9,7,50,1,3,0,5,2,37.9,35800,0.28,5,5.5
11,4,2,1,3,10,5,0,2,1,0,7,0,37.7,42195,0.571,8.5,5.4
1,4,2,2,2,2,2,0,1,1,0,4,4,40.7,93489,0.018,10,7.6
9,3,2,3,3,10,5,0,1,2,0,8,3,38.5,32249,0.072,1,2.7
12,4,2,2,6,5,1,0,1,6,0,4,2,32.6,109701,0.025,10.4,7.5
10,4,2,2,3,10,6,0,1,1,0,8,2,35.6,39704,0.049,9.6,5.4
7,2,2,2,2,2,6,50,2,1,0,6,2,47.7,206925,0.013,10.2,8.4
8,1,2,3,6,1,5,100,1,3,1,7,0,56.5,161586,0,14.1,6.4
4,2,2,1,8,6,5,0,4,1,0,9,1,31.1,119637,0.493,13.3,8.7
3,3,2,3,1,3,1,50,3,1,0,10,1,45.5,24626,0.086,9.5,5.3
4,3,2,3,6,5,6,0,2,1,0,6,2,32.7,67145,0.226,14.8,6.6
3,4,2,3,12,12,6,0,1,1,0,8,1,51.2,67590,0.017,14.9,4.1
1,4,2,2,11,11,4,50,2,6,0,8,0,48.5,64820,0.074,15,6.5
1,2,2,1,2,2,6,0,2,1,0,5,0,48.6,124257,0.191,11.5,7.5
8,2,3,3,2,2,4,50,1,1,0,5,2,51.6,126713,0.046,13.7,8.7
2,2,2,3,9,8,9,100,5,1,0,9,5,38.2,61377,0.065,6.5,9.3
7,4,2,3,4,2,5,100,1,1,0,6,2,40.9,116807,0.101,4.8,7.2
12,3,2,3,2,7,10,100,1,1,0,10,1,39.3,76281,0,4.1,7.4
4,4,2,2,4,4,7,0,2,2,0,5,0,42.8,79489,0.021,8.4,6.3
9,3,2,3,2,2,4,0,3,1,0,9,2,43.8,91042,0.116,5.7,4.1
1,2,2,3,6,5,5,0,1,2,0,4,3,38.8,75226,0.153,10.8,6.1
7,3,4,3,6,5,5,100,4,3,1,10,1,51.7,61864,0.086,0,5.8
4,4,2,1,10,9,5,50,3,1,0,8,1,35,77112,0,6.7,6.8
3,4,2,2,6,5,1,50,1,1,0,7,1,50.5,107040,0.038,5.9,6.2
12,4,2,3,1,3,1,50,1,1,0,3,2,42.5,35678,0.052,13.6,6.7
4,4,2,1,2,2,4,50,1,2,0,10,3,40.7,82411,0,5.2,5.8
3,2,2,3,1,3,2,50,5,1,0,8,3,48.9,49490,0.063,16.3,8
4,4,2,1,3,10,5,50,1,2,0,8,2,34.3,30442,0.293,5.7,5.9
10,4,4,3,6,11,5,0,5,1,0,6,0,47.4,114382,0.064,12.4,6.1
11,2,2,3,2,2,1,0,2,1,0,7,3,40.7,163376,0.18,11.8,7
11,4,4,3,1,3,1,0,1,1,0,9,0,39.5,23684,0.271,8.5,6.7
4,3,2,2,2,6,7,100,1,3,0,7,1,42.9,129655,0.04,10.1,7
4,4,2,3,1,3,3,50,1,2,1,8,2,49.7,26823,0.171,11.7,7.2
10,1,2,3,5,1,5,0,3,1,1,9,2,59.1,117914,0,16.1,5.7
4,4,3,2,1,3,7,100,1,3,0,8,6,37,47431,0.081,16,9
12,3,2,3,7,7,5,0,1,1,0,6,1,26,47494,0,2.8,6.6
3,2,2,2,1,3,4,0,3,1,0,4,1,49.6,46138,0.028,7,5.1
1,2,4,1,1,3,1,50,2,2,0,6,3,41.4,27756,0.425,13.9,6.9
10,3,1,1,12,2,5,100,2,2,0,9,2,47.6,29513,0.678,5.7,6.2
3,2,2,3,11,11,5,0,2,2,0,6,1,53.3,125374,0.058,5.9,6.6
3,2,2,2,8,6,4,50,5,1,0,3,3,51.7,105774,0.029,9,7
3,2,3,3,7,7,5,0,1,1,0,10,3,35,93816,0.026,8.7,5.8
11,4,2,2,2,5,5,100,2,1,0,10,3,37.9,156388,0.034,9,8.6
4,1,4,3,2,2,1,0,1,3,1,8,1,50.7,129328,0.005,18.9,5.7
4,4,2,3,2,3,5,100,3,6,0,10,1,35.6,106200,0.207,12.5,6.8
4,2,2,3,8,6,1,50,2,1,1,11,2,48,153385,0,9.9,6.7
11,1,1,3,1,3,1,0,1,1,1,3,4,40.3,44732,0.085,12.1,5
10,1,2,3,9,8,7,100,2,1,1,5,4,55.2,115316,0.1,18.1,9.2
12,2,4,3,1,6,6,100,1,1,0,5,1,47.2,33327,0.022,18.3,4.7
9,1,2,3,10,9,1,50,5,1,1,8,3,45.7,263082,0.126,12.6,7.2
4,3,2,2,11,11,5,100,1,1,0,9,0,44.5,70698,0,4.1,7.5
10,4,2,2,7,7,2,0,2,1,0,7,2,30.2,91245,0.036,11.6,7.1
12,4,3,1,2,2,6,50,2,2,0,12,2,41.1,129144,0.302,9.5,6.9
2,2,1,2,1,3,7,0,1,1,0,9,2,39.2,21757,0.032,11.7,9.1
5,4,2,3,2,2,1,0,2,1,0,14,2,50.1,120583,0.049,7,5.4
10,2,4,2,2,2,7,0,5,2,0,8,4,34.6,184947,0.05,9.6,7
11,3,2,1,6,6,4,50,1,3,0,10,2,36.2,47687,0.073,8.2,4.9
4,2,2,3,11,11,4,0,1,1,0,6,4,46.7,72901,0.221,12.5,5.3
10,3,2,1,10,9,10,0,1,4,0,10,3,54.5,51917,0.221,10,4.9
2,4,3,1,2,2,5,100,1,1,0,7,2,43.4,116217,0.042,15.1,8.9
3,5,2,2,10,9,5,100,2,1,1,9,0,49.6,206932,0.01,22.1,7.9
9,4,2,2,1,3,4,0,1,5,0,8,2,52.7,29489,0,10.7,2.8
4,2,2,3,12,2,5,100,1,1,0,4,2,50.6,57908,0.125,16.3,5.8
4,5,2,3,2,2,1,50,5,6,1,7,2,47.8,265904,0.148,17.3,6.8
1,2,2,3,7,7,10,0,4,1,0,6,1,50.4,72027,0.141,7.3,5.7
3,3,2,3,2,2,10,0,1,2,0,5,1,32.4,84361,0.215,9.7,4.7
3,4,2,2,10,9,5,50,4,4,0,8,1,40.3,95206,0,15.5,6.4
10,1,2,3,5,1,1,0,3,1,1,8,4,41.9,192606,0.179,20.4,8.6
7,3,1,3,2,2,2,100,1,6,0,7,3,38.4,45527,0.065,0,7.8
9,3,2,3,2,2,8,50,2,3,0,7,4,40.2,115343,0.144,6.4,9.1
9,1,3,3,8,6,1,0,2,1,1,8,2,53.4,154193,0.224,10.7,7.3
3,1,2,3,3,10,7,0,1,1,1,6,2,54.5,62337,0.079,21.4,6.4
4,4,2,3,1,3,6,0,2,3,0,7,1,46.5,43021,0.165,12.2,5.6
12,3,2,3,1,3,9,50,3,2,0,8,0,44.7,16994,0.114,0,2.8
7,3,2,3,1,3,5,100,2,1,0,6,0,46.7,40934,0.205,18.9,5.4
5,2,2,2,5,1,1,0,2,1,0,13,2,48.2,174315,0.033,9.7,5.5
10,4,2,3,2,2,6,100,2,6,0,5,4,49.5,111223,0.059,5.4,7.1
9,3,2,1,2,1,1,100,1,1,0,4,5,46.3,112748,0.897,11.2,7.1
3,4,2,1,1,3,8,50,4,2,0,8,2,47.2,23398,0.18,12.6,4.9
10,4,2,3,11,11,1,100,1,2,1,8,0,47.2,124627,0.217,10.2,4.6
1,1,1,2,2,2,6,0,1,1,1,6,2,37.3,75165,0.046,21.3,7.4
6,2,2,2,3,10,5,0,1,2,0,2,1,44.5,47463,0.017,10.5,4
3,2,2,3,6,5,3,0,1,1,0,7,3,47.1,86701,0.072,8.1,6.3
5,2,1,1,2,2,7,100,2,1,0,4,1,48.1,61332,0.268,9.1,3.3
3,1,4,3,1,3,5,100,2,1,1,6,1,40.9,64860,0.111,24.7,9.2
10,2,4,2,2,2,3,50,2,1,0,6,2,47.2,114747,0.014,19.5,6.9
11,4,2,2,7,2,10,100,1,6,0,10,2,43.3,94054,0,9.9,5.8
4,4,2,2,2,2,5,0,2,2,0,8,2,48.2,113072,0,10.1,4.7
10,3,1,3,2,2,1,100,1,1,0,5,3,42.3,67991,0.181,5.9,6.1
12,3,2,2,4,4,1,0,1,1,0,5,1,45.2,56116,0,4.6,6.6
11,2,2,3,1,3,8,0,4,2,0,10,2,35,32076,0.275,16.7,5.9
1,2,2,3,2,3,10,50,4,1,0,10,3,41.8,111276,0.189,9.3,6
10,4,2,3,11,11,9,100,3,1,0,6,2,43.2,66448,0.11,16.4,7
9,2,2,3,2,2,2,0,4,1,0,5,2,43.7,170197,0.147,11.8,6.3
12,2,1,3,11,11,3,0,1,1,0,6,0,34.2,47269,0.142,11.4,7.3
10,2,2,3,12,12,5,50,1,2,0,3,1,51.5,102886,0.183,9.2,5.9
5,1,3,3,3,10,1,0,1,2,1,7,4,61.4,41708,0.275,9.8,7.1
4,2,2,1,8,6,6,0,5,1,0,9,2,48.9,92577,0.648,12.1,7
5,4,3,2,2,2,5,50,4,1,0,2,2,46,146164,0,11.7,5.6
6,3,2,1,8,6,7,100,1,2,0,11,2,50.8,39570,0.562,2.7,8.7
1,2,2,1,7,7,5,50,2,1,0,7,1,41.7,76536,0.494,14.6,9.2
3,5,2,1,8,6,6,0,1,2,1,9,4,57.4,147851,0.448,23.7,7.3
5,3,2,3,2,2,5,50,2,2,0,10,1,37.9,91912,0.072,9.1,6.3
7,4,2,1,4,4,1,100,2,1,0,8,1,53.2,75366,0,9,5.7
2,4,2,3,11,11,6,50,2,4,0,9,0,51,109390,0,10.9,5.7
2,1,2,3,2,2,2,0,2,6,1,6,5,52.1,208940,0.157,10.2,7.2
7,1,2,3,6,5,1,50,1,6,1,12,2,37.3,213369,0.114,10.2,7.8
10,1,2,3,2,2,5,100,1,1,1,6,2,61.2,261641,0.023,10.9,7.5
11,3,2,1,6,5,5,50,5,1,0,7,3,45.3,63072,0.261,0,6.8
12,4,2,3,1,3,6,100,2,1,0,7,2,52.8,33185,0.254,12.8,4.8
4,4,2,3,5,1,5,100,1,1,0,8,6,39.8,69883,0.077,11.7,9
11,1,2,3,6,5,5,0,3,6,1,10,2,44.2,140049,0.2,15,8.7
3,4,2,3,6,5,5,100,2,1,0,11,2,36.8,95109,0.093,15.2,7.6
10,3,2,2,1,3,8,100,5,6,0,9,5,50.1,23353,0.042,4.6,5.2
4,1,2,3,2,2,9,0,3,1,1,11,3,49.1,140111,0.218,24.1,5.9
10,2,2,3,2,2,10,0,2,1,0,11,2,47.4,168392,0.059,9.3,4.1
12,2,3,3,2,2,5,0,2,3,0,9,3,34.6,203297,0.01,16.8,8.3
6,2,2,3,1,3,8,0,2,2,0,9,2,49.7,32845,0.131,14.3,3.9
1,3,2,3,4,4,9,50,2,1,0,6,0,44.8,37614,0,7,6.8
6,2,2,3,12,12,3,0,1,3,0,8,1,39.9,46755,0.14,13.8,6
1,4,2,2,2,2,5,0,1,1,0,12,1,44.6,90543,0.006,6.8,6.4
10,3,2,1,6,2,5,50,2,1,0,16,1,48.5,59851,0.486,5.7,8.3
4,4,2,3,11,2,9,100,2,2,0,6,1,46.6,81723,0.221,14.9,7.8
3,2,1,3,6,5,10,50,2,1,0,10,0,39.5,56040,0,21.3,6.4
9,1,2,1,2,2,5,50,1,2,1,7,0,46.4,249094,0.474,16.7,8.1
11,1,2,3,8,6,4,50,2,3,1,9,3,52.2,89553,0,11.3,7
10,2,2,3,12,12,1,100,3,2,0,9,0,35.5,85349,0.064,13.2,6.2
1,2,2,1,1,3,6,0,2,2,0,7,1,55.7,30134,0.34,24.2,7.4
12,3,2,3,1,3,5,0,2,6,0,7,0,44.3,28150,0.02,0.2,6.1
3,4,2,2,11,11,5,0,1,2,0,8,1,51.7,117732,0.041,10.8,4.7
11,4,2,3,2,2,7,0,1,1,1,8,2,45.5,134620,0.126,10.8,3.5
10,2,2,1,2,2,5,50,1,2,0,6,1,55.5,122685,0.419,10.1,7.2
11,4,2,3,12,12,5,0,2,1,0,6,2,46.5,100359,0,6,4.7
4,3,2,1,4,4,5,50,2,1,0,7,0,56.3,63995,0.515,7.6,5.4
10,2,2,3,11,11,5,50,1,2,0,10,4,49.8,112068,0.091,12,6.3
4,3,4,3,2,2,3,0,1,1,0,7,0,48.1,66783,0.191,0,5.3
11,3,1,3,2,2,9,100,2,1,0,9,0,44.8,41331,0.128,7,7.7
11,4,2,2,2,2,6,0,2,2,0,14,3,45.7,138574,0,8.5,7.9
4,1,2,3,11,11,9,100,5,3,1,7,2,43.7,144712,0,6.3,8.1
3,3,2,3,3,10,2,50,1,2,0,5,1,43,32256,0.054,1.6,6.3
4,5,2,2,10,9,1,50,3,2,1,10,4,57.8,176947,0.036,20.6,4
3,1,2,1,11,11,5,50,5,1,1,8,3,50.6,165093,0.155,18.6,6.8
5,1,4,3,11,11,1,0,2,2,1,11,3,50.5,114929,0.023,7.2,7.8
2,2,3,3,7,7,5,50,1,6,0,10,2,35.1,132201,0.099,9.7,9
3,4,2,3,1,5,6,100,5,1,0,3,2,54,41410,0.172,9.4,6.9
1,2,4,1,2,2,7,0,5,1,0,9,0,42.5,114338,0.369,16.8,6.3
1,5,3,3,11,11,3,0,5,1,1,8,1,32.2,113701,0,22.8,7.5
5,2,2,2,6,5,5,100,1,1,0,6,2,29.8,118428,0,4.9,6.8
4,3,4,3,7,7,8,50,2,7,0,9,2,39.9,40420,0.129,4,5.4
12,4,2,1,1,10,2,100,2,2,0,11,1,46.8,26225,0.57,9,5.4
10,1,2,1,5,1,6,0,2,2,1,11,0,48,120495,0.39,12.7,6
10,4,2,3,1,3,5,50,5,1,0,11,0,53,42254,0.161,8.2,6.5
9,3,2,1,2,2,2,100,1,1,0,4,0,36.1,69591,0.896,0.6,8.1
2,2,1,3,2,2,6,0,2,1,0,6,2,49.3,159959,0,11,5.6
10,3,2,3,2,2,5,100,2,1,0,5,0,31.4,82730,0.17,5.3,4.8
6,4,4,2,6,5,9,50,3,1,0,7,3,56.9,49545,0.033,9.6,4.9
6,4,1,3,1,3,4,100,1,1,0,7,1,46.4,12000,0.123,11.9,7
11,2,2,3,2,2,1,0,1,1,1,5,4,48.6,184577,0,18.2,5.9
4,4,2,1,5,1,8,0,3,1,0,6,1,50.3,58411,0.204,6.8,5.3
1,2,2,2,12,12,1,0,2,1,0,5,3,32,88637,0.032,15.9,7.4
4,2,2,3,1,3,8,100,4,1,0,10,0,50.3,36709,0.081,18.4,5.5
12,3,2,2,3,10,8,100,2,1,0,12,0,38.5,27950,0.054,3.7,5.1
1,4,2,3,1,3,6,0,2,5,0,6,4,45.5,34329,0.169,13.3,4.7
5,3,2,1,3,10,1,50,5,2,0,7,4,38.4,30362,0.555,15.4,5.1
7,5,2,3,11,11,8,0,2,1,1,5,3,54.1,214103,0.227,16.3,6.5
12,3,2,3,2,2,5,50,1,2,0,10,4,39.1,106655,0.232,9.6,8.3
10,1,2,1,2,2,9,0,2,1,1,9,1,48.8,102830,0.03,16.7,5.2
1,3,2,2,8,6,5,50,1,1,0,4,2,44.9,56124,0.045,7.9,6.1
10,4,2,3,2,6,5,100,1,1,0,13,2,33.9,94114,0.12,16.6,7.1
11,2,2,3,3,3,9,0,1,1,0,19,4,38.2,58343,0.17,11.6,6.7
1,3,2,3,11,11,8,0,3,4,0,6,2,31.3,46385,0.049,4.4,5.4
4,3,2,2,6,8,2,100,4,2,0,7,1,28.8,99489,0.005,5.8,6.6
10,2,2,1,9,8,6,0,2,1,0,6,2,46.4,52334,0.2,14.6,5.5
2,4,2,2,6,5,5,0,2,1,0,7,1,44.8,100875,0.034,6.4,5.7
12,3,2,3,10,9,5,100,2,2,0,7,0,34.7,77310,0.104,4.4,6.6
11,2,2,3,2,2,5,0,3,2,0,6,4,38.7,103525,0.055,8,5.8
10,3,3,3,1,3,6,50,1,2,0,9,0,41.9,20640,0.138,2.5,7.7
12,4,4,3,1,3,5,100,1,1,0,14,1,45.6,25814,0,8,8.9
8,3,1,2,1,3,5,0,3,1,0,9,1,37.7,18587,0.027,9.4,5.7
6,4,4,2,2,2,6,100,1,1,0,8,3,40.9,70326,0.032,6.2,8.3
7,1,2,1,2,2,2,0,2,1,1,5,0,41.9,199177,0,11.2,6.5
6,4,2,3,5,1,9,100,1,1,0,9,0,44.4,61369,0.028,8.2,7.2
12,4,2,3,2,2,5,50,1,1,0,11,0,44.8,177107,0,7.2,8.2
1,4,2,3,1,3,1,50,1,2,0,9,0,46,36819,0.111,7.6,7.9
7,4,2,1,2,2,7,100,4,1,0,9,2,39.2,126435,0.426,1.3,9
1,4,2,2,2,2,5,50,1,4,1,5,0,37.1,114608,0.023,1.1,7.7
4,1,2,3,4,4,1,0,1,1,1,6,3,39.7,166716,0.171,12.9,7
8,2,2,3,8,6,5,50,1,1,0,8,4,44.7,137280,0.038,14.5,5
7,1,3,3,6,5,5,0,1,1,1,9,7,46.1,127579,0.042,10.2,6.8
4,2,2,2,11,5,2,50,5,1,0,6,2,48.2,138957,0.018,9.5,8
8,4,3,2,12,12,8,0,1,1,0,4,3,37.8,67283,0.033,10.7,6.1
1,1,2,2,12,12,5,0,2,1,1,9,2,41,100151,0.022,12.6,5.9
1,4,2,1,6,5,1,100,4,6,0,4,1,53.1,61170,0.476,0.5,8.6
10,1,2,3,11,11,8,0,2,1,1,8,4,42.8,142640,0,13.8,4.9
12,4,2,3,4,4,6,100,1,1,0,10,1,39.7,66879,0,7.7,5.1
10,1,4,3,8,11,1,100,3,2,1,7,3,52,127776,0.05,13.2,7.9
11,4,2,3,2,2,7,50,4,1,0,8,0,51.7,112778,0.137,11,5.5
3,2,2,3,2,2,5,0,4,6,0,5,0,28.4,120136,0.095,11.2,5.5
4,1,2,1,1,3,5,100,1,1,1,9,1,40.6,56151,0.376,8.4,7.1
12,2,3,1,2,2,8,0,1,2,0,5,4,54.5,130438,0.713,17.8,6.7
2,2,2,1,2,2,1,0,2,1,0,6,2,41.5,173063,0.863,12.6,5.5
4,3,2,3,2,2,5,0,1,1,0,8,1,40.7,101417,0,11.8,9.1
1,4,2,3,9,8,5,100,1,1,0,4,0,49.4,41791,0.084,14,10
9,4,2,2,2,2,5,50,2,2,0,8,1,53.1,152998,0.018,5.3,5.3
2,5,2,2,4,4,5,50,1,1,1,6,4,48.3,196876,0.009,14.7,7
7,2,1,3,2,2,1,0,2,1,0,9,1,47.1,91703,0.073,11,10
1,3,2,3,1,3,5,0,2,2,0,10,2,50.1,13361,0.083,6.6,1.1
7,2,2,2,2,2,9,50,3,3,0,10,3,36.1,163251,0.015,13.8,6.5
8,3,2,2,10,9,1,50,3,2,0,6,2,47.9,67945,0.03,6.5,6.9
8,1,4,3,11,10,5,0,1,6,1,14,3,44.8,140214,0.241,9.2,7.3
3,4,2,2,10,9,5,0,5,1,0,8,1,50,88733,0.005,9.3,6.1
5,2,2,3,1,3,5,0,1,1,0,11,5,41.5,40228,0.133,13.5,6.2
3,2,2,2,8,6,7,50,2,3,0,8,2,49.1,213797,0,12.3,6.8
9,2,2,1,12,3,8,100,4,1,1,3,0,46.8,57902,0.529,15.5,7.5
1,1,2,3,2,2,6,50,1,1,1,8,0,40.6,112133,0,14.3,8.4
5,4,2,3,6,5,5,100,2,6,0,11,1,39.3,85668,0.091,8.9,4.9
1,3,2,1,2,2,1,100,1,3,0,9,1,47.3,51990,0.333,6.8,7.7
4,3,2,2,11,5,9,100,1,1,0,7,1,36.7,77382,0.054,3.3,7.6
3,1,2,3,6,11,10,0,2,1,1,7,1,45.7,126014,0.137,19.4,6.1
10,3,1,3,2,2,2,50,2,1,0,7,2,39.4,28907,0.051,0.3,5.6
1,3,2,3,11,11,8,0,1,1,0,4,2,47.7,53725,0.081,4,5.4
12,3,3,2,12,12,5,100,4,1,0,8,0,28.9,63605,0.025,11.6,7.9
12,1,2,1,2,2,6,50,1,1,1,9,4,37.1,167944,0,17.3,6.9
9,4,2,1,7,7,5,0,3,1,0,2,3,57.5,71736,0,3.5,8
6,3,1,1,1,3,1,0,2,2,0,7,2,48.3,12422,0.168,7.7,6.5
1,3,2,2,2,2,1,100,2,4,0,4,0,36.2,104986,0.036,2.3,9
5,2,3,2,2,2,5,50,2,1,0,7,3,45.2,118084,0.012,10.4,6.7
1,2,2,2,7,2,5,50,2,2,0,9,3,43.1,81564,0.07,9.5,3.8
2,4,4,3,1,3,5,50,1,1,0,10,1,38.7,43861,0.004,7.3,7
10,4,2,3,11,11,6,0,1,5,0,13,1,39.4,89482,0.08,16.8,7
10,3,2,3,3,10,5,0,1,2,0,7,2,40.7,32476,0.117,10.5,6.8
9,4,2,2,6,5,9,50,3,1,0,7,0,46,152852,0.048,6.3,8.9
12,5,3,1,2,11,5,100,5,1,1,7,3,41.5,247403,0.06,13,8.8
4,3,2,3,3,10,2,50,2,1,0,6,4,45.7,21522,0.077,6.3,7
5,4,2,1,5,1,5,0,1,1,0,6,0,48.3,66663,0.657,0.1,6.4
4,2,2,3,2,2,5,0,1,1,0,13,4,43.9,129949,0.055,12.6,7
11,2,2,1,2,2,6,0,1,1,0,7,1,51.8,119165,0.311,14.4,6.2
5,4,3,1,2,2,1,0,1,1,0,10,2,43.4,78132,0.458,9,8.2
1,4,2,1,3,10,5,0,1,4,0,8,2,51.2,23626,0.342,6.6,7.5
4,2,2,3,11,11,1,0,4,1,0,8,2,50.9,154435,0,16.3,5.3
4,2,1,2,8,6,5,100,4,1,0,11,3,44.1,47267,0.031,14.2,8
2,2,2,2,3,10,2,50,1,2,1,6,2,46.3,60994,0.013,15.2,7.1
1,1,2,3,2,2,5,100,2,3,1,7,1,42.3,166737,0.033,22.5,9.9
11,3,2,2,2,2,5,100,3,1,0,7,1,50.4,136232,0,7.6,5.6
5,3,2,3,2,2,5,50,2,1,0,9,1,52.4,96140,0.067,6.9,6.9
1,3,2,3,12,12,7,0,2,4,0,8,2,42.6,29741,0,9.8,5.6
4,4,2,2,6,5,7,100,4,2,0,11,2,51,82825,0,13.4,6.5
10,2,1,3,11,11,5,50,1,1,1,10,1,42.4,79011,0.151,20.3,7.1
11,1,2,2,6,5,1,100,5,1,1,10,2,46,266049,0.057,15.7,10
3,4,2,2,1,6,5,100,2,5,0,5,2,43.4,51733,0.025,7.4,5.7
12,1,2,3,2,2,6,0,2,1,1,7,0,42.9,246724,0.176,18,9
11,2,2,2,1,3,5,50,2,2,0,7,4,41.8,65870,0.051,12.2,9.1
6,3,2,3,3,10,1,50,2,1,0,7,2,37.1,23550,0,7.9,4.8
9,3,2,3,5,1,3,50,1,1,0,5,2,34.4,74664,0.064,6.6,9.3
10,3,2,3,1,3,5,0,4,4,0,6,0,48.3,19534,0.294,5.6,5.8
11,1,2,1,2,2,7,100,2,1,1,10,3,38.7,179649,0.098,16.1,8.2
12,4,2,2,5,1,5,0,1,1,0,9,1,37.2,100131,0.009,6.4,7.2
3,4,2,1,2,4,10,100,2,1,1,5,0,49.1,149756,0.587,9.2,7.5
1,4,2,3,3,10,8,50,1,6,0,6,1,40.7,24447,0.173,5.4,7
1,4,3,2,8,6,1,0,4,1,0,9,4,36.4,79748,0.032,10,7.1
5,4,2,3,8,6,5,0,5,1,0,9,2,38.6,94094,0.093,7.8,8.5
10,3,1,1,2,2,5,100,1,7,0,9,0,45.6,41136,0.349,4.9,8
3,4,2,1,3,10,7,50,3,1,0,8,4,41.8,29681,0.405,8.9,6.8
7,2,2,3,2,2,6,50,2,1,0,9,1,52.8,209998,0.029,5.2,6.3
12,5,2,3,11,11,7,0,1,1,1,5,3,51.3,143774,0.05,19.7,6.8
1,3,2,2,9,8,1,0,4,1,0,8,2,54.7,40114,0.031,5.3,5.3
9,4,2,1,5,1,4,50,1,7,0,14,3,52.2,68283,0.521,11.2,8.5
2,4,2,3,10,9,5,0,5,1,0,10,2,46.4,129011,0.175,11.2,6.9
5,1,2,3,2,2,5,100,1,2,1,10,5,45.7,162716,0.016,10.8,6.3
1,4,2,1,7,7,5,0,1,1,0,7,4,45.3,51802,0.288,7.1,7.3
8,4,2,1,2,2,7,50,1,1,0,9,3,43.5,92456,0.016,14.3,6.1
2,4,2,3,2,2,7,0,2,4,0,11,0,48.7,115004,0.128,9.3,8.7
1,3,2,1,2,2,4,100,2,2,1,9,0,41.1,58048,0.456,0,5.3
4,5,2,3,3,10,1,0,1,6,1,4,2,51.2,74785,0,22.5,7.6
1,4,2,3,2,2,7,0,3,4,0,6,2,44,82304,0.159,7.6,7.4
10,2,2,2,9,8,1,0,4,1,0,8,4,41.3,58696,0.038,16.9,6.6
10,4,2,3,6,2,5,100,3,1,0,9,1,32.9,94260,0.044,6.7,5.2
1,3,2,1,1,3,1,100,2,1,0,3,1,34.9,22666,0.353,13.8,6.4
6,2,2,2,4,4,5,0,4,4,0,11,2,50.4,85462,0.083,1.8,7.6
11,2,2,1,6,5,7,0,2,1,0,9,4,55.1,110776,0,8,5.5
3,2,4,3,1,3,5,0,2,2,0,9,1,39.1,59478,0.089,12.6,8.8
3,4,2,1,2,2,2,50,3,1,0,7,0,42.2,135280,0,13.2,6.2
8,2,2,2,2,2,6,0,4,4,0,8,2,55.5,144506,0.038,13.7,4.9
4,2,2,3,2,2,7,100,4,1,1,8,1,35.4,195520,0,5.3,10
4,2,2,3,11,11,1,100,1,1,0,6,1,49.1,122669,0.002,9.7,6.2
1,1,2,3,1,3,7,50,2,2,1,7,1,49.5,44643,0,10.7,5.9
10,3,2,2,2,3,6,100,1,1,1,5,2,33.9,116088,0.047,5.2,5.7
10,2,3,3,1,3,5,100,2,4,0,4,0,47.2,56172,0.063,8.7,8.8
11,3,2,2,6,2,8,100,4,1,0,6,0,44.5,68104,0.013,1.4,8.6
11,2,2,3,2,2,8,0,2,1,0,5,2,50.7,113010,0,15.7,6.4
3,3,2,3,2,2,5,0,2,6,0,6,1,41,129611,0.23,8.1,5.2
12,4,4,3,8,6,10,100,3,1,0,4,2,36.2,61379,0.144,9.6,10
10,2,3,1,10,9,9,0,2,1,1,9,2,45.4,129465,0.944,18,7.9
11,4,3,1,2,11,1,100,3,3,0,8,3,43,105414,0.232,8.8,5.4
8,3,2,3,2,2,5,0,2,1,1,12,0,39,117773,0.011,8.5,5.7
11,4,2,1,1,3,9,100,5,1,0,8,0,48.5,39771,0,10,4.5
5,2,3,3,2,2,9,50,1,1,0,9,3,45,118810,0.098,6.6,9.2
3,3,4,3,6,5,10,0,1,1,0,6,1,55.5,49921,0.137,6,3.2
10,2,2,3,2,2,2,0,3,1,0,7,1,36.3,145701,0.177,15.6,8.4
7,4,2,2,8,6,6,100,3,2,0,12,0,44.6,98347,0.012,4.3,8.2
4,3,2,3,1,3,6,0,2,1,0,4,2,29.2,17176,0.045,6.6,5.6
1,4,2,3,2,2,6,0,2,1,0,8,1,45.8,85632,0.082,13.6,8.2
11,3,2,1,3,10,1,0,1,1,0,10,0,38.4,23989,0.692,5.2,6.4
10,2,2,3,2,2,6,0,5,1,0,12,0,45.6,158782,0.035,9.2,6.3
4,4,2,2,6,5,1,0,2,1,0,7,1,44.9,115266,0.041,9.4,5.3
11,4,2,3,4,4,2,0,2,1,0,9,2,50.6,80630,0.218,14,5.1
10,4,2,2,6,5,5,100,1,1,0,11,1,49.2,147979,0.059,11.6,4.7
6,2,2,3,2,2,6,0,2,1,0,10,1,44.3,83368,0.094,6.1,6.9
1,3,2,3,6,5,8,0,1,1,0,6,1,46.4,60092,0.162,6.5,6.5
11,1,2,3,7,7,5,0,1,3,1,7,1,44.5,127884,0.102,22.8,7.2
2,3,2,2,1,3,6,0,2,1,0,11,1,41.8,28533,0.016,0,5.9
4,2,2,3,5,1,6,0,5,1,0,11,4,48.8,119915,0.151,8.1,4.9
6,4,2,3,1,3,3,50,2,4,0,3,0,55.1,29817,0.185,9.9,7
5,2,2,2,2,2,5,0,1,4,0,7,1,41.9,143009,0,7.3,7.9
2,1,2,3,1,3,1,50,2,2,1,10,3,36.7,74578,0.102,16.5,5.9
11,3,2,3,2,2,5,0,3,2,1,7,4,47.4,101118,0.009,0.9,7.3
5,3,2,3,6,5,8,0,1,1,1,13,2,46.7,44525,0.186,9.2,6.4
10,1,2,3,7,7,7,0,4,1,1,11,3,52.9,87246,0.043,23.2,6.4
6,3,2,3,7,7,5,0,2,1,0,7,1,49.3,42620,0.097,7.7,5.5
4,2,3,1,6,5,6,50,2,1,0,8,5,42.7,105013,0.628,19.1,4.8
10,2,2,2,2,2,6,100,1,2,0,6,3,50.9,141273,0.034,16.7,6.4
4,2,2,1,12,12,6,0,1,6,0,6,4,45.3,72608,0.466,12.9,8.4
4,3,2,3,2,2,8,0,1,1,0,8,1,34.3,72396,0.266,4.7,6.7
7,1,2,1,6,5,6,100,2,1,1,11,3,45.9,180939,0.534,23.5,7.5
4,2,2,3,8,6,5,0,1,2,0,10,2,43.3,81910,0.149,18.1,7.5
4,4,2,2,4,4,4,50,1,1,0,6,3,46.2,69095,0.048,5.6,4.2
9,3,2,1,2,2,5,50,2,1,0,6,1,45.3,87756,0,8.6,8.2
9,3,2,3,6,5,4,0,2,2,0,12,0,27.6,60535,0.016,5.9,7.1
3,3,2,3,3,10,6,50,1,6,0,10,4,37.1,35851,0.075,3,8.3
6,3,2,3,7,7,5,50,2,3,0,8,1,42.9,43659,0.123,1.2,5.9
10,1,2,2,2,2,1,50,2,3,1,6,0,55.7,274607,0,11.6,8
12,2,2,3,3,10,7,50,1,1,0,5,2,41.9,40531,0.014,7.9,6.9
10,4,2,1,6,5,7,0,2,1,0,10,0,46.2,83745,0.371,8.4,5
1,4,2,3,2,2,5,100,3,1,0,7,2,44.9,72052,0.029,10.7,6.9
7,3,2,3,1,3,2,0,1,2,0,8,0,44.7,28014,0.079,5,6.1
7,2,2,3,1,3,2,0,2,1,0,5,0,47,62425,0.163,16.3,7.2
2,4,2,3,2,2,7,50,5,2,0,8,4,37.9,180880,0.114,10.5,6.5
3,4,2,1,7,7,1,0,1,1,0,12,2,40.5,53048,0,9.4,7.4
6,4,2,3,8,6,5,100,3,1,1,10,1,46.4,71279,0.052,12.4,6.5
3,2,2,1,2,11,9,100,2,1,0,11,2,26.5,179531,0.137,8.6,6.5
11,4,2,2,2,6,5,100,1,1,0,6,1,28.5,142869,0.033,11.3,8.2
10,4,4,1,2,2,5,0,1,1,0,6,0,43.1,85720,0.403,10.3,7.1
3,4,1,2,7,7,7,0,1,2,0,10,4,39.7,46901,0.018,8.8,7.4
10,3,2,3,6,5,5,100,2,2,0,9,0,30.9,79716,0.199,8,8
4,1,2,2,12,12,3,0,2,1,1,6,1,49.9,95311,0.015,15.2,5.2
1,2,2,1,5,1,2,50,2,7,0,7,0,45,83239,0.362,13.4,6.6
12,2,1,3,5,11,5,0,2,1,0,8,3,56.5,83930,0,15.8,5.7
2,3,2,1,4,4,2,0,1,1,0,11,3,45.5,48071,0.413,3.2,6.4
9,2,2,3,2,2,5,50,3,1,0,8,1,51.4,177740,0.122,9.5,8.3
6,3,2,3,6,5,5,0,1,1,0,5,1,34,46338,0.118,15.9,6.9
10,3,2,3,2,2,6,100,1,1,0,4,1,45.1,99539,0,3.6,6.1
7,3,2,3,6,5,1,0,3,1,0,8,2,28.4,84220,0,8.3,5.5
6,4,2,2,6,5,7,0,3,3,0,7,5,42.7,75991,0,20.9,7.8
4,1,2,3,9,8,7,100,5,1,1,14,2,57.5,75031,0.069,12.6,8.1
11,2,2,1,9,8,5,50,2,1,0,8,1,39.4,67630,0.457,7.2,8.7
10,4,2,1,5,1,10,100,5,5,0,5,3,53.6,143025,0.901,4.8,4.6
1,2,2,3,9,8,1,50,1,2,0,6,0,47,71302,0,19.1,6.9
4,1,3,3,2,2,9,50,2,4,1,8,1,48.9,171312,0.225,18.5,6.7
3,3,3,3,1,3,5,0,2,1,0,10,0,33.6,23108,0.03,9.5,5.3
10,4,2,3,3,10,7,0,1,1,0,3,2,36.9,30508,0.141,10.2,5.4
7,1,2,3,2,2,5,100,1,1,1,7,0,38.8,237407,0.176,17.6,8
6,4,3,3,8,2,8,100,2,1,0,12,1,54.9,70850,0,5.8,5.4
4,4,2,3,2,2,9,50,1,1,1,11,3,50.9,121178,0.191,8.3,5.2
9,4,3,3,2,6,10,0,5,1,0,12,2,39.8,163108,0.176,13,10
3,4,2,1,9,8,7,100,3,1,1,8,3,34,56696,0.655,9.6,6.1
1,2,2,1,2,2,10,50,5,1,0,7,3,46.6,99578,0.021,12.3,6.6
11,3,2,3,1,2,7,0,1,1,0,5,2,35.7,23960,0,2.9,8.3
10,3,2,3,1,3,6,50,3,1,0,6,0,43.4,22470,0.187,11.3,7.8
2,1,2,2,9,8,1,0,1,1,1,5,2,34.8,101707,0.045,13.9,9.3
9,2,2,3,1,3,5,100,1,3,0,5,1,47.5,64318,0.008,11.9,7.4
10,3,2,3,7,2,1,100,1,2,1,10,0,46.9,60010,0.144,6,6.2
10,1,2,3,2,2,8,0,1,1,1,5,3,51.2,123444,0,9.3,7.6
1,4,2,3,1,3,7,100,5,1,0,8,2,49.6,26576,0.088,10.4,7.6
1,4,2,1,11,11,5,0,1,1,0,10,6,43.1,54995,0.405,3.9,5.2
10,2,2,1,1,11,7,0,1,2,0,9,3,54.1,34292,0.673,4.9,6
5,1,4,2,6,5,5,100,2,2,1,10,4,42.9,123850,0.012,23.8,8.4
1,2,2,3,2,2,1,100,1,6,0,8,1,50.7,105684,0.135,8.4,3.9
5,2,2,2,6,5,5,50,3,1,0,11,2,49.7,108378,0.016,11.5,7.5
4,4,2,3,1,3,6,100,4,1,0,10,1,34.3,23716,0.135,10.4,8
3,4,4,2,11,11,4,0,5,1,0,6,2,46.8,66855,0.045,7.4,5.9
12,1,2,1,2,2,7,0,2,1,1,13,4,47.2,173482,0.402,17.5,8.3
8,4,2,3,10,9,5,100,2,1,0,8,0,44.1,89131,0.147,5,7.2
3,1,1,3,2,2,10,50,1,1,1,7,2,33.9,114108,0.184,19.2,6.7
4,4,2,1,8,6,5,50,3,5,0,5,0,42.7,100505,0.314,1.1,9.2
2,1,2,1,6,11,10,100,1,1,1,6,3,48.2,104544,0.346,16.2,4.8
1,1,2,3,12,12,5,0,1,6,1,11,0,35.1,78826,0.207,11.4,6.1
1,2,2,2,12,12,6,50,2,2,1,5,0,46.8,81326,0.037,10.5,5.5
10,3,2,2,1,3,3,0,1,1,0,7,2,42.8,23249,0.028,11.7,4.1
4,1,2,3,2,2,6,0,4,2,1,8,1,55.9,180540,0.074,24.3,7.1
11,2,2,3,1,3,5,0,2,1,0,3,1,44.8,67061,0,15.3,6.4
2,3,3,3,6,5,4,50,1,1,0,8,2,43.7,50758,0.235,2.1,5.8
8,3,2,3,2,2,5,100,1,1,0,9,2,35,73903,0,6,7.3
4,1,2,2,6,5,1,0,2,1,1,10,1,40,196415,0.064,14.5,7.5
5,5,2,2,2,2,9,100,2,2,1,8,1,54.7,196763,0.022,24.2,9.9
11,3,2,1,2,2,7,50,5,1,0,12,2,36.6,74389,0.298,9.5,7.3
8,1,2,2,11,11,5,50,2,1,1,5,2,38.4,178296,0.05,13.8,6.9
7,4,2,2,2,2,3,0,5,6,0,12,0,37.5,120406,0.03,8.3,6.7
3,1,2,3,1,3,6,0,4,1,1,5,4,48.9,40769,0.051,13.3,6
4,4,2,3,2,2,7,50,1,1,0,8,2,52.6,140972,0.049,5.9,7.2
9,2,2,3,2,2,6,100,2,2,1,5,1,43.9,213986,0.02,6,8.4
10,3,2,2,2,2,6,100,1,2,0,7,2,39.1,95519,0.056,6.4,9.5
12,1,2,2,8,6,1,50,2,2,1,7,1,44.3,166968,0.027,22.7,6.3
9,2,2,3,11,11,1,0,1,1,0,5,0,43.2,115566,0.203,9.4,6.6
6,4,1,3,1,3,5,50,2,1,0,5,1,43.5,20679,0.052,5.6,5.9
10,2,2,1,1,3,8,50,2,2,0,7,2,39.4,34553,0,10.5,6.7
11,5,2,3,3,10,5,50,4,1,1,7,2,46.6,71697,0,18.6,5.5
4,4,2,3,1,3,5,100,2,1,0,5,2,37.9,57257,0.119,10.3,8.7
10,1,2,3,4,4,1,100,1,1,1,7,2,34.9,129316,0,8.9,7.6
5,2,2,3,3,2,1,50,2,2,0,7,0,46.3,42589,0.112,16.7,6.5
3,3,2,3,1,3,5,0,2,1,0,6,1,45,35841,0.151,7.3,8.4
11,2,3,3,11,9,5,50,2,1,0,6,3,50.3,176938,0,11.4,7
4,2,2,1,9,8,1,100,2,1,0,10,1,59.5,85353,0.163,19.9,8.7
4,2,2,2,6,5,2,100,1,1,0,6,3,44.7,122227,0,12.2,8.5
9,1,2,2,6,5,2,0,3,2,1,8,1,54,143546,0,14.9,6
9,4,2,3,11,11,1,50,5,3,0,5,2,39,132169,0.083,7.4,4.7
10,2,2,3,2,2,5,50,2,1,0,5,0,54.7,169132,0.028,0,8.4
3,1,2,2,6,5,1,0,1,2,1,7,1,48.1,171709,0.048,19.3,6.6
10,4,4,1,2,2,2,0,2,1,0,9,2,49,72780,0.408,7.3,6.7
10,3,3,1,2,2,10,0,2,1,0,8,1,38,79230,0.557,3,5.5
10,2,2,2,5,2,5,100,2,2,0,5,1,44.4,188039,0.051,7.5,8.8
5,1,2,1,8,6,5,100,3,6,1,6,5,43.2,97053,0.88,20.6,7.6
5,4,2,2,2,2,1,0,2,6,0,5,0,53.9,167873,0.041,14.5,5
3,1,2,1,2,2,1,0,1,1,1,5,1,45.4,252451,0.375,19.6,7.8
1,2,2,3,2,2,6,0,2,1,0,4,1,49.7,123167,0.121,10.2,6.7
10,2,3,1,7,7,7,50,2,1,0,8,0,52.8,59032,0.123,15.7,5.7
10,1,2,3,3,5,2,100,1,1,1,10,6,48,55589,0.045,18,3.7
8,5,2,3,1,3,2,100,2,1,1,6,1,35.7,69316,0.176,17.8,6.4
4,3,2,2,5,1,7,50,1,3,0,12,2,48.4,79518,0.006,10.5,6
10,1,2,2,2,2,5,50,1,1,1,9,2,44.9,194061,0,17.3,7.4
8,2,2,3,8,6,1,100,1,1,0,5,1,36.1,132148,0,18.5,6.9
8,1,4,2,6,5,6,50,1,1,1,7,3,45.4,143594,0.015,15.7,6.4
3,3,4,3,2,2,6,0,1,1,0,4,2,52.1,107130,0.097,7.2,6.4
4,1,1,3,3,10,5,0,3,1,1,9,2,42.7,25723,0.199,17.2,6
1,4,2,1,3,10,10,50,2,1,0,5,1,43.4,23764,0.361,10.7,8.2
11,3,2,2,2,2,2,50,1,1,0,5,1,46.3,76050,0,7.1,9.2
1,1,2,3,5,6,2,100,1,1,1,7,5,49.3,92639,0.049,16.2,7.6
1,3,2,2,2,2,1,0,1,1,0,11,2,53.9,81096,0.047,5.4,4.1
8,2,2,1,8,6,1,0,2,1,0,9,1,44.7,118914,0.464,9.9,6.9
10,2,2,2,2,2,1,50,4,1,0,5,0,42,145945,0.026,12.2,7.9
1,4,2,2,1,3,9,50,1,1,1,9,1,51,20182,0,12,3.9
10,4,2,1,8,6,5,0,1,3,0,7,3,49.2,80026,0.079,11.5,5.1
10,4,2,2,2,2,5,100,1,1,0,8,2,51.7,117448,0.02,5.8,4.7
10,2,2,3,8,6,10,50,1,1,0,6,2,46.1,91534,0.121,10.4,9.1
8,2,2,3,2,2,5,50,1,7,0,4,4,32,151458,0.079,13.7,8.9
8,3,2,1,2,2,1,0,3,1,0,11,1,34.9,107044,0.563,8.8,7.6
7,4,2,3,1,3,5,50,3,1,0,3,4,37.9,30949,0.215,12.6,6.5
4,4,2,2,1,3,1,100,2,6,0,9,2,41.7,29093,0,2.3,4.6
7,2,2,2,2,2,6,50,4,4,0,7,2,56.3,133035,0.051,18,6.2
8,1,2,2,8,6,6,50,2,2,1,6,1,36.2,146393,0.024,11.4,8.8
4,2,2,3,1,3,3,50,2,1,0,6,2,36.7,35999,0.061,16.7,6.6
11,4,2,3,1,3,1,0,2,2,0,8,2,30,44601,0.058,10.2,7.3
2,2,2,2,2,2,9,100,1,1,0,10,2,44.2,148712,0,4.9,7.1
1,4,2,1,6,5,8,50,2,1,0,9,5,49.7,70582,0.547,8,8.5
5,1,4,2,2,2,5,100,1,2,1,13,4,30.8,208508,0.015,12.7,8.6
11,4,1,3,2,2,1,50,1,1,0,4,1,30.8,96355,0.005,10.3,8.7
4,4,2,1,9,8,2,100,1,3,0,13,2,41.3,43156,0.104,9.1,6.4
12,3,3,3,1,3,5,0,2,3,0,7,0,51,20377,0.132,5.1,7.1
3,4,2,2,2,2,10,0,2,4,0,11,1,36,108716,0.057,3.1,9.7
10,2,2,2,5,1,5,50,2,1,0,7,3,45.4,123910,0.029,11.4,6
3,2,2,1,3,10,10,0,4,1,0,9,4,49.5,37821,0.283,9.7,4.8
10,4,2,3,1,3,5,0,1,1,0,8,0,49.2,28196,0.057,12.5,4
4,2,2,3,11,11,5,0,1,1,0,9,2,44.6,109925,0.19,11.8,7.9
1,5,3,3,9,8,6,50,1,1,1,6,5,50.9,89744,0.293,13.2,7
10,2,2,1,2,2,9,0,2,1,1,10,0,52.8,133789,0.677,12.1,3.8
10,4,2,1,1,3,1,0,2,1,0,9,2,55.4,31210,0.041,8.6,6.1
10,2,2,3,2,2,5,0,5,2,0,7,4,33.4,183185,0.136,12.2,7.4
5,4,2,1,4,2,5,100,2,2,0,8,1,47.6,81015,0.366,6.7,6.8
6,2,2,3,8,6,6,50,5,2,0,7,3,44.7,107117,0.178,18,7.6
1,3,2,3,1,3,6,50,5,2,0,11,3,46.1,18908,0.069,3.5,4.1
3,4,2,2,2,2,7,50,2,2,0,7,1,45.6,123151,0,8.2,7
6,4,2,3,5,1,5,100,1,1,0,6,2,42.6,88781,0.042,9,8.4
4,4,2,3,2,2,8,50,2,1,0,4,1,40.5,96630,0,8.9,9.6
11,2,2,3,8,6,1,50,1,1,0,6,2,46.1,127365,0.132,14.6,7.1
12,4,2,2,2,2,6,50,4,1,0,4,1,44.9,157442,0.047,5.5,7.3
11,2,2,1,2,2,9,0,1,1,0,16,0,44.8,176114,0.628,13.6,4.4
7,4,2,3,2,2,5,0,1,1,0,11,2,47.4,128748,0,3.6,6.2
10,2,2,3,1,3,5,50,1,1,0,10,4,54.9,58052,0.025,12,6.8
10,2,2,2,6,5,5,0,2,1,0,7,1,43.6,126938,0.052,14,9.3
7,5,2,3,1,3,1,0,1,1,1,11,1,57.4,111192,0,15.7,6.9
11,4,2,3,9,8,4,0,3,1,0,10,0,48,44764,0.01,10.6,6.1
4,3,2,1,10,9,1,0,1,2,0,8,0,45.7,57692,0.553,9.4,4.1
8,2,2,3,6,2,1,100,2,1,0,10,1,47.8,168818,0.161,13.2,8.5
6,4,3,3,2,2,1,50,2,1,0,5,1,46.8,135989,0,8.1,6.4
6,4,2,3,5,1,5,0,1,1,0,4,4,45.3,75454,0.177,16.3,5.7
10,1,2,1,2,2,5,0,1,1,1,8,3,53.5,164263,0,20.7,6.7
4,3,2,1,7,7,2,0,1,1,0,6,1,41.6,50779,0,6.5,5.9
9,2,3,1,2,2,5,50,2,1,0,6,3,43.3,184813,1.154,13.4,7.5
3,3,2,2,7,7,1,0,1,1,1,9,4,48.5,72582,0.058,1.2,8.6
12,2,2,3,2,2,5,50,4,4,0,8,3,39.3,261949,0.013,7.8,6.8
9,3,2,3,1,6,1,100,2,1,0,13,1,41.8,31077,0.094,5.7,6.7
2,1,2,1,1,3,3,50,2,1,1,10,3,46.4,40242,0.248,15.6,5.7
4,2,2,1,7,7,4,0,2,1,0,8,1,48,60920,0.333,2.9,5.2
12,2,2,1,5,2,1,100,1,1,1,7,1,39.7,88158,1.003,16.4,9.1
8,2,2,1,2,2,2,0,1,2,0,6,2,58.1,158020,0.636,6.2,8.6
3,1,2,1,2,2,5,100,1,1,1,10,6,45.5,258042,0.397,15.4,6.6
4,3,2,2,6,5,2,0,1,1,0,9,2,42,61737,0.008,4.5,7
2,2,2,3,2,2,1,0,2,2,0,8,0,44.9,170214,0.237,14,6.5
1,3,2,3,6,5,8,0,1,1,0,4,1,48.5,44713,0.042,6.2,7.9
4,3,4,3,1,2,1,0,1,1,0,13,0,38.3,22911,0,9.4,5.2
4,2,2,2,3,10,3,0,1,2,0,3,0,44.3,38778,0.082,8,4.8
9,3,2,3,9,8,9,100,5,7,0,8,3,41.3,48550,0.216,1.1,7.3
5,3,2,3,2,5,1,0,2,1,0,10,2,51.3,87617,0.243,10.5,4.9
6,1,2,3,1,3,5,100,3,2,1,9,3,44.9,35534,0.114,19.3,6.9
10,4,2,2,2,2,5,0,2,1,0,5,1,42.2,128188,0,7.2,5.4
1,4,2,1,2,2,8,0,1,7,0,8,1,32,60495,0.337,7.9,5.9
8,1,2,1,1,3,3,100,1,1,1,11,0,45.5,41972,0.23,17.6,4.2
11,2,2,3,6,5,3,0,3,1,0,7,4,40.4,90901,0.096,12.5,5.1
8,4,2,2,11,11,10,50,1,1,0,12,1,37.8,81819,0,13,6.6
4,2,2,2,2,2,5,100,1,1,0,10,2,51.4,266328,0.026,13.8,7.9
1,2,2,3,11,11,6,100,1,5,0,5,2,45.6,65835,0,13.4,7.1
2,1,2,3,2,2,5,50,3,2,1,7,4,47.8,189944,0.115,12.4,8.1
1,2,2,2,2,2,1,0,2,1,0,9,4,53,190195,0.04,7,5.6
4,4,2,2,2,2,1,100,2,1,0,9,0,36.6,182488,0.008,10,8.1
3,1,2,2,6,5,9,100,4,1,1,7,5,53.9,117975,0.033,15.3,6.4
5,4,2,2,2,2,10,0,1,1,1,8,0,48,105902,0.083,6.1,7.7
11,4,2,3,8,6,1,50,1,1,0,7,0,47.9,99607,0.022,13.3,7.3
11,4,2,2,2,2,1,100,1,2,0,14,0,53.7,207076,0,6,6.4
3,4,2,1,6,5,4,100,5,2,0,6,1,39.9,64458,0.136,13.1,4.2
8,4,4,2,1,3,10,0,1,2,0,5,0,50.3,30348,0.052,9.3,5.7
7,2,2,3,1,3,5,100,1,4,0,11,1,50.1,46736,0.255,12.5,4.8
3,3,2,3,2,4,3,100,2,1,0,10,0,41.5,66637,0.192,4.7,5.5
11,5,2,3,8,6,6,0,2,1,1,8,2,44,241036,0,21.3,8.1
10,3,2,2,2,2,7,0,1,4,0,6,1,43.3,90366,0.053,5.1,5.7
5,4,2,3,8,6,4,50,1,1,0,8,1,33.1,57635,0,10,7.8
12,3,1,3,3,10,2,100,3,1,0,7,2,43.1,13421,0.164,6.8,6.5
10,5,2,3,3,10,5,0,1,1,1,8,3,43,68508,0.069,19,5.3
10,2,3,3,9,8,10,100,2,1,0,5,1,43.5,66717,0,12.9,7
10,3,2,1,8,6,5,100,3,2,0,15,0,57.6,48582,0.221,8.4,6.1
3,4,4,3,4,2,2,0,1,1,0,9,2,46.7,54551,0.058,1,7.8
11,2,2,1,2,2,3,0,2,1,0,4,1,38.1,146061,0.439,14.6,6.6
10,1,2,2,6,5,2,0,1,1,1,6,0,43.3,126211,0.05,14.9,6.3
7,3,2,2,12,12,5,50,1,7,0,10,4,45.5,75732,0.036,11.8,6.8
10,2,3,3,11,11,5,0,2,1,0,6,0,53.9,134667,0.031,15.6,5.4
1,4,2,1,2,2,9,50,1,1,1,13,5,41.3,61617,0.875,3.7,6.5
5,4,2,3,2,2,1,0,2,6,0,6,1,48,95704,0.024,16,7.8
2,2,2,1,12,12,1,50,5,3,0,9,1,47.1,87450,0.746,10.3,5.2
9,1,2,2,11,11,1,100,5,3,1,13,0,54.4,241066,0.007,15.6,7.6
6,2,2,1,6,5,8,100,5,1,0,12,0,51.5,70051,0.77,14.6,6.8
7,4,2,2,2,2,8,0,4,2,0,10,1,49.6,175091,0.008,8.1,6.3
11,3,2,1,2,2,5,100,2,1,0,11,1,39.4,107981,0,1.4,4
11,4,2,2,10,9,8,50,3,2,0,4,1,50.4,106127,0.029,11,7.7
10,2,2,3,2,2,1,100,2,6,1,11,1,59.5,177267,0.21,3.9,6.2
3,4,2,2,2,2,5,100,5,1,0,14,1,37.7,209315,0,6.1,7.2
4,1,2,3,2,2,6,50,1,1,1,12,1,51.4,180157,0,15.6,7.8
10,2,2,3,3,9,2,100,2,1,0,7,4,49.8,37558,0.094,12.3,7.1
11,4,2,3,4,4,3,50,2,3,0,4,2,36.6,54224,0.146,11.7,5.8
10,2,2,3,2,2,5,0,1,2,0,9,0,37.6,169400,0.098,10.4,6.4
2,4,2,1,1,3,1,0,2,1,0,10,3,45.3,37504,0.82,8.5,5.4
7,4,2,3,11,11,2,0,1,1,0,4,1,37.4,94905,0,5.7,7.1
3,3,2,3,12,12,1,100,1,1,0,8,1,42.4,66165,0.076,5.8,7.4
2,4,2,2,8,6,9,100,1,1,0,9,0,45.9,78826,0,6.6,6.8
10,3,2,1,7,7,5,0,5,1,0,7,1,40.5,56820,0,5.4,6
4,5,2,3,2,12,7,100,2,1,1,10,3,50.4,236767,0.096,12.8,8.5
10,4,2,3,2,2,8,50,2,4,0,4,2,41.4,102812,0.064,16.8,5.1
1,4,2,1,2,2,7,50,1,4,0,8,2,35.9,68538,0.671,6.5,8.7
10,4,3,1,2,2,5,100,1,1,0,8,1,48.2,112077,0.269,1.6,4.9
3,4,3,3,1,3,5,0,2,1,0,9,1,40.6,35436,0.138,1,6
5,4,2,1,8,6,5,50,4,6,0,11,0,43.4,71654,0.022,9.7,5.4
12,5,2,3,5,1,4,100,2,1,1,6,3,60.3,180024,0.073,21.4,6.8
7,2,2,2,10,9,2,50,2,1,1,5,3,38.2,129031,0.015,15.2,7.1
6,4,2,2,6,5,2,0,5,1,0,10,3,45.9,110240,0,9.8,4.7
12,3,3,2,10,9,6,0,2,1,0,9,2,31.1,71324,0.036,1.2,8.3
5,3,2,2,8,6,2,100,2,7,0,6,1,48.7,61901,0.012,4.2,4.7
11,3,2,3,9,8,6,0,2,2,0,6,0,37.8,43411,0.047,5.6,3.9
10,4,2,1,2,2,5,0,1,1,0,6,2,46.4,79836,0.108,2.4,6.8
5,4,2,3,2,5,5,100,5,1,0,5,0,37,120271,0,10.9,8.3
11,2,2,3,1,3,10,50,1,1,0,6,3,51.3,42072,0.048,9,4.7
8,1,2,2,11,5,8,100,2,1,1,4,1,51.9,227110,0.034,18.3,8.2
1,4,2,2,2,2,1,50,2,2,0,3,1,38,124228,0.001,9.2,5.3
8,4,2,1,5,1,1,0,1,1,0,13,3,37.3,104900,0.895,10.1,7.5
1,3,2,1,8,6,6,100,2,1,0,4,1,43.4,48541,0.235,14.1,8.9
10,1,2,1,6,5,8,0,1,1,1,10,1,51.5,110987,0.554,13,6.4
2,4,3,3,11,11,7,100,5,2,0,7,1,36.3,100809,0.234,6.3,8.1
4,4,3,3,6,5,5,100,1,2,0,7,1,40.3,92552,0.063,11.6,7.7
11,3,2,3,1,2,8,100,2,2,0,7,2,50.1,27981,0.067,9.1,4.3
4,2,2,3,2,2,7,100,2,6,0,6,3,39.3,112851,0.203,12.1,5.9
1,4,2,1,5,1,6,100,2,1,0,5,1,48.4,78248,0.142,4.2,6.7
6,4,2,3,10,9,5,100,2,1,1,9,0,42.7,47433,0.161,5.5,6
9,2,2,3,1,11,1,100,1,2,0,9,2,45.2,59255,0,12.5,6.3
4,4,1,3,5,1,2,50,5,2,1,6,2,47.2,67581,0.173,8.6,6.6
4,1,2,3,12,12,5,0,3,4,1,8,2,43.4,81780,0.222,12,4.8
5,3,2,3,2,2,2,50,1,1,0,10,0,41.9,84892,0.053,0,7.4
3,4,2,2,4,4,5,50,5,6,0,11,0,38.5,99721,0.013,10.2,6.9
12,2,2,3,1,3,9,0,5,3,1,10,1,48.7,46738,0.131,11.7,5.1
8,3,2,2,2,2,5,0,1,1,1,8,0,48.8,96163,0.001,12.4,5.6
9,1,4,3,8,6,5,50,1,4,1,9,3,46.4,109074,0.161,11.1,9.6
11,1,1,3,5,1,1,50,5,1,1,8,0,49.8,115713,0.21,20.4,6.2
5,4,2,2,6,5,7,0,2,2,0,8,1,48.7,85859,0.065,10.8,7
1,4,4,1,2,2,7,50,1,1,0,9,2,46.2,62620,0,8.8,7.9
9,4,2,1,10,9,2,0,1,1,0,8,1,40,85637,0,17,6.8
1,4,2,3,7,7,5,50,2,1,0,6,2,55.3,60639,0.038,4.6,6.3
3,4,3,2,8,6,5,0,1,1,0,9,1,46,91087,0,12,5.7
11,4,2,3,7,7,1,50,2,4,0,8,2,50.2,117724,0.201,12.8,6.8
4,3,2,2,11,11,5,0,1,4,0,7,3,40.4,102895,0.046,7.1,7.3
9,1,2,3,11,11,5,50,4,2,1,4,4,43.3,135603,0,19.1,6.2
11,2,4,3,8,6,1,0,5,1,0,4,0,43.1,93032,0.181,8.9,6.6
8,4,1,1,5,1,1,100,3,3,0,4,1,53.3,57978,0.217,7.2,5.8
1,2,2,3,5,1,6,50,5,2,0,7,0,47.6,105014,0.037,13.5,8.6
12,3,2,3,2,5,8,50,1,1,0,8,1,34.5,67419,0,11.1,7.3
1,3,2,3,2,2,5,100,2,1,0,9,0,34.3,67833,0.04,6.4,10
1,2,2,3,2,2,1,100,3,3,0,6,3,46.6,107804,0.167,13.1,5.5
3,2,2,3,3,10,3,50,1,1,0,9,1,43.8,38757,0.064,13.6,5.2
6,4,2,3,12,12,5,0,3,1,0,9,1,39.3,35541,0,2,6
3,2,2,1,2,2,5,0,2,4,0,12,1,35.7,213816,0.365,11.9,6.8
11,2,3,3,6,5,10,50,2,1,0,9,0,45.5,117511,0.123,16.6,7.2
7,2,2,1,2,2,2,0,1,1,0,8,1,40.2,103983,0.571,18.4,5.2
1,5,2,3,6,5,6,0,1,2,1,8,4,65,87109,0.046,17.7,4.9
9,3,2,1,2,2,5,50,1,2,0,10,2,29.6,118289,0.751,4,7.8
5,2,2,3,2,2,9,100,2,1,0,9,2,43,128794,0,7.9,8.2
2,4,2,3,2,2,1,0,2,2,0,14,4,43,101676,0.084,9.2,6.2
4,4,1,2,2,2,1,50,1,2,0,9,2,44,64622,0.011,6.4,8.5
6,2,2,2,6,5,6,100,2,1,0,2,2,42.8,126066,0.063,12.5,6.9
7,5,3,3,6,5,7,50,5,1,1,5,2,37.4,181836,0.054,20,7.4
4,4,2,1,12,12,2,100,2,7,0,7,2,46.6,52572,0.361,5.7,8
3,3,3,3,3,10,8,100,3,1,0,8,3,40.2,14786,0,5.3,6.3
12,1,2,1,2,2,2,50,2,1,1,6,0,30.5,177537,0.258,17.2,8.9
3,4,2,1,2,2,5,100,1,1,0,7,1,39.1,109416,0.173,4.8,8
1,4,2,2,6,5,6,0,1,1,0,6,1,45.3,69595,0.02,6.8,8
6,4,2,2,6,5,9,100,1,1,0,7,1,41.5,58551,0.054,15.7,5.7
2,3,2,1,2,2,8,0,3,1,0,14,1,44.7,73556,0.393,2.8,7.2
3,3,2,3,9,8,9,50,5,1,0,6,0,41.8,47722,0,0,4.5
3,3,2,2,1,3,5,0,1,7,0,8,0,42.2,41201,0.013,8.4,4.4
2,3,4,3,2,2,2,100,1,1,0,7,3,41.4,75899,0.056,7,5.6
4,3,2,3,6,5,5,50,5,1,0,9,2,47.9,71281,0,7.6,6.2
11,2,2,1,2,2,2,50,5,1,0,4,4,46.1,168759,0.165,13,6.6
10,4,2,3,2,11,5,100,1,1,0,7,3,50,118646,0.07,9.7,6
4,3,2,3,3,2,3,100,3,1,0,14,2,34,17368,0.082,7.7,6
9,1,2,3,8,6,1,0,2,2,1,7,2,41,149822,0.032,15.7,6.8
10,5,4,3,2,2,6,0,1,1,1,5,2,50.7,154355,0.042,20.5,6.2
12,1,2,2,2,2,9,100,1,1,1,8,5,50.7,230471,0.02,18,7.9
12,4,4,1,10,9,8,50,4,6,0,8,0,44.4,47062,0.804,11.6,6
5,4,3,3,2,2,7,0,1,1,0,4,2,51.8,95038,0.173,11,6.6
10,2,3,3,1,3,1,100,4,2,0,9,4,45.4,35863,0.135,22.1,5.9
9,2,2,2,6,5,10,0,5,1,0,11,5,47.9,140567,0,9.1,6.9
1,2,2,1,10,9,5,0,1,1,0,10,1,34.2,61922,0.088,11.9,7.4
1,4,2,3,2,5,2,50,1,1,0,6,3,49.9,73523,0.079,7.3,7.3
10,1,2,3,2,3,5,100,2,1,1,6,2,34.5,194810,0,14.2,7.4
11,2,2,3,1,3,10,0,5,2,1,9,3,41.6,48633,0.289,6.5,5.1
12,2,2,3,8,6,5,0,2,2,0,10,1,46,106719,0,12.4,8.2
2,4,2,3,1,3,5,0,1,1,0,10,0,40.6,41570,0.173,13.3,6.6
8,4,2,3,5,1,5,0,1,1,0,8,1,39.4,104683,0.047,8.6,4.5
4,2,2,3,11,11,5,100,5,1,0,8,0,38.5,141491,0,15,6.9
10,3,2,3,11,11,8,0,2,1,0,9,0,38.7,53807,0.111,6.8,4.3
4,4,2,3,2,2,5,100,2,1,0,5,2,48.4,118442,0.04,4.7,6.4
1,3,2,3,2,2,4,0,2,1,0,9,0,47,48150,0.054,6.7,8
12,3,2,2,2,2,7,0,2,1,0,11,3,38.3,139348,0.025,6.1,9.4
5,1,2,1,2,2,7,100,2,4,1,9,2,32.5,241164,0.169,9.7,7.8
3,1,2,2,2,2,1,0,2,2,1,4,2,51.3,217905,0.046,11.3,5.5
1,3,2,3,1,2,7,100,1,4,0,13,1,42.2,15504,0,3.4,6
3,4,2,2,2,2,9,100,1,1,0,12,3,43.2,106277,0.024,5.1,8.4
2,4,2,3,2,2,5,100,2,7,0,3,4,41.7,150981,0.122,7.4,8.8
1,3,2,2,6,5,6,100,2,3,0,5,0,40.2,48751,0.03,4.7,6.7
3,4,2,3,2,2,8,0,3,1,0,7,1,39.8,94711,0.069,9.8,6.2
1,3,2,3,5,1,5,0,2,1,0,8,3,39.5,66700,0.114,7.7,8
5,4,2,1,1,3,1,50,1,1,0,7,0,49,24507,0.398,11.8,6.4
3,4,4,2,8,6,5,100,2,2,0,9,6,40.6,98891,0.005,2.4,8.7
3,1,2,1,3,2,4,100,2,1,1,6,4,46.2,45783,0.808,11.2,8.3
3,4,2,3,2,2,5,0,2,2,0,12,0,44.7,195571,0.11,9.3,6.9
4,4,2,3,10,9,5,0,2,1,0,7,0,41.9,92398,0,12.8,5.3
6,4,2,3,11,11,5,50,1,1,0,10,5,48.3,86395,0,2.6,4.8
10,2,2,3,1,3,5,100,2,2,0,4,3,42.9,33088,0.044,0.5,6.5
1,4,1,1,2,2,5,50,1,1,0,9,2,44.5,55483,0.447,8.8,6.8
4,4,2,3,2,2,5,100,2,2,0,9,3,47.7,181305,0.069,6.2,5.4
1,4,2,3,2,2,5,0,5,1,0,4,0,62.3,113942,0.14,3.4,6.1
12,3,2,2,1,3,6,50,2,1,0,13,1,40.1,31292,0,10.7,6.7
10,2,2,3,2,2,6,100,2,1,0,11,3,52.1,186850,0,18.8,6.9
11,2,2,3,2,2,1,0,1,2,0,13,4,39.2,164410,0.07,3.3,6
5,4,2,3,1,3,1,0,1,1,0,9,1,36.6,34934,0.037,0,5.3
1,5,2,3,6,5,7,0,2,1,1,4,1,45.3,115289,0,20,6.4
1,5,2,2,2,2,7,0,2,1,1,12,2,51.7,181876,0.033,16.2,6.6
3,3,2,2,2,2,5,0,1,1,0,14,1,41.8,101574,0.009,6,6.4
4,4,2,3,10,9,7,0,5,2,0,7,1,32.5,77233,0.233,9.7,6
1,5,2,2,6,5,5,50,3,1,1,7,1,47.6,129256,0.063,16.8,8.8
2,4,2,1,10,9,5,0,1,1,0,3,0,47.2,118983,0.561,7.2,7
1,2,2,3,1,3,6,0,2,1,0,9,2,62,28976,0.004,7.2,2.3
12,4,2,3,5,1,3,0,1,2,0,9,1,41.2,89715,0.098,9,3
4,4,2,1,3,10,4,50,2,1,0,10,1,43.9,20644,0.065,3.3,5.1
9,2,2,2,3,10,8,100,5,1,0,5,1,42.3,64618,0.032,14.3,7.1
8,4,2,3,1,3,8,50,4,1,0,9,3,44.2,29660,0,11.6,7.4
12,4,2,3,1,3,6,50,3,2,0,7,6,38.5,33172,0.205,6,7.8
4,4,2,3,11,11,1,50,4,2,0,9,2,36.9,102617,0.069,10,7
11,3,2,2,2,2,7,0,1,2,0,4,1,40.6,100002,0.005,12.5,6.9
5,2,3,3,1,3,5,0,1,1,0,4,1,43,42958,0.153,6.4,6.3
4,4,2,3,5,1,7,0,2,1,0,7,1,38.7,65923,0,4.9,4.2
11,3,3,3,2,2,8,100,1,2,0,10,3,47.6,66413,0,5.9,6
10,1,2,1,2,2,1,0,1,1,1,6,1,47.2,140344,0.567,12,5.3
3,3,2,3,2,2,9,50,3,1,0,6,2,34.2,85682,0.189,11.1,7.8
3,2,2,1,11,11,3,50,2,2,0,3,0,54.2,101415,0.565,8.6,5.8
1,4,2,3,2,2,9,0,2,6,0,15,2,43.4,112478,0.133,7.8,5.4
1,1,2,3,6,5,1,100,1,5,1,11,1,47.5,104410,0,13.3,5.3
10,2,2,1,6,5,6,0,2,1,0,10,2,40.5,125342,0.268,6.7,4.3
10,3,1,3,10,9,1,50,3,1,0,9,2,38,40223,0,14.3,7.6
10,5,2,3,1,3,5,50,2,1,1,7,6,53.2,51479,0.104,22,5.9
10,4,2,3,1,3,5,0,1,1,0,12,1,38.7,29237,0.106,7.2,8
7,3,3,2,2,2,3,0,2,1,0,9,6,40,70112,0.03,2.4,9.1
1,3,2,3,6,5,7,100,1,1,0,8,2,40.2,67564,0.233,11.4,7.1
4,4,2,1,11,11,5,50,1,3,0,11,2,42.7,77871,0.623,3.9,7.8
7,2,2,3,4,4,5,50,2,1,0,4,3,51.5,126209,0.16,8.3,5.6
4,4,2,3,1,3,2,0,3,1,0,6,2,43.9,28710,0,7.6,4.1
6,4,2,1,6,5,10,0,5,1,0,10,4,28.4,57643,0.433,10.9,8.6
1,3,2,1,2,5,6,100,2,1,0,4,3,38,70616,0.692,14.2,8.2
7,1,1,2,1,3,1,50,2,1,1,13,3,38.1,46553,0.044,17.2,7.1
3,4,2,2,7,7,7,0,1,1,0,1,1,39.2,104769,0.024,11.8,8
2,4,2,1,10,9,5,50,2,1,0,9,1,43.6,96378,0.568,12.5,5.5
4,2,3,2,10,9,9,0,4,4,0,4,0,36,85121,0,7.9,4.4
1,2,2,3,2,2,4,0,1,6,1,10,2,51.7,67317,0.014,20.3,5.2
1,4,2,1,2,2,7,50,1,1,0,7,0,38.6,64417,0,16.3,6.9
1,4,2,1,7,7,8,0,1,3,0,9,1,52.2,54765,0.065,6.6,6.6
11,2,2,2,2,2,6,100,2,1,0,6,3,49.7,195213,0.01,10.4,6.3
11,2,2,3,4,4,6,50,2,2,0,8,1,49.1,119247,0.082,10.8,7.3
12,1,2,2,2,2,4,50,1,1,1,12,3,51.6,176721,0.043,15.8,7
4,4,2,3,1,3,9,100,4,1,0,13,2,47.5,42820,0.178,7.9,9
10,4,4,3,2,2,5,50,3,1,0,6,1,44.3,88190,0.092,9.4,8.4
11,2,2,1,2,2,7,50,1,1,0,7,2,32.1,137928,0.633,15.1,8.1
10,2,2,3,11,11,5,100,5,5,0,6,2,48.7,192686,0.088,13.5,5.9
8,4,2,3,3,10,5,0,1,6,0,10,2,46.4,44487,0.069,12.7,7
5,1,3,2,2,2,10,50,1,3,1,5,6,37.2,201746,0.028,20,6.3
11,3,2,1,2,2,5,100,3,1,0,8,2,41.1,71776,0.241,3.8,6
10,4,2,3,2,2,5,100,1,3,0,6,4,53.6,159591,0.025,11.8,6.9
3,2,2,1,2,2,2,0,2,1,0,13,1,52.9,134247,0,11.6,6.8
1,4,2,1,1,3,6,50,2,1,0,9,0,36.1,22780,0.241,6.7,6.5
7,1,2,3,4,2,1,0,3,3,1,9,1,42.1,122627,0.14,17.7,7.4
3,4,2,1,1,3,8,50,4,2,0,7,0,42.8,25628,0.385,5,6
2,3,1,1,2,2,3,0,1,2,0,3,3,45.9,38092,0.731,9.2,8.6
10,4,3,1,5,1,6,0,5,1,0,9,1,45.4,78240,0.455,6.1,6.8
3,2,2,3,5,2,1,50,1,1,0,9,2,54.3,104171,0.017,12.4,4.1
1,1,3,1,1,3,3,100,4,4,1,7,1,40,26171,0.527,17.6,7
11,5,3,3,11,11,7,50,1,1,1,8,3,40.9,161961,0.18,13.8,9.4
7,2,3,3,11,11,1,0,1,1,0,9,6,48.5,110181,0.178,11.4,5.9
3,2,2,2,1,3,5,50,1,4,0,11,5,51,59241,0.074,10.1,5
12,4,1,3,2,2,6,0,2,1,0,1,0,28.2,63867,0.04,5.3,9.7
10,3,2,2,11,11,5,50,1,1,0,7,0,38.4,80003,0.051,11.5,6.9
1,4,2,2,5,1,5,0,1,2,0,8,1,45.2,96275,0.014,7.9,6.5
10,4,2,2,2,2,5,50,1,1,1,6,1,50.3,122472,0.011,11.1,6.1
1,3,2,3,2,2,9,50,2,2,0,5,0,34,46987,0,0,6.4
1,4,2,2,1,3,4,100,1,1,0,10,2,48.1,22040,0.017,8.6,6.3
2,5,2,1,12,12,5,50,2,1,1,10,5,40.8,146763,0.358,15,6.4
3,4,2,3,11,11,8,100,1,1,0,8,1,30.6,87416,0.005,15.7,9.4
11,3,2,3,2,2,6,0,2,2,0,4,1,38.5,92530,0,11.9,6.3
11,3,2,1,2,9,6,100,5,1,0,6,3,45.3,87278,0.284,2.2,6
4,2,2,3,1,3,1,50,2,1,0,5,4,35.1,54307,0.177,15.4,5.6
6,3,2,2,2,2,4,0,2,1,0,7,1,39.6,75618,0.031,0.3,8.1
3,2,4,3,2,2,7,0,2,4,0,6,1,43,159955,0,14.2,7.4
6,5,2,3,2,2,1,0,1,1,1,8,2,41.3,201087,0.213,19.4,6.4
5,2,2,3,5,1,7,0,2,1,0,5,1,50.5,105077,0.088,13.4,3.7
12,2,2,1,1,3,6,0,5,1,0,6,1,41.8,38210,0.557,6.1,6.6
3,5,2,2,2,2,7,0,1,6,1,5,2,41.7,281948,0.013,17.9,6.8
9,4,2,2,11,11,6,50,3,1,0,8,0,43.6,109045,0.03,1,6.7
12,4,4,2,6,5,2,50,2,2,0,9,2,50.7,88559,0.056,6.8,2.2
5,2,3,1,2,2,5,100,3,1,0,5,2,35.8,120814,0.344,11.6,7.4
10,1,2,2,6,5,2,100,3,1,1,8,6,55.1,114590,0.047,15.5,7.1
4,2,2,2,12,12,10,0,1,1,1,8,2,36.3,80353,0.032,10.8,7.5
2,4,4,2,1,3,7,0,1,2,0,15,3,46.4,27855,0.067,12.1,5.7
10,4,2,1,10,9,3,0,1,1,0,9,2,30.4,51432,0.263,14,9.4
3,2,3,1,1,3,1,0,4,2,0,6,0,48.9,29035,0.624,11.7,3.6
11,1,2,1,2,2,5,100,1,1,1,8,2,52.7,276550,0.451,15.5,6.6
1,3,2,2,2,2,4,50,1,2,0,6,2,39.7,59053,0.017,14.2,7.1
4,1,2,2,6,5,1,0,1,2,1,9,1,44.6,156152,0.055,19.8,7.8
12,3,2,3,2,2,5,50,1,2,0,9,0,45.4,69774,0.136,6.1,6.1
10,3,2,1,8,6,6,100,5,4,0,8,3,42.8,38828,0.099,3.7,5.5
10,4,3,2,11,11,5,100,1,1,0,10,1,35.1,110186,0.052,14.1,10
8,3,2,2,3,2,1,100,2,1,0,8,2,50.3,33444,0.004,12.1,6.2
12,2,2,1,10,9,6,0,3,1,0,14,1,50.2,85372,0,11.3,5.6
11,4,2,3,1,3,7,50,1,1,0,11,2,49.3,27566,0.046,7.1,7.8
5,4,2,3,8,6,7,100,1,2,0,5,2,31.1,66216,0.095,8.1,8.6
1,1,2,1,1,3,2,0,2,1,1,9,1,39.2,31396,0,10.2,5
12,4,2,1,1,3,5,100,1,1,0,5,3,46.2,36148,0,6.2,5.6
11,2,2,3,1,3,7,0,2,2,0,13,1,50.3,51831,0.117,11.3,6
4,4,2,3,6,5,3,0,2,1,1,5,2,47.5,57387,0,6.2,4.2
4,2,2,2,2,2,9,50,1,1,0,6,0,38.4,121187,0,16.4,7.5
3,3,2,2,1,3,5,0,1,1,0,5,2,42.8,25875,0.099,11.9,7.6
10,2,2,3,8,6,9,0,2,2,0,4,3,45.5,159412,0.037,12.9,7.8
12,2,2,3,9,1,3,100,4,1,0,8,3,37.7,52841,0.056,10.6,8.2
8,4,3,3,11,11,5,0,1,1,0,9,1,39.9,89556,0.002,1.9,8.3
6,1,2,3,2,3,8,0,2,6,1,13,2,51.5,143638,0,16.8,6.6
11,2,4,2,1,3,6,100,5,1,0,7,1,51.8,43371,0,13.3,6.9
1,4,2,1,2,12,5,50,1,4,0,9,3,52.6,100986,0.232,7.8,4.3
10,2,2,3,12,12,5,0,1,6,0,12,2,47.8,57938,0.144,8.9,6
11,4,2,2,6,5,7,0,1,7,0,3,0,40,96511,0.016,5.8,5.5
1,4,3,1,8,6,1,0,3,1,0,6,0,45.9,70197,0,7.8,7.4
4,4,2,3,1,3,9,50,2,1,0,8,1,56.2,29576,0.016,8.5,2.4
2,2,2,3,5,1,5,0,1,1,0,6,3,35.7,177926,0.012,9.4,8.7
10,2,2,3,2,2,7,50,2,1,0,13,1,37,157530,0.1,16.3,5.7
11,2,2,2,2,2,5,0,1,1,0,4,2,44,175687,0,22,6.3
5,5,2,2,6,5,7,100,2,2,1,7,1,53.3,196852,0.056,12.8,6.3
10,2,2,3,6,5,6,0,2,4,0,5,2,43.3,102699,0.116,17,5
11,4,2,2,4,4,1,0,3,1,0,9,1,51.4,74926,0,8.5,7.4
12,2,2,1,2,2,5,0,1,1,0,6,5,33.2,138058,0,10.3,6.7
3,2,2,1,2,2,3,100,5,1,1,9,1,44.4,179658,0.365,15.2,7.6
4,2,2,3,7,7,1,50,1,1,0,8,2,50.1,151318,0.144,13.2,6.8
1,2,2,3,8,6,5,50,1,7,0,9,1,48.6,65737,0,10.2,6
7,1,2,3,7,11,6,100,1,1,1,8,3,45.1,98896,0,17.3,8.3
4,1,2,2,2,2,6,0,2,1,1,7,4,40.4,230953,0,15.8,6.4
1,5,2,3,2,2,6,100,1,6,1,3,3,44,184821,0,14.9,9.4
10,2,2,3,2,2,8,0,2,1,0,8,2,48.3,146722,0.112,15.5,5.7
1,1,2,2,2,2,5,0,1,1,1,10,3,44.7,162358,0,13.6,7
9,4,2,1,1,3,5,50,1,2,0,7,1,46.7,51506,0.686,6.5,6.8
1,2,3,3,6,5,1,50,2,1,0,6,3,44.3,76991,0,9.6,5.8
2,1,2,3,11,2,5,100,1,1,1,8,2,44.5,130595,0.163,18.7,7.5
8,4,2,2,2,2,1,0,2,1,0,11,2,38.3,188628,0.054,3.7,8.2
4,3,3,3,7,7,10,100,3,1,1,1,1,30.1,40015,0.005,6.4,8.8
11,4,2,1,11,11,5,0,5,4,0,6,3,45.3,109850,0.16,8.5,10
1,4,2,3,5,1,1,0,2,1,0,9,3,39.7,75669,0,9.6,6.4
1,3,2,1,1,3,5,0,1,5,0,7,1,45.5,16085,0,9.4,6.4
4,2,2,3,2,2,5,0,1,1,0,2,1,45.9,148427,0.103,11.6,4.9
12,4,2,3,2,2,5,50,2,2,0,7,1,46.9,107369,0.13,17.3,5.9
3,3,2,1,3,10,7,100,2,1,0,8,2,45.5,31370,0.205,2.9,7
9,4,3,2,2,2,1,0,5,2,0,9,1,48.8,220040,0,6.3,5.5
5,4,2,3,2,2,1,100,2,1,0,12,4,34,124490,0.169,8.3,8.7
11,3,2,3,2,2,8,100,2,2,0,7,0,42.1,119651,0,2,7.6
3,4,2,2,5,1,5,100,2,1,1,12,2,51.8,117970,0.036,9.9,6.2
11,4,2,2,11,11,5,0,3,1,0,6,3,57.6,108407,0.011,12.4,6.9
3,3,2,3,8,6,6,0,1,1,0,6,0,40.6,69606,0.021,8.1,5.5
3,3,2,3,6,5,5,50,2,2,0,11,2,34.8,68788,0.109,9,8.2
4,2,2,3,11,11,5,100,1,4,0,9,0,52.3,140958,0.076,7.4,10
1,2,2,3,8,6,6,0,3,2,0,9,0,47.3,61501,0.145,8.5,5.2
7,3,2,1,8,6,8,100,1,1,0,6,1,41.2,59018,0.778,1.8,6.5
10,2,2,2,2,2,10,100,2,1,1,6,1,37.6,208392,0.028,17.4,9.4
10,2,2,1,2,2,4,100,2,1,0,9,0,53.8,108778,0.215,9.5,6.7
10,2,2,1,2,2,10,50,5,1,0,13,2,48.6,136373,0.243,14.9,6.8
4,2,2,3,2,2,5,50,3,4,0,9,1,42.4,181156,0.056,14.7,8.5
3,2,4,3,2,2,5,0,1,1,0,8,2,39.2,137499,0.075,13.6,6.9
4,4,2,3,10,9,6,0,5,1,0,13,3,41.2,101462,0.066,3.9,8.2
5,4,2,3,2,2,2,50,1,1,0,8,2,40.2,100294,0.149,14.7,3.4
4,4,2,3,10,9,9,100,2,5,0,9,1,47.1,92543,0.06,12.8,8.5
10,2,2,3,1,3,6,0,1,1,0,9,2,46.2,40763,0.138,10.6,6.1
3,4,2,3,2,2,4,0,5,6,0,9,1,46.4,110694,0.047,3.6,4.5
3,4,2,2,2,2,5,50,4,1,0,8,4,32.9,111726,0.022,7.7,10
3,4,4,3,6,5,7,0,4,1,0,11,2,39.5,73554,0,3.4,4.7
4,4,2,2,10,9,4,0,2,1,0,8,1,37.1,78195,0,8.1,5.8
3,5,2,2,10,5,5,100,1,1,1,10,1,46.7,254929,0.003,19.3,6.8
4,4,2,3,2,2,5,50,1,6,0,6,1,46.5,127316,0,9,9.2
1,2,2,1,2,2,1,100,1,5,0,6,0,56.6,96214,0.205,16.9,7
4,3,2,2,2,2,2,50,2,1,0,9,1,35.3,76434,0.061,10.3,7.4
2,4,2,3,11,11,8,0,1,1,0,7,0,45.6,74877,0.028,12.5,7.4
7,5,2,3,1,3,5,0,4,1,1,7,1,36.6,55672,0,17.4,8.4
3,2,2,3,7,7,1,0,3,1,0,9,3,48.7,116622,0.006,14.1,6.5
3,2,2,3,6,5,4,50,2,5,0,4,0,39.8,89856,0,13.6,6.6
1,3,2,2,1,3,10,0,3,2,0,10,0,42.7,19836,0.004,9.3,6.8
4,2,2,1,1,3,4,50,2,1,0,7,1,48.4,36213,0.047,14.4,5.8
6,4,2,2,2,2,1,100,5,1,0,5,3,45.4,132660,0.011,9.1,7.3
1,3,4,2,6,2,8,100,1,2,0,4,2,54.8,45864,0.1,6.8,5.2
3,4,3,3,8,6,6,50,1,1,0,9,2,39.1,85518,0.043,13.2,5
8,2,2,3,1,3,1,100,2,1,0,4,2,48.7,61989,0,16.2,6.3
12,4,2,1,2,2,5,100,1,5,0,11,2,42.4,132973,0.422,12,6.3
11,2,2,1,1,3,6,0,5,7,0,5,0,48.9,42493,0.268,3.7,5.1
11,1,2,3,10,9,6,100,1,1,1,3,4,43.7,129827,0.27,20.6,6.5
10,3,2,3,2,2,5,100,3,4,1,4,0,49.5,99997,0,2.3,6.7
11,2,2,3,10,9,5,0,5,1,0,9,1,41.3,207507,0,12.1,6.4
4,3,2,2,4,4,7,100,2,2,1,7,1,46.5,91937,0.004,8.4,5.2
1,2,4,2,3,10,5,0,3,2,0,8,0,44.5,28555,0.006,19.5,3.6
4,4,2,2,1,3,4,100,1,1,0,5,2,42.8,32867,0.033,6.1,6.5
3,1,2,3,2,2,5,100,2,1,1,9,5,44.1,232937,0.096,9.6,8.1
12,2,2,3,2,2,6,50,1,3,0,5,2,50.5,141085,0.254,8.2,8.1
11,2,2,3,5,1,2,0,2,1,1,11,3,39.8,119546,0.06,3.3,5.5
1,1,2,2,6,5,10,50,4,1,1,5,1,52.4,75227,0.033,20.5,7.4
11,2,2,3,12,12,6,100,4,1,0,12,3,57.1,75434,0.026,7.7,5.6
3,4,1,3,8,6,4,0,3,1,1,7,2,39.6,31555,0,2.6,9.4
3,1,2,3,3,5,5,100,2,1,1,11,1,46.7,73552,0,11.8,6.5
11,4,2,3,8,6,7,50,3,1,0,7,1,51.4,82248,0.235,15.3,5.3
3,4,2,3,7,7,6,100,5,3,0,9,3,40.8,82343,0.204,10.6,10
2,4,2,3,8,2,7,100,1,2,0,5,1,42,93689,0,10.1,6.5
8,4,2,3,6,5,4,0,5,1,1,14,0,41.2,77762,0.129,4.4,4.9
11,3,2,1,11,11,6,100,2,1,0,12,1,37.6,83320,0.036,11.8,6.5
2,2,2,3,7,1,1,100,3,2,0,13,2,46.5,124467,0.11,10.9,7
1,5,2,1,2,2,5,0,3,1,1,9,3,39.5,126002,0.457,11.5,8.9
4,2,2,2,9,8,6,0,2,1,0,11,2,53.2,80688,0.004,12,6
10,4,2,3,1,3,9,50,1,1,0,10,3,35.4,27937,0.136,9.1,6
11,2,2,1,2,2,5,0,1,1,0,9,3,46.6,114658,0.796,7.9,6.1
4,4,2,1,1,3,5,50,1,2,0,5,0,41.6,29187,0.724,10.5,7.2
1,4,2,1,1,3,5,100,4,1,0,8,3,41,20017,0.129,8.5,7.1
8,2,2,1,3,10,5,50,1,2,0,8,3,40,44892,0.382,10.5,5.9
4,1,2,3,8,6,1,0,2,1,1,13,1,48.9,155717,0.154,17.2,4.2
1,3,2,3,2,2,4,50,2,1,0,9,1,39.1,45240,0.129,3.2,6.9
1,2,2,2,8,6,7,0,2,1,0,2,1,48.6,98172,0.039,14.5,5.3
2,4,2,3,11,11,5,50,2,1,0,7,0,32.7,141486,0.07,2.9,7.8
3,4,3,1,2,2,5,0,5,1,0,10,2,40.6,111800,0.218,12.2,7.4
11,5,2,3,4,4,1,0,2,3,1,8,3,50.7,218417,0.124,8.3,5.9
4,4,2,3,2,2,3,0,3,7,0,7,2,56.5,71797,0.108,14.9,4.1
7,4,2,3,10,9,3,50,1,2,0,9,1,38.2,93379,0.01,15.9,7.9
4,2,2,1,2,2,1,0,1,1,0,7,1,42.9,141433,0.65,19,8.1
10,2,2,1,8,6,10,0,1,1,0,7,0,49.4,58799,0,18.1,8.5
11,4,2,1,1,11,5,100,2,1,0,10,2,37.3,29655,0.288,10.1,6.3
8,2,2,1,8,6,1,50,2,1,0,7,1,43,113899,0,10,6
1,4,2,1,2,2,10,0,2,1,0,8,1,40,58249,0.358,3.7,7.8
1,5,2,3,2,2,7,100,2,1,1,7,1,44.6,163082,0.094,19.9,5.7
10,4,2,1,2,2,10,0,2,2,0,9,3,38.7,95928,0.652,14.3,4.8
6,3,3,3,2,2,9,50,2,4,0,10,1,43.1,56299,0.224,1.1,5.4
11,5,3,2,4,4,5,100,1,2,1,7,0,46,224804,0,18.5,7.5
5,2,4,1,5,1,7,0,1,1,0,4,3,52.9,80155,0.07,16.5,5.7
7,2,2,3,8,6,5,0,5,1,0,8,1,41.8,133056,0.106,10.9,5.6
5,2,2,3,8,6,5,50,4,2,0,5,0,45,86436,0.094,20.8,5.9
2,2,2,1,12,12,9,0,5,1,0,6,2,46.8,67965,0.298,13.2,5.6
4,3,2,1,1,3,7,50,1,2,0,5,2,56.3,18714,0.593,4.4,5
10,1,4,3,8,6,1,100,1,1,1,7,2,46.9,104580,0.062,12.8,5.6
4,3,2,2,2,2,5,50,2,1,0,5,0,54.1,89757,0.078,1.9,6.1
10,3,2,2,2,2,6,100,1,1,1,10,3,51.1,69985,0.032,9.4,4.9
9,3,1,3,10,9,9,100,3,1,0,11,0,32.9,39455,0.064,8.8,6.2
5,5,2,1,5,1,10,50,5,1,1,11,1,44.4,125653,0.409,11.9,6.5
2,3,2,3,11,11,5,0,5,1,0,9,2,42.9,80596,0,3.2,5.7
11,4,3,1,2,2,7,0,1,1,0,13,4,46.5,81890,0.386,4.9,6.7
11,4,2,3,2,2,9,50,1,2,0,14,2,35.1,127699,0.188,10.6,7.5
3,2,2,3,2,2,7,0,2,1,0,10,3,48.3,192744,0.199,11.7,5.9
10,2,2,3,2,2,6,50,3,1,1,10,1,34.3,148162,0.134,12.2,5.6
7,2,2,3,1,3,5,100,3,1,0,16,1,43.8,66490,0.046,11.1,6.3
1,2,2,3,2,2,5,100,5,1,0,4,2,44.6,128053,0.081,16.9,6.6
10,1,2,3,2,2,2,0,5,1,1,8,1,47.8,202173,0.18,18.1,7.7
3,3,2,1,11,11,9,0,3,5,0,1,0,42.1,52016,0.745,8.9,5.8
10,1,2,3,2,2,5,100,5,1,1,7,1,47.9,178767,0.199,14.1,7.1
4,4,2,3,2,2,5,50,4,1,1,10,0,38,123825,0,1.2,7.2
9,2,2,2,2,9,2,100,2,1,0,9,2,35.4,176990,0.021,13.3,9.9
3,3,2,3,2,2,7,0,1,4,0,10,1,42,102132,0.174,0.3,7.9
1,4,2,2,10,9,9,0,3,1,0,10,3,45.9,58254,0,9.1,4.9
3,1,2,3,6,5,5,50,1,1,1,9,4,42.8,149411,0.05,10.7,7.3
1,4,2,3,1,3,5,50,1,1,0,8,0,53.4,25349,0.087,7.8,6.1
4,4,2,3,12,12,1,0,5,1,0,10,6,51.4,88369,0,5.5,5.8
7,5,2,2,7,7,2,50,2,4,1,6,1,49.2,209812,0.014,21.4,7.4
1,1,2,3,9,8,5,100,2,3,1,11,3,50,97504,0.04,12.1,6.6
9,3,2,1,8,6,5,100,2,1,0,6,2,36.5,88271,0.956,17.4,6.8
8,4,2,3,7,7,1,0,5,5,0,6,1,41.6,115557,0,9.3,5
7,3,2,1,2,2,8,0,2,1,0,7,1,43.3,77746,0.035,1.6,5.4
10,3,1,2,2,2,5,50,2,1,0,6,1,40.7,59340,0.079,1.9,6.2
10,3,1,2,9,2,9,0,1,4,1,7,3,34.9,17711,0.044,8.9,6.4
10,2,2,1,1,3,6,0,2,2,0,7,1,54.3,32060,0.319,17.2,3.1
11,2,4,3,10,9,10,100,3,6,0,11,3,41.1,107812,0.025,10.2,7.8
3,4,3,3,10,9,1,0,2,1,0,5,4,40.1,51020,0.178,12.1,6.9
9,3,2,3,2,2,6,0,2,4,0,13,3,43.5,100530,0.116,0,6.7
10,4,4,1,2,2,1,50,1,1,0,5,1,41.6,103643,0.163,14,5.5
3,4,2,2,2,2,5,50,2,2,0,7,1,43,119609,0,17.4,6.9
5,4,2,2,2,2,5,50,4,1,0,12,0,42.5,147330,0.042,6.8,8.3
2,4,2,1,2,2,1,50,1,1,0,5,3,31.3,120219,0.472,9,8
4,5,2,1,2,2,1,0,2,1,1,11,2,48.3,166798,0.087,19.6,6.7
1,3,2,3,6,12,10,0,2,1,0,6,1,32.2,63810,0.028,6.5,8
3,3,2,3,6,5,5,0,1,1,0,10,0,41.3,69842,0.122,5.8,5.5
1,2,2,3,11,11,7,0,2,1,0,2,0,38,86196,0.183,4.2,8.1
1,3,4,3,1,3,2,50,2,1,0,12,2,42.4,12749,0.074,0.9,5.9
9,3,2,1,2,2,2,0,2,6,0,9,2,48.2,101358,0.143,3.6,8.9
10,3,2,2,6,11,2,100,5,1,0,4,2,29.5,75414,0.017,8.5,6.8
9,2,2,2,2,2,5,0,2,5,0,6,0,29.8,275740,0,13.6,7
10,3,2,1,1,3,5,100,1,1,0,6,4,34.1,19745,0.335,4.8,4.2
1,2,2,2,2,2,2,50,3,5,1,15,3,45.3,92681,0.006,10.1,7.6
10,4,2,1,1,3,5,100,1,1,0,12,2,44.4,30657,0.421,9.9,6.2
4,4,2,2,4,2,6,100,3,1,0,11,4,40.3,94071,0.027,8.7,7.1
11,3,2,2,2,2,6,0,2,3,0,8,2,49.3,139442,0.04,8.8,6.1
3,4,2,3,2,2,2,50,2,1,0,9,0,35.4,144164,0.086,10.1,7.6
6,2,2,2,2,2,8,0,1,1,0,7,4,36.3,130174,0.006,14,6.6
2,5,2,3,2,2,1,100,1,1,1,10,3,48,273212,0.009,16.8,7.3
4,3,2,3,1,3,1,0,1,1,0,13,0,44.2,32271,0.1,3.4,4.7
3,2,1,1,1,6,5,100,4,5,0,5,1,49.7,24470,0.61,12.5,6.4
1,2,2,1,2,2,2,50,2,1,0,15,4,44,118264,0.399,12.1,6.4
12,1,1,2,11,6,10,0,2,2,1,6,2,56,137678,0.026,16.8,7.2
3,2,2,3,2,2,7,100,2,1,0,7,0,47.8,127206,0.126,14.2,5.8
11,2,2,2,12,12,7,100,2,1,0,6,3,49.4,99812,0.062,10.9,6.5
10,4,2,3,8,6,3,0,5,1,0,15,1,44.8,90217,0.094,5.1,6.5
6,4,2,2,2,2,5,0,5,4,0,10,0,42.4,123410,0.004,7.9,6.4
6,2,2,1,8,6,2,50,2,1,0,11,1,55.3,62899,0.555,16.4,5.1
12,3,2,3,5,1,6,100,2,2,0,7,2,40.4,64288,0.047,5.3,8.5
10,1,2,1,10,9,6,0,1,1,1,4,1,53.4,121176,0.555,19,4.9
4,4,2,3,2,2,4,0,1,1,0,10,1,43.2,119704,0.179,6,9.2
1,4,2,3,2,2,5,0,5,1,0,3,5,55.7,122662,0.014,13.4,6.8
3,5,2,2,2,2,2,50,1,1,1,4,2,49.5,213850,0,15.6,5.5
10,2,2,3,7,7,5,50,2,4,0,8,0,38,116915,0.22,21,8.4
1,3,2,1,1,3,5,50,2,4,0,15,1,38.3,18062,0.401,7.9,4.8
3,4,2,3,1,3,5,0,5,1,0,8,1,47.6,45667,0.174,7.1,6
6,3,2,3,1,3,2,0,2,1,0,5,4,42.2,20037,0.057,8.4,5.5
9,1,2,3,1,3,2,0,1,1,1,10,2,29.1,49518,0,13.5,4.7
2,4,2,2,9,8,6,0,5,1,0,8,2,44.4,76203,0,12,5.8
10,1,2,2,2,2,3,0,2,2,1,6,5,50.6,126480,0.047,12.2,7.3
3,2,3,2,11,11,5,50,1,1,0,12,5,47.9,115031,0.021,11.5,8.1
8,4,2,3,2,2,1,0,2,1,0,11,2,47.9,148398,0.071,8.1,9.4
1,2,2,1,1,3,5,100,1,4,0,7,1,36.8,40535,0.467,8,6.2
10,3,2,2,1,3,6,50,5,1,0,9,1,40.4,37558,0.01,2.4,5.8
4,1,2,2,2,2,5,50,2,1,1,7,0,40.2,230131,0,22.2,9.9
3,4,2,3,2,2,5,0,1,2,0,9,2,52.6,167490,0.097,15.5,6.6
7,4,1,3,7,7,10,0,1,1,0,11,3,51.9,41589,0.09,9.6,7.1
7,2,2,1,10,9,1,0,1,2,1,8,1,37.6,165422,0.27,14.4,5
10,4,2,2,11,11,6,100,2,2,0,8,2,35.3,122869,0.046,10.7,7.7
11,2,2,2,7,7,5,50,2,1,0,9,1,51.5,102966,0.068,6,6.6
4,5,2,1,1,3,8,0,1,1,1,8,0,42,54476,0.05,13.3,3.7
12,2,2,1,2,2,5,50,1,1,0,10,3,48.2,145416,0.186,9.4,4.5
6,3,2,3,2,3,5,100,2,2,0,7,0,46.3,53530,0.056,3.5,6.3
5,4,3,3,1,10,1,50,5,1,0,6,1,40.8,36230,0.137,9,6.7
3,2,3,3,2,2,5,50,3,1,0,9,3,40.5,179894,0.171,13.5,9.6
10,2,4,3,2,2,2,0,2,2,0,12,1,38.9,88646,0.066,12.7,7.7
8,3,2,2,3,10,2,100,1,1,0,8,2,41.7,35994,0.02,5.8,6.5
8,4,2,2,1,3,1,0,5,1,0,5,2,51.3,66476,0.019,0,5.7
2,4,2,1,11,2,2,100,1,6,0,7,1,47.8,89291,0.516,16.5,6.5
6,4,2,3,1,3,5,100,2,2,0,8,4,49.6,29254,0.074,4.2,4.5
4,4,2,3,1,3,2,0,2,1,1,10,1,45.6,37664,0.122,9.7,6.1
4,1,2,3,1,3,1,0,5,4,1,9,2,52.7,73224,0.084,18.7,5.1
7,4,2,3,2,2,1,50,3,6,0,6,2,36.2,125233,0,3.5,6.9
4,4,2,3,5,5,7,100,4,1,0,9,0,52.6,91800,0,4.2,5.3
3,4,2,2,11,2,5,100,1,1,0,7,3,39.1,126636,0.059,8.2,8.5
4,4,2,2,2,11,6,0,1,3,0,9,2,39.6,113944,0.058,7.1,6.5
1,1,2,2,9,8,3,0,1,1,1,9,3,44.2,46651,0,10.2,7.3
3,4,2,1,11,11,9,0,5,2,0,9,3,44.3,80786,0,4.3,5.9
5,3,2,3,11,11,9,100,2,1,0,15,1,49.5,59759,0.128,11.3,8
12,2,1,3,6,2,7,100,2,3,0,2,2,46.9,68034,0,12.2,6.9
10,3,3,2,12,12,5,0,1,1,0,5,1,29.9,57170,0.034,0,6.6
4,4,2,2,6,5,2,50,1,1,0,13,3,29.8,103892,0.038,10.3,9.1
9,3,2,1,1,3,5,0,1,4,0,6,4,44.1,33753,0.544,0,7.8
9,4,2,3,11,11,4,0,1,1,0,16,3,40.2,85703,0.112,10.3,6.3
4,3,2,3,9,2,5,0,3,2,0,17,3,35.2,29434,0.042,8.9,6.8
9,1,2,3,8,6,5,0,2,4,1,11,2,40.1,144068,0.078,15.4,6.7
12,4,2,3,10,9,1,0,4,2,0,7,0,47.9,111213,0,5.5,6.3
4,2,2,1,8,6,10,50,1,1,0,10,1,45.1,75267,0.496,12.6,7.5
11,4,3,3,12,12,3,0,5,2,0,7,3,33.2,69961,0.05,15,7
1,4,2,2,2,2,3,50,5,1,0,4,4,46.9,78793,0,10.6,6.4
10,2,2,3,2,2,10,50,1,3,0,9,1,52.8,134811,0,11,7.1
1,4,2,3,2,2,1,50,1,2,0,5,3,41.4,86485,0.097,12.9,4.9
11,3,2,1,2,2,1,0,2,1,0,6,0,42.3,93622,0.838,4.8,6.8
5,2,2,3,2,2,10,50,2,1,0,10,1,46,117792,0,16.5,4.6
8,3,2,1,12,12,6,100,2,2,0,8,0,46.9,53470,0.302,13.1,5.3
6,4,2,2,2,2,5,0,1,1,0,4,3,43,87859,0.01,7.7,6.4
10,1,2,2,4,4,3,0,2,2,1,16,2,53,119691,0.057,14.9,6.2
6,4,2,1,2,2,8,100,5,1,1,9,1,45.4,99478,0,11.5,6.2
10,1,2,2,12,12,3,0,1,2,1,5,2,51.1,71445,0.047,23,5.7
10,3,2,1,1,2,7,100,1,1,0,7,0,39,24780,0.596,11.7,5.7
4,2,2,3,2,2,5,50,1,1,0,13,1,42.7,162724,0.077,2.5,7
4,4,2,3,1,3,8,0,2,2,0,10,3,34,27889,0.066,9.1,5.4
9,5,2,3,6,5,9,50,2,1,1,11,1,45.7,217158,0.116,17.9,10
4,1,2,3,1,3,4,50,5,1,1,7,3,41,46473,0,6.8,5.6
4,4,2,3,2,2,2,0,1,1,0,10,1,41.5,105009,0,13.1,7
11,3,1,3,4,4,10,0,4,1,1,8,1,42.4,31521,0.074,5.4,5.7
8,2,2,3,7,7,5,50,2,1,0,11,0,48.4,122590,0,9.2,6.2
4,4,1,1,2,2,6,50,3,1,0,8,4,48.2,38136,0.388,12.9,5
9,4,2,2,2,2,3,50,2,1,0,9,1,40,122307,0.019,5.2,7
12,2,2,2,6,5,5,50,2,1,0,7,3,47.4,167119,0.03,9.4,7.7
3,4,2,3,2,2,9,0,2,2,0,9,3,49.4,153528,0.105,10.1,6.1
5,4,2,3,2,2,9,100,2,1,0,9,1,42.3,106310,0.049,6.6,9.1
3,4,2,3,1,3,5,0,3,6,0,5,1,45.2,29760,0.158,8.8,4.3
12,4,2,3,2,2,6,100,1,1,0,11,2,43.8,132502,0.014,13,5
4,1,4,3,7,11,6,100,1,2,1,7,1,50.1,136103,0.137,17.5,8.5
3,5,2,3,11,11,5,0,2,1,1,6,3,57.3,266884,0.256,15.5,6
1,4,2,2,11,11,7,0,2,2,0,6,4,53.4,108463,0.004,3.4,8.7
4,2,2,1,5,1,7,50,2,1,0,8,2,45,95147,0.369,12.8,7.4
7,2,2,1,2,2,5,50,1,5,0,7,1,43,170167,0.423,9.1,6.3
11,4,2,3,5,6,5,100,5,3,0,5,0,37.1,125157,0.179,9.6,7.9
11,4,2,1,9,8,1,0,3,1,0,5,2,40.1,45559,0.779,4.8,7.1
4,4,2,1,4,4,5,100,1,1,0,4,1,31.8,67370,0.054,12.8,6.7
11,4,3,1,8,6,4,0,5,1,0,5,3,35.3,60663,0.79,9.2,7.9
1,2,4,2,1,3,2,0,5,1,0,5,2,42.3,36556,0,13.7,6.5
4,3,2,1,2,2,10,0,2,4,0,8,3,48.7,98476,0.416,7.3,5.9
7,4,2,3,2,2,4,100,5,1,0,5,3,42.6,151509,0.174,5.5,9.9
5,4,2,2,11,11,5,0,2,2,0,13,2,51,103788,0.028,9.5,5.1
3,2,2,1,2,2,8,0,2,1,0,11,1,44.8,145671,0.401,17.9,5.6
11,2,2,3,2,2,7,50,5,2,0,3,2,52.5,132652,0.086,6.4,6.7
4,4,2,3,2,2,1,0,4,6,0,9,0,39.6,139781,0,13,8.6
12,1,2,3,1,3,1,100,1,2,1,11,2,46.6,57391,0.063,13.5,7.2
4,4,2,3,2,2,5,0,5,2,0,4,3,47.5,166659,0,6.6,6.5
9,2,2,3,1,3,4,100,2,3,0,4,3,43.9,47128,0,11.7,4.3
8,4,2,2,2,2,5,50,4,1,0,3,2,39.3,119864,0,6.3,6.8
2,2,2,3,4,6,6,100,1,1,0,9,0,43.9,116269,0.151,19.7,7
1,2,2,2,2,2,9,0,1,1,0,11,1,53,94688,0,14.4,4.9
3,4,2,2,4,4,1,100,1,3,0,8,1,38.7,132410,0.018,17.8,6.2
4,1,2,3,8,6,1,100,5,1,1,7,3,48.2,282289,0.05,21.1,5.6
4,1,3,3,1,9,1,50,2,4,1,8,2,39.3,58870,0.204,13.5,6.6
1,1,2,3,10,9,1,50,5,6,1,8,2,40.7,151010,0.118,16.4,7.9
11,4,2,1,1,3,2,50,1,1,0,7,1,45,25363,0.47,10.8,4.3
4,3,2,2,2,2,5,0,3,1,0,8,2,48.1,96559,0.026,4.8,5.6
1,4,2,2,8,6,5,50,5,1,0,10,0,33.7,124633,0.013,16.5,7.6
8,2,2,3,1,2,1,0,3,1,0,6,1,49.1,36664,0,16.9,5.6
10,3,2,3,2,2,2,0,1,4,0,6,2,46,84060,0.034,9.4,6.1
7,4,2,3,1,3,5,100,2,1,0,8,4,48,45371,0.013,10.2,6.1
10,3,2,3,2,2,3,50,1,1,0,10,2,41.4,81526,0.093,7.9,7.9
3,4,2,2,2,2,3,100,1,2,0,6,1,42.5,154214,0.012,5.6,6.7
3,4,2,1,1,3,1,0,2,3,0,11,2,42.8,37088,0,9.9,6.8
5,3,2,3,10,9,5,0,1,1,0,13,1,37.3,57875,0.022,14.6,5.8
8,3,2,1,10,11,1,100,3,1,0,4,2,50.6,64408,0.441,8.3,6
4,4,2,2,2,2,5,0,1,3,0,9,3,39.3,152308,0.022,9.1,5.5
12,3,3,2,2,2,5,50,2,1,0,8,1,37.1,94361,0.056,2.2,6.7
10,5,2,3,11,11,1,100,1,2,1,6,2,59.7,220647,0.218,16.5,7.1
10,1,2,2,6,5,3,50,1,1,1,6,2,52.2,126884,0.026,13.7,6.1
4,2,2,3,2,2,6,0,1,1,0,8,3,45.3,147110,0.227,4.1,6.3
4,4,2,2,9,8,5,50,1,1,0,7,4,37.6,56205,0.033,8.7,7
4,2,4,3,2,2,5,50,2,1,1,10,0,53.4,215858,0.155,5.7,6.9
3,2,3,3,2,2,2,50,5,3,0,6,2,41.7,184990,0.127,15.1,10
11,2,2,3,6,5,1,50,2,4,0,2,1,46.1,169911,0.081,13.7,9.3
1,2,2,3,3,10,1,50,2,1,0,10,1,50.1,34119,0.162,15.3,5.5
4,4,3,2,2,2,5,50,1,1,0,6,1,44.1,122233,0,10,7.1
4,2,2,1,2,2,2,100,5,1,0,11,2,44.5,131090,0.481,13.4,7.9
7,4,2,2,11,11,2,50,3,1,0,7,1,41.3,102105,0.018,18,7.4
1,4,2,1,11,11,9,100,2,1,0,4,1,37.3,50481,0.055,13.7,8.2
10,2,1,2,2,2,3,100,4,3,0,7,6,44.2,73136,0.027,3.8,6.8
1,3,2,1,2,2,5,50,2,1,0,11,2,53.5,59816,0,6.6,5
12,1,2,1,11,11,5,0,1,4,1,7,1,58.3,127968,0.334,19.2,5.1
1,2,2,2,2,2,5,100,5,1,1,7,0,38.3,212103,0.015,13.5,8.2
11,4,2,3,2,2,10,50,1,2,0,10,2,40.5,164005,0.154,6.8,6.1
2,4,2,2,9,8,5,0,5,1,0,5,3,38.4,72853,0.04,7.6,6.4
1,4,2,1,1,3,5,50,1,1,0,5,0,46.2,29446,0.174,9.5,6.8
9,5,1,3,2,5,5,100,1,2,1,4,2,60.6,186106,0.093,21.1,7.6
8,4,2,3,11,11,5,50,1,1,0,8,2,49.9,107512,0,11.5,8.3
1,4,2,1,2,2,2,50,2,2,0,7,0,47.7,74697,0.082,5.1,7.4
4,2,2,3,5,1,7,0,1,1,0,10,4,48.2,124995,0.286,11.2,6.4
11,4,3,3,6,5,8,100,3,1,0,9,2,53.1,95475,0.178,12.9,9.2
4,3,2,2,1,3,5,0,3,3,0,6,2,33.6,28433,0.007,5,6.7
6,4,2,3,2,2,9,100,5,2,0,5,2,38.5,90311,0.075,13,6.1
7,1,2,2,11,11,2,50,1,6,1,8,4,53.8,303837,0.054,13,7.6
3,2,2,3,9,8,6,50,4,1,0,5,1,44.7,62387,0.031,21.7,5.4
12,1,2,1,2,2,5,0,2,6,1,7,3,52.1,180699,0.328,14.5,9.9
10,4,2,3,2,3,5,0,1,4,0,11,1,43,146948,0.2,11.5,8
12,2,2,1,1,3,1,100,2,1,0,10,2,46.4,53366,0.368,20.2,6.5
1,4,2,1,1,3,1,0,2,1,0,12,2,46.2,23831,0.265,6.5,4.2
3,2,2,1,6,5,2,0,1,1,0,6,1,45.6,81506,0.405,8.9,9
7,4,3,2,1,3,5,100,2,2,0,8,0,46.5,46762,0.043,10.2,7.8
1,1,2,3,1,3,9,0,1,1,1,5,0,45.3,37470,0.023,10.9,7.1
9,2,2,1,2,2,1,0,2,2,0,10,2,40.1,195100,0.015,17.5,4.7
10,4,2,1,1,3,2,100,2,1,0,11,2,38.2,25203,0.047,6.6,5.3
9,3,2,2,3,10,5,0,2,2,0,9,1,53.9,33860,0.034,0,3
10,4,2,2,3,10,6,0,1,4,0,7,1,35.1,49142,0,13.3,5.5
10,2,2,3,6,5,2,0,1,4,0,6,2,51.2,104982,0.252,8.8,6.5
10,2,2,3,3,10,7,50,1,1,0,10,4,55.6,48052,0,14.5,7
12,4,2,2,2,2,1,0,3,1,0,7,6,40,122587,0.059,6,7.7
4,1,4,3,5,1,6,50,3,1,1,10,2,43.1,137409,0,15.4,5.9
1,4,2,1,9,8,4,0,1,1,0,11,2,44.1,23227,0.859,4.6,3.9
5,2,2,3,2,2,5,50,2,2,0,11,2,60.3,129545,0,15.3,5.6
2,3,2,3,2,2,1,50,2,1,0,9,2,39,135513,0.131,7.2,6.9
10,3,2,2,11,11,2,50,5,2,0,9,3,45.7,85211,0.018,16.1,6.2
11,4,2,3,2,2,1,0,3,2,0,12,3,35.8,157330,0.181,17.1,7.7
3,3,2,2,2,1,3,100,1,1,0,6,2,55.8,91648,0.079,6.3,5.5
6,1,2,2,9,2,7,100,5,2,1,5,2,56,81781,0.048,12.4,5.6
6,2,2,1,2,2,1,0,2,1,0,3,2,45.3,108468,0.26,16.2,6.2
3,5,2,3,6,5,1,0,1,1,1,10,0,39.5,144564,0.095,20.5,8.1
11,2,2,3,2,2,1,0,2,3,0,10,2,42,229569,0.054,16,6.8
4,4,2,3,1,3,3,50,5,1,0,10,0,55.5,28373,0.065,8.5,5.1
1,4,2,2,8,6,1,0,1,2,0,6,1,39.3,62856,0,7.1,8.4
12,4,4,3,1,3,1,0,1,1,0,9,1,50.4,25309,0.054,15.8,5.6
2,5,2,1,6,5,2,50,2,1,1,5,4,44.1,153114,0.31,22.8,7.6
10,2,2,1,1,3,6,0,5,1,0,6,2,43.2,37166,0.4,19,5.1
9,2,2,2,8,6,6,50,1,1,0,7,2,43.3,149828,0.026,11.8,8.8
8,4,2,3,1,3,1,100,2,1,0,8,2,47.4,45645,0,9.7,5.8
3,2,2,2,2,2,1,50,2,2,0,3,2,51.7,231925,0.056,6.7,7.2
4,4,2,3,2,2,9,0,1,7,0,6,1,43.4,119998,0.044,5.8,5.6
1,4,2,3,6,5,9,0,3,1,0,5,1,42.7,41077,0.225,10.6,7.5
5,4,2,3,2,2,4,100,2,1,0,2,2,40.1,69533,0.124,9.3,6.7
1,4,2,1,1,3,3,100,2,1,0,6,1,42.9,26246,0.245,10.1,3.1
6,4,2,2,7,7,8,0,2,1,0,4,2,54.7,70134,0.009,7.6,5.7
4,4,2,3,4,4,6,0,2,4,0,9,1,41.5,76327,0.006,13.5,6.6
1,3,2,3,1,3,5,50,1,1,0,8,1,36.3,19388,0.031,4.6,5.8
7,2,2,2,2,2,5,0,5,1,0,8,0,49.6,372347,0.061,14.8,6.1
6,2,2,3,2,2,1,0,5,1,0,9,0,54.8,144659,0.039,13.2,5.4
4,2,2,1,11,11,7,0,2,1,0,6,2,53.2,106419,0.385,13.6,4.7
1,2,2,3,1,3,8,0,4,1,0,4,2,49,29057,0.195,15,7.1
12,2,1,1,1,3,5,50,3,1,0,6,2,43.6,24992,0.198,13.6,7
11,1,1,3,6,5,8,50,2,7,1,3,2,49.5,116255,0.159,19.9,5
9,3,2,1,2,2,5,0,2,1,0,11,1,49.5,73508,0,6.8,5.8
11,2,2,3,6,11,5,100,2,2,0,5,3,49.8,133453,0.078,12.7,6.3
4,4,2,3,5,1,1,0,1,2,1,7,1,29.3,127494,0.027,5.6,6.4
3,2,2,1,5,1,8,100,1,1,0,8,3,39.5,150407,0.478,7.5,5.6
4,4,2,2,8,6,9,0,2,1,0,6,0,43.3,91855,0,11.2,7.6
1,3,2,3,1,3,6,50,1,1,1,9,3,41.1,17715,0.032,1.1,5.6
4,4,2,3,2,2,3,50,1,6,0,5,1,48.7,99728,0.086,5.1,5.5
12,4,4,3,2,2,6,0,2,1,0,9,1,57.2,122628,0.035,2.3,6.5
7,4,3,3,2,2,5,100,2,5,0,7,1,47.9,113049,0,8.6,5.8
6,3,3,1,6,5,9,100,2,1,0,4,0,41,30380,0.083,9.7,6.8
1,3,3,1,5,1,7,50,2,2,0,7,0,44.3,33376,0.263,4.5,6.4
5,5,2,1,1,2,5,100,2,1,1,4,2,50.5,57216,0.524,11.5,7.6
10,3,2,3,2,2,7,50,4,1,0,2,0,44.4,88492,0.035,10.9,8.7
6,4,2,3,1,3,7,50,1,1,0,11,1,40.6,29454,0.09,7.9,4.5
1,4,3,3,5,1,5,50,2,1,0,13,1,51.7,122308,0.267,11.6,7.2
3,4,1,2,8,6,5,0,1,1,0,9,0,38.7,89028,0.033,8.4,6.3
10,4,2,2,7,7,8,0,4,2,0,9,4,41.9,59322,0.015,11.5,4.5
3,4,2,2,5,1,8,50,1,6,0,15,2,37.9,84486,0,7,5.8
7,4,2,2,1,3,3,0,2,1,0,12,0,42.9,28504,0.024,8.7,6.5
6,3,2,3,8,6,6,100,4,1,0,6,0,37.8,33522,0.1,9,10
4,2,2,2,2,6,6,100,1,1,0,7,2,53.1,170490,0,11.3,7
10,4,2,3,2,2,1,0,1,1,0,8,3,42.3,146434,0.145,12.8,6.7
11,2,2,1,8,6,6,0,2,4,0,6,3,50.5,95693,0.645,15.2,7.8
12,3,4,1,11,11,1,100,2,1,0,3,3,39.6,57166,0.413,4,7.6
6,4,2,3,6,5,6,0,5,1,0,6,4,44.1,56783,0.051,12.3,6.5
5,4,2,3,2,2,7,100,2,1,0,7,1,41.1,118810,0,1,8.1
6,1,2,3,1,3,1,0,2,1,1,12,1,40.6,56554,0.191,23.6,6.4
5,2,2,2,7,7,6,50,1,2,0,11,3,40.9,97560,0.013,14.7,9.5
4,3,2,2,2,2,5,50,1,1,0,6,1,43.2,92247,0.037,5.3,7.6
7,2,4,2,11,11,6,0,2,1,0,10,0,43.1,148261,0,16.3,4.4
1,3,2,1,9,8,5,0,2,1,0,7,0,37.3,25680,0.381,3.9,7.1
3,4,3,2,2,2,1,0,2,1,0,4,0,38.4,165744,0.017,13.3,9.3
11,4,2,1,2,2,5,100,1,1,0,5,2,35.2,113000,0.663,5.4,8.2
11,4,2,1,8,6,3,50,1,1,0,7,1,46,78384,0.369,10.3,7.5
12,3,2,3,2,8,1,0,4,1,0,8,3,35.1,106841,0.182,10.8,7.9
11,3,2,3,1,3,6,100,1,3,0,12,7,44.6,27190,0.084,10,7.5
10,2,2,3,1,3,5,100,2,1,0,5,2,51.3,54357,0.015,7.4,6.8
9,4,4,3,2,2,5,0,4,1,0,8,1,43.3,119184,0.12,12.6,7.8
12,2,2,2,2,2,5,100,2,2,0,10,1,42.2,161529,0.063,9.4,8.2
10,1,2,3,1,3,2,0,2,1,1,7,4,50.9,49444,0.084,13.4,5.5
2,4,2,1,2,2,7,0,1,1,0,12,0,54.8,104857,0.223,12.2,5
1,3,2,3,2,1,1,100,3,5,0,4,2,40,52500,0.123,0.3,4
3,4,2,2,8,6,4,0,5,1,0,7,3,39.9,100791,0.002,21,8
3,4,2,1,2,2,6,0,5,5,0,4,0,42.2,132217,0,10.7,8.5
1,4,2,1,2,2,7,50,3,6,0,7,3,52,65521,0.351,7.9,4.4
4,3,2,3,11,11,2,100,2,6,0,7,4,51.8,76860,0,0,5.9
4,2,2,2,2,2,4,0,2,1,0,7,1,36.6,157717,0.078,15,6.7
5,3,2,2,11,11,8,0,2,1,0,7,1,43,56459,0.048,10.2,5.7
10,4,2,3,2,2,1,50,3,1,0,9,1,43.9,107505,0.039,13.7,9.1
4,3,2,3,11,11,3,0,1,1,0,9,4,38.4,52328,0.079,7.8,5.3
10,2,2,3,12,12,7,100,2,2,0,10,2,40.5,89299,0.13,19.6,6.2
2,2,1,3,2,2,6,0,2,1,0,7,4,57.7,67541,0,14,6.1
8,2,2,3,8,6,2,50,2,1,0,3,1,47,127189,0.224,8.8,5.9
11,3,2,2,7,7,6,0,1,1,0,5,2,47.6,47881,0.002,3.7,6.3
8,3,2,2,2,2,9,50,5,1,0,12,3,40.6,171744,0,11.1,8.9
11,3,2,1,7,7,5,0,1,1,0,8,0,48.2,67362,0.266,8.1,5.6
9,3,2,3,2,2,2,100,1,1,0,11,1,46.9,114050,0.012,9.3,5
3,3,3,3,11,11,9,50,1,1,0,8,1,40.7,61399,0.064,3.5,4.3
6,2,2,3,2,2,9,100,1,1,0,6,2,58.2,109227,0.171,17.4,5.6
10,4,2,3,2,2,1,0,1,3,0,8,0,48.6,141805,0.147,4.9,6.3
3,3,3,1,2,2,1,50,3,1,0,7,2,52.4,68905,0.568,2.5,6.9
4,3,2,3,10,9,6,0,2,5,0,5,1,47.7,59699,0.128,5.9,7.1
1,2,2,3,5,1,5,0,1,1,0,8,2,50.6,73331,0.168,19.1,5.8
11,5,2,3,11,11,6,50,1,2,1,8,2,40.7,161922,0,17.9,7.7
10,1,2,2,4,4,8,50,4,1,1,10,5,47,161871,0,20,8.2
6,3,2,2,8,6,7,50,1,2,0,10,1,39.4,53726,0,7.4,7.5
4,2,2,3,12,12,9,0,2,3,0,4,4,46.3,71369,0.046,8.2,4.3
10,2,2,1,11,11,1,0,3,1,0,5,1,51.5,116876,0.777,14.9,6.2
1,2,2,3,2,2,5,0,2,1,0,4,5,36.7,141600,0.236,4.5,6.7
4,4,2,3,2,2,5,0,5,1,0,9,2,36.4,154662,0.032,6.3,6.8
4,5,2,3,12,12,1,50,5,6,1,8,1,46,190222,0,25.8,6.5
10,4,2,3,2,2,3,50,3,1,0,7,2,41.3,91455,0.032,9,5.8
1,5,2,1,10,9,7,100,2,2,1,8,4,51.9,110526,0,13.5,8.4
11,4,2,1,2,2,5,0,2,1,0,6,3,38.1,138558,0.02,9,6
1,4,3,1,2,2,6,0,5,4,0,7,0,49.8,85239,0,5.3,5.3
4,2,4,2,2,2,5,0,5,2,0,7,6,42.6,162004,0,4.3,7.9
2,2,2,3,1,2,3,0,5,3,0,9,1,41.8,51943,0.067,11.4,4.5
5,1,2,3,12,12,6,50,5,2,1,8,1,48.9,113330,0.107,14.9,8.3
11,1,3,3,7,7,5,50,4,3,1,13,3,45,119846,0.225,15.7,7.2
3,4,2,1,2,2,3,0,1,4,0,10,1,39.4,98144,0.457,7.4,7.1
3,4,2,3,2,2,5,0,2,4,0,6,0,37.8,181438,0.289,10.9,6.5
4,1,2,3,1,3,3,100,4,1,1,11,1,43,41126,0.274,10.8,7.2
7,3,4,1,9,8,5,0,2,2,0,8,1,35.1,46677,0.297,4.3,6.5
10,4,2,3,3,10,5,0,3,3,0,8,3,47.2,36551,0,9.1,6.7
9,2,2,1,12,6,2,100,3,4,0,10,0,46.4,93575,0,8.5,8.5
4,1,2,1,5,1,5,100,2,2,1,9,0,58.4,122655,0.316,22.1,5.9
6,4,2,3,2,2,4,0,5,1,0,5,4,48.9,70032,0,4.4,3
8,2,4,3,2,2,6,50,5,2,0,8,1,43.3,172765,0.143,14.1,6.4
11,2,2,1,1,3,5,0,1,1,0,10,3,46,55431,0.04,14.1,10
9,2,2,2,1,3,5,0,1,6,0,3,3,40.9,54128,0,9.1,3.5
6,3,2,3,2,2,5,50,1,4,0,15,0,38.3,54849,0,6.2,6.6
4,3,2,1,1,3,2,100,2,2,0,10,1,41.7,18196,0.384,2.4,7
10,1,3,3,2,2,6,50,1,1,1,7,2,56.1,198639,0.124,20,5.1
7,4,2,3,7,7,5,100,3,1,0,13,3,47.3,97056,0.107,8.7,8.1
12,3,2,2,2,2,1,100,1,1,0,10,0,41.1,127456,0,5.7,6.8
6,2,2,1,2,2,5,100,1,5,0,9,1,39.6,104457,0,16.2,5.1
10,1,3,3,11,11,5,0,3,4,1,6,3,34.9,112331,0.235,16.3,10
5,2,2,3,7,7,7,0,1,2,0,8,1,52.6,66438,0.1,15.1,5.3
5,3,3,3,7,7,5,100,2,2,0,10,1,41.1,41090,0,4.4,6.9
5,2,2,1,2,2,5,0,1,5,0,11,3,35.7,141629,0.471,7.5,6.2
7,2,2,2,1,3,7,0,2,1,0,7,1,46.3,49419,0.021,16.3,5.1
8,3,2,3,1,3,7,0,1,1,0,11,3,48,19450,0.119,2.5,5.7
6,1,2,3,12,12,3,0,2,2,1,9,2,42.7,59234,0.146,13.7,6
4,4,2,1,6,5,7,50,1,2,0,10,1,39.6,56879,0.142,9.1,8.6
1,2,3,2,7,7,5,0,5,4,0,8,4,51.6,94764,0,16.4,4.9
3,4,2,3,6,5,7,0,2,1,0,5,3,40.2,72977,0.324,9.7,7.8
10,5,2,1,1,3,2,100,2,1,1,11,6,49.7,38161,0.193,21.3,5.7
11,4,2,1,11,11,1,0,2,1,0,6,2,48.2,127553,0.215,13.2,7.9
4,2,2,2,2,2,1,0,2,1,0,10,5,40.1,213832,0,12.7,6.5
10,3,2,2,2,2,5,50,1,1,0,13,1,38.7,85860,0.001,5,5.5
8,2,2,1,5,1,5,100,1,2,0,10,0,43.2,146664,0.499,11.7,7.2
3,4,2,2,2,2,1,50,1,1,0,13,3,37.6,182504,0.004,6.2,9.1
6,2,2,3,1,3,5,50,1,2,0,11,1,41.6,46983,0.12,14.9,5.8
11,4,2,1,11,11,2,50,2,1,0,9,2,46,59209,0.435,10.1,8.3
4,4,2,3,2,2,8,0,1,6,0,8,1,38.4,90450,0.064,9.4,5.5
1,4,2,3,6,5,6,0,4,2,0,11,0,44,65576,0.07,7,6.8
12,4,2,3,1,3,4,50,2,1,0,12,0,53.2,24610,0.18,0.7,6.5
1,2,2,3,2,2,7,0,1,1,0,8,1,50.5,101739,0.157,20.1,7.6
8,2,2,2,8,3,1,100,4,1,0,4,3,47.4,126542,0.067,12,5.3
9,4,2,1,2,2,6,100,2,4,0,11,5,35.3,141393,0.503,10,8.4
11,1,3,3,10,9,2,0,1,2,1,12,2,48.4,148455,0.097,20.6,7.2
12,1,1,2,7,7,5,50,5,6,1,5,2,54.6,89572,0.044,15,4.8
1,2,2,2,6,5,5,50,1,1,0,10,1,47,119791,0,11.4,6.6
3,5,2,2,12,12,6,0,1,7,1,6,3,52.3,119024,0.021,14.7,4.8
5,3,2,3,2,2,6,50,2,1,0,10,3,34.2,60890,0.09,3.8,6.7
1,5,2,3,11,11,7,0,2,2,1,11,0,40.4,106567,0.061,19.8,6.9
4,4,3,3,10,9,3,0,2,3,0,8,0,51,106877,0.123,11.8,5.2
8,3,2,3,2,2,5,100,2,2,0,7,3,39.5,96988,0.228,2.6,5.3
3,4,2,2,2,2,2,100,1,1,0,14,0,53.9,109405,0,6.6,6.7
10,2,2,1,2,2,8,0,3,1,1,5,2,40.6,83616,0.715,15.6,6.9
4,2,2,1,3,10,5,0,1,1,0,4,0,43.9,38169,0.179,12.3,7.3
1,5,4,2,2,2,2,0,2,1,1,6,2,44.9,181708,0.039,18.1,6.3
10,2,2,1,11,11,1,0,2,1,0,7,0,43,114661,0.292,15.4,7.2
7,2,2,3,2,2,2,50,4,2,0,9,0,40,110384,0.091,14.2,7.1
3,2,2,3,1,3,7,0,2,2,0,7,1,50.7,38776,0.165,11.4,4.2
3,2,2,1,5,1,7,0,1,6,0,7,2,39.6,107752,0.507,14.6,6.5
10,4,2,2,6,5,6,50,5,2,0,10,3,43.8,95418,0.035,12.7,5.5
4,2,2,3,5,2,4,100,2,1,0,4,3,49.4,90663,0.191,16.5,7.3
10,1,2,1,4,4,5,100,2,7,1,10,3,55.3,149846,0.721,20.3,5.2
10,4,2,3,2,2,2,50,2,1,0,11,2,52.4,99259,0.101,4,5.1
11,4,2,2,1,3,5,50,3,1,0,5,2,49.8,50502,0,9.8,8.4
6,3,2,2,1,3,5,0,2,2,0,8,4,46.3,21891,0.08,10.1,6.5
1,3,2,1,6,5,7,50,1,1,1,4,1,30.1,53393,0.572,11.6,9.3
11,3,1,3,2,2,3,50,1,3,0,11,2,49.3,41060,0.109,7.2,7.7
3,3,2,3,2,2,10,0,1,1,0,9,0,36.6,104531,0,5.8,7.4
2,4,3,3,3,6,5,100,2,3,0,11,0,50,49738,0.239,10.2,7.2
8,2,2,1,2,2,4,50,1,1,0,6,3,49.5,90796,0.466,18.8,4.3
1,4,2,3,2,5,9,100,3,1,0,9,1,44.1,57840,0.1,8.6,10
11,2,4,3,2,2,5,0,3,1,0,8,3,45.4,139279,0,12.5,7.8
6,2,2,3,3,2,1,100,2,3,0,13,0,55.5,27931,0.042,6.6,4.5
11,3,2,1,2,2,3,0,3,1,0,4,6,37.3,67291,0,18.9,5.6
4,2,2,3,6,5,6,100,5,1,0,9,4,41.7,112044,0,12.4,7.2
10,3,2,3,10,9,5,100,4,2,0,6,1,43.8,86568,0.02,6.9,7.5
11,4,2,3,6,5,5,100,2,3,0,7,1,49.2,114786,0.019,7.1,9.1
3,2,1,1,4,4,5,0,1,1,0,9,0,39.5,48645,0.216,10.1,6.4
4,4,2,3,1,10,5,100,5,3,0,7,1,46.2,46417,0.242,4,6.7
4,4,2,3,1,3,7,50,1,1,1,9,0,39.3,28850,0.257,6.5,6.8
10,4,2,3,2,2,6,50,2,2,0,7,2,42.5,121223,0.163,6,7.3
4,1,2,3,8,6,2,0,1,1,1,8,0,54.5,164552,0.01,18.2,4.4
11,2,2,2,2,2,9,100,2,1,0,8,2,32.3,203941,0.03,12.2,7
7,2,2,1,6,5,5,0,2,1,1,9,3,43.9,107311,0.276,11.2,5.9
9,2,2,1,11,11,9,50,1,1,0,9,2,40,110538,0.319,12.5,8.1
4,2,2,1,6,5,9,50,1,4,0,8,3,44.6,86665,0.229,13.2,6.4
6,2,2,3,10,12,5,100,1,1,0,5,0,48.6,109302,0.185,12.6,5.9
3,2,2,2,2,2,2,0,2,2,0,5,5,42.9,172595,0.004,14.5,6
4,4,2,3,2,2,9,0,3,6,0,12,0,52.4,73707,0.083,9,6.9
3,1,2,3,7,7,1,100,2,2,1,6,5,46.6,167404,0.086,9.6,4.9
4,3,2,2,8,6,1,0,1,5,0,9,2,38.9,77332,0.01,3.7,7.2
4,2,2,3,2,2,5,50,1,1,0,10,1,45.6,230279,0.063,11.9,7.5
9,3,4,1,6,5,1,100,1,1,0,9,0,49.9,49909,0.511,7.7,6
11,4,2,3,2,2,4,50,1,4,0,4,0,48.4,87623,0.147,6.9,7.4
7,3,2,1,5,1,5,0,1,1,0,7,1,49.4,69048,0,6,5.7
2,2,2,3,8,6,9,50,3,5,0,12,1,41.3,95860,0.175,10,9.5
7,2,2,2,11,11,10,100,2,1,0,5,1,49.1,180130,0,13.4,10
3,1,2,3,4,4,10,100,3,1,1,11,3,46,142673,0.133,18.5,9.7
11,4,3,3,2,5,3,50,2,1,0,6,2,47,100049,0.008,13.6,6.6
7,2,3,1,6,5,5,0,4,1,0,5,2,51.1,99563,0.736,20.5,3.5
6,4,1,3,9,8,5,0,5,1,0,9,0,44.9,22142,0,3.8,6
4,4,2,2,3,10,4,0,2,6,0,8,4,36.5,37823,0,12.9,6.8
4,2,2,2,6,5,5,50,1,1,0,10,0,49.7,152645,0.055,9,7.5
5,5,2,3,1,11,9,50,2,1,1,10,3,46.6,52121,0,26.2,6.3
11,3,2,3,2,2,8,50,1,6,0,14,2,47.4,113803,0.018,0,6.3
10,4,2,3,5,1,5,0,2,1,0,3,0,46.6,134847,0.032,13.4,7.7
7,3,2,3,2,2,3,0,1,2,0,7,1,37.7,85364,0.107,8.2,7.4
3,4,3,3,6,5,5,100,5,1,0,6,0,35.9,119763,0.062,8.2,6.7
1,3,2,3,8,6,9,0,3,1,0,7,0,37.1,39712,0.197,4.9,7.7
12,3,2,1,2,2,5,100,2,1,0,16,0,43.3,81150,0.629,0,7.8
9,5,3,1,2,2,3,50,2,1,1,5,2,51.5,172489,0.049,22,5.9
4,3,2,3,9,8,6,0,3,1,0,8,1,49.2,30275,0.057,9.2,6
12,3,2,3,8,3,1,100,2,2,0,7,2,42.6,78356,0.022,5.8,7.3
1,4,2,3,11,11,5,0,1,1,0,7,1,41.9,90813,0.082,11.8,7.5
5,1,2,1,1,3,2,50,1,3,1,8,4,46.1,42378,0.22,15.2,7.6
3,4,2,3,7,7,5,0,5,1,0,4,3,50.9,91774,0.153,11.9,6.4
4,1,2,1,1,3,5,50,2,1,1,5,2,52.6,39481,0.458,17.8,6
10,4,3,3,9,8,5,0,1,2,0,5,3,55,67720,0.099,6.7,6.8
4,4,2,3,12,3,5,100,2,1,0,11,1,40.2,77397,0.172,5,6
10,2,2,1,11,11,4,0,1,2,0,7,0,53,80515,0.617,11.4,5.5
4,4,2,3,3,10,5,100,1,2,0,7,1,49,38223,0.044,11.9,4.6
11,3,2,2,1,3,6,100,1,1,0,8,1,40.3,25281,0.062,5.6,6.3
12,4,2,3,2,2,9,100,2,2,0,10,1,56.1,95754,0.098,3.7,7.8
4,4,2,2,2,2,7,50,5,1,0,13,2,44.1,153321,0.019,10,8.4
11,3,4,3,1,3,5,0,2,1,0,9,0,38.4,22787,0.116,0,5.7
3,4,2,3,2,2,6,50,2,2,0,5,4,41.4,118793,0.12,8.3,10
5,3,2,1,6,5,6,0,1,1,0,8,0,52.4,38589,0,8.4,5.6
11,4,2,3,2,2,7,100,1,5,0,9,0,43.4,129909,0.125,12.2,6
3,2,2,2,5,1,1,0,2,1,0,7,1,39.3,114802,0.061,8.2,5.2
2,2,4,2,1,3,10,0,3,3,0,7,1,44.1,35479,0.019,8.5,5.5
4,1,2,2,7,7,1,0,5,2,1,11,0,48.3,216597,0.057,10.2,4.9
6,3,2,3,2,2,3,0,5,1,0,8,3,51,93391,0.074,4.5,5.9
6,4,2,2,6,5,7,0,2,6,0,4,1,39.7,75532,0.037,10.6,6.2
1,4,2,3,8,6,5,0,1,3,0,9,0,36.4,84593,0.063,11.2,8.4
12,1,2,1,12,12,5,0,1,1,1,6,1,46,92707,0.39,19.7,5.9
10,4,2,3,5,1,3,50,1,1,0,11,2,38.7,76791,0.095,5.7,7.3
2,4,2,1,5,1,6,0,2,1,0,7,2,47.1,74829,0.633,9.6,6.6
7,4,2,1,1,3,1,0,5,2,0,4,3,38.4,34557,0,15.3,5.9
2,5,2,2,7,7,2,50,5,6,1,9,4,53.2,228953,0.038,19,5.8
3,2,2,2,2,2,1,0,2,1,0,3,2,44.9,295168,0.058,16.6,6.1
4,4,2,3,8,2,8,100,2,1,0,10,1,45.9,72328,0.056,6.1,6.1
7,4,2,3,2,2,3,50,2,1,0,7,0,36.2,122307,0.141,8.1,8.9
4,1,2,3,2,2,2,50,3,2,1,8,1,39.6,132978,0.236,16.1,8.3
4,5,2,2,2,3,2,100,2,1,1,4,2,44.9,361230,0.013,18.1,6.4
3,2,2,2,1,3,5,0,3,1,0,10,2,36.1,35835,0.012,8.3,5.3
5,2,2,3,2,2,1,0,2,1,0,12,4,34.4,184023,0.169,12.2,5.4
10,1,2,3,6,2,7,100,2,2,1,6,3,39.3,129669,0.125,12.2,7.7
1,5,3,3,6,5,7,100,1,1,1,10,1,55.7,127475,0,18.4,6.7
11,3,2,1,2,2,5,0,2,1,0,7,3,37.4,96889,1.006,6.3,7.2
1,1,2,2,2,2,5,100,1,1,1,6,3,40.7,189549,0.005,17.9,7.3
3,2,2,2,2,2,1,0,2,1,0,10,4,53.2,197711,0.047,11.3,6.9
2,2,2,3,10,9,1,50,2,1,0,6,4,38.2,111688,0.041,9.9,8.2
1,2,2,3,2,2,6,100,1,6,1,9,3,42.7,119881,0.054,13.5,8.8
1,5,2,1,6,5,6,0,1,1,1,5,0,42.6,116361,0,21.6,5.6
2,2,2,1,3,12,1,100,1,1,0,6,2,40.1,45571,0,16.9,7.4
3,2,3,2,5,1,1,0,2,6,0,9,2,52.6,137473,0.003,16.9,6.9
4,2,2,2,4,4,1,50,2,1,0,7,2,41.3,149562,0,20.4,7.2
8,3,2,1,2,2,5,50,1,2,0,4,3,44.1,56325,0.046,4.4,4.9
11,4,2,1,3,10,3,100,1,1,0,11,1,53,31031,0.409,4.1,6.7
1,2,2,2,2,2,5,50,4,1,1,11,0,45.2,168028,0.025,4.9,6.4
1,3,2,2,1,3,2,50,4,1,0,9,1,40.4,20350,0.017,9.3,5.7
11,4,2,1,2,2,2,0,1,1,0,4,2,46.8,80079,0.69,15.8,7.2
11,4,2,2,10,9,9,50,1,1,0,9,0,30.7,119540,0,12.7,6.4
1,2,3,2,10,2,1,100,3,1,0,5,0,54.5,80221,0.044,6.1,7.1
10,2,3,3,11,11,2,0,2,1,0,6,2,42.8,100498,0.231,16.4,8.2
4,2,2,3,5,1,6,0,3,4,0,10,4,30.9,157144,0.092,22.4,7.9
6,5,2,3,6,5,1,0,1,2,1,6,1,52.8,144557,0.134,13.8,5.4
5,2,2,3,1,11,5,100,2,1,0,7,1,43.6,45354,0.051,14.9,8.1
6,2,1,2,2,2,1,50,1,6,0,9,4,43.9,50302,0.009,9.8,6.7
2,4,2,3,2,2,3,0,1,1,0,4,1,45.1,94135,0.073,8.7,5.9
9,1,1,3,5,1,9,0,5,1,1,7,3,47.8,107396,0.19,17.6,5.8
7,3,3,2,2,2,6,50,2,5,0,13,2,44.2,82394,0.028,8.3,7.7
5,2,2,1,6,5,7,50,3,2,1,6,4,42.1,68729,0,4.2,5.5
1,3,4,1,1,3,1,0,2,2,0,9,2,36,18430,0,8.9,6.5
10,2,2,1,2,2,8,100,1,2,0,9,1,42.6,131228,0.281,16.5,8.6
5,2,2,1,11,11,5,100,2,4,0,5,1,42,106332,0.082,12.3,6.2
8,1,2,3,10,9,10,0,2,1,1,6,6,55.7,141213,0.161,21,6
4,4,2,3,8,6,5,0,3,1,0,5,0,49.3,87565,0.12,5.2,7
2,2,2,1,1,3,8,0,5,1,0,7,4,45.5,47752,0.436,14.2,6.3
1,3,2,3,2,2,5,0,1,1,0,3,2,52,74831,0.144,10.4,7.5
2,1,2,3,2,2,5,0,1,1,1,6,5,39.5,198756,0.108,13.6,7
10,1,3,2,9,8,7,0,1,1,1,9,4,46.8,75214,0.037,12.3,5.2
10,1,2,1,11,11,5,0,3,1,1,7,2,54,90488,0.375,11.4,5.8
9,2,2,3,2,2,7,0,2,3,0,8,2,40.6,164941,0.156,13.2,7.4
11,4,3,3,1,3,1,50,1,1,0,9,5,43.8,35267,0.063,13.7,5.3
12,4,4,3,2,2,5,0,5,2,0,5,1,42.7,94673,0.04,12.2,7.2
4,4,2,2,9,8,1,100,1,1,0,8,1,52.3,67759,0.02,9,5.5
6,4,2,1,2,2,7,0,1,1,0,7,3,41.4,61770,0.012,7.2,6
4,4,2,1,8,6,7,0,2,2,0,7,2,47.4,73350,0.187,12.3,3.4
10,4,2,3,7,7,2,100,3,4,0,10,2,48.1,65956,0,5.4,7.9
1,2,2,1,11,9,5,100,1,1,0,12,1,50.4,74081,0.279,9,7.1
10,2,2,2,10,9,6,100,2,1,0,6,1,44.3,90546,0.007,13.4,6.3
12,2,4,3,3,3,6,0,1,2,0,8,1,52.6,58404,0.093,8,3.7
7,2,2,3,10,9,7,0,2,1,0,6,0,53.5,128527,0.143,12.3,9.3
3,2,2,2,7,7,9,0,1,1,0,8,2,43.7,89395,0.016,15.1,6
1,2,2,3,8,6,2,0,3,1,0,11,0,43.3,85220,0.053,10.1,6.9
10,4,4,1,8,6,5,50,1,1,0,8,1,34.4,59920,0.17,11.7,5.1
5,2,2,2,2,2,6,0,1,1,0,8,1,45.2,154041,0.018,18.4,4.1
1,5,2,3,2,2,1,0,1,1,1,9,5,47,187756,0,22.7,6.9
12,1,2,1,6,5,1,100,2,2,1,10,5,44.7,157343,0.215,19.4,10
1,4,2,2,1,3,7,50,2,2,0,7,1,52.3,35746,0.027,10.3,5.3
5,2,4,2,8,6,5,0,1,1,0,5,0,44.5,92775,0.032,12.3,6.9
11,4,2,2,10,9,5,100,2,3,0,10,1,38.2,185306,0.011,5.4,7.2
3,4,2,2,1,3,5,0,5,1,0,15,2,41.2,50839,0.021,14.6,6.7
1,2,2,2,2,2,7,0,2,2,0,6,1,45.4,147638,0,18.2,6.3
11,5,2,3,2,2,7,50,2,1,1,10,6,38.6,244462,0.02,20.5,8.2
12,1,4,3,2,2,5,100,1,1,1,2,5,50.7,189546,0.172,18.4,5.4
10,3,2,1,1,3,8,50,2,1,0,8,4,43.7,22735,0.471,11.7,5
4,1,2,2,1,3,5,100,2,2,1,13,2,45.5,56504,0.006,14.7,8.3
5,1,2,3,6,5,4,0,1,1,1,10,3,48.3,96879,0.145,17,5.4
1,2,2,3,12,12,5,0,2,1,0,10,2,52.3,96416,0.005,16.8,6.3
12,4,2,2,2,2,10,0,3,1,0,9,0,43.6,96225,0.033,8.9,7.8
4,2,1,1,6,5,5,0,2,1,0,4,3,45.7,62130,0.647,14.9,5
12,2,2,2,1,3,6,100,1,1,0,7,0,47.9,57614,0,7,7.9
8,2,2,2,2,2,5,0,4,2,0,8,1,42.2,197720,0.021,13.3,6.2
1,4,2,2,4,4,5,100,1,2,0,9,0,45.1,84678,0,16,6.5
8,4,2,3,2,11,5,100,5,2,0,5,3,45.1,133341,0.211,13.9,8.1
6,2,2,3,2,2,4,100,5,1,1,5,1,39.2,116251,0.029,12.1,7.8
3,4,2,3,3,10,10,100,1,4,0,9,0,49.2,49481,0.138,7.8,7.4
10,3,2,3,1,3,1,0,2,1,0,5,0,34.1,29375,0.063,10.8,6
9,4,2,3,6,5,5,100,4,1,0,8,4,26.4,79651,0.047,10.2,9
11,2,2,3,1,3,3,0,1,6,0,9,2,52.4,40008,0.21,13.4,5.4
4,5,1,2,7,7,1,50,4,1,1,9,5,53,93038,0,30.8,5.9
10,4,2,1,10,9,2,100,1,2,0,11,1,27.5,41269,0.737,16.2,7.5
4,4,2,2,2,2,6,0,2,1,1,6,1,42.7,138416,0.022,16,4.6
10,4,2,3,2,2,5,0,5,2,0,12,2,43,115162,0.102,9.3,8.6
3,4,1,2,1,3,1,0,1,2,0,10,5,42.3,31421,0.033,11,10
10,3,2,2,5,1,5,0,5,1,0,11,1,40.9,78810,0.024,0.6,8.4
2,1,2,3,10,9,3,50,2,2,1,6,0,38.8,84951,0,22.7,5.6
11,4,2,2,11,11,3,0,2,2,0,8,1,47.1,106115,0.054,9.8,6.2
1,2,2,3,2,2,2,100,5,2,0,5,2,50.1,102672,0.173,5.2,5
11,1,2,1,10,9,4,0,2,1,1,8,0,54.6,70784,0.483,16.2,6.5
1,4,2,3,1,3,5,100,1,2,0,7,0,45.6,23072,0.024,5,6.4
10,3,3,3,7,2,10,0,1,5,0,7,2,39.9,48832,0.099,4.6,6.7
4,1,3,3,2,2,8,0,1,6,1,15,4,58.6,168427,0,17.7,7.5
1,1,2,3,2,2,1,0,3,2,1,8,3,44.6,144073,0.069,12.3,7.1
3,3,2,2,1,3,5,50,1,2,0,9,2,46.1,28038,0.022,5.5,4
11,4,3,3,1,3,2,0,5,1,0,9,3,51,30173,0,7.5,5.8
3,2,2,3,2,2,3,0,2,3,0,10,0,55.7,166426,0.131,12.7,4.9
11,3,3,2,2,2,2,0,5,3,0,6,4,47.3,148726,0,0.7,4.8
9,4,2,3,8,6,7,0,2,1,0,5,1,53.7,89393,0.049,8,8.6
7,2,1,3,2,2,5,50,1,2,0,9,2,52.6,135458,0,11.7,7.5
10,4,2,3,1,3,5,0,2,1,0,10,0,41.1,28523,0.091,7.3,7.1
11,1,2,2,8,6,8,50,5,3,1,5,2,42.6,275722,0.069,16.4,9.3
10,2,2,3,2,2,6,0,1,1,1,9,4,47.4,112381,0.163,9.8,5.2
3,1,2,2,6,5,1,100,5,1,1,5,4,48.9,197957,0.022,9.5,7.7
4,2,2,3,2,2,9,0,2,1,0,5,3,45.2,123981,0,14.4,5.9
10,4,2,3,2,2,5,50,1,1,0,6,2,44.9,119843,0,6,6.6
8,3,2,1,1,3,6,0,1,2,0,8,2,38.6,19415,0.465,5.6,5.7
4,2,2,3,1,3,6,50,2,1,0,11,0,36.1,35409,0.216,11.1,7.7
3,4,2,2,3,10,2,100,2,1,0,11,1,46.7,48070,0.009,11.1,7.8
5,4,2,3,8,6,4,0,2,1,0,2,0,44.6,46161,0.227,0,8.2
11,3,2,3,9,5,1,100,1,1,0,7,2,32.5,44875,0.078,2.2,4.6
6,2,2,3,2,2,7,0,2,3,0,9,5,42.8,128020,0.078,16.9,8.2
10,2,2,3,6,5,9,100,2,1,0,7,2,54.8,124660,0.165,15.5,6.7
10,5,2,3,2,2,5,50,1,2,1,9,2,50.4,229134,0.156,21.2,6
1,2,2,3,2,2,5,0,2,1,0,9,3,38.2,105008,0.073,10.9,6.8
11,4,3,1,3,10,5,100,2,2,0,7,0,38.9,39762,0.236,6.6,5.3
11,1,2,1,6,5,9,50,2,1,1,10,0,48.6,97134,0.292,12.5,5.4
1,3,2,3,10,2,5,100,2,2,0,12,2,37.8,67026,0.264,3.5,7.3
10,4,2,3,2,2,5,0,1,1,0,6,1,36.3,115635,0.293,9.5,6.3
11,4,2,3,12,12,6,0,1,1,0,6,1,43.9,71279,0.106,9.6,7.9
6,2,3,1,5,1,7,0,1,4,0,11,0,46.2,59508,0.185,12,4.6
1,4,2,2,1,3,1,100,3,2,0,9,1,43.1,30294,0.029,14.5,5.4
3,4,2,3,2,2,3,100,2,2,0,9,2,45.7,106888,0.129,12.7,6.3
9,2,2,3,11,11,10,0,2,4,0,10,0,50.3,143999,0,2.6,3.4
9,2,2,3,6,5,5,100,1,1,0,7,1,44.3,146978,0.211,13.2,6.1
11,3,3,2,2,2,4,50,4,1,0,4,3,41.3,92672,0.021,6.9,7.5
5,3,2,3,3,10,4,0,1,2,0,14,0,32.1,20642,0.021,11,5.1
3,3,2,3,8,6,10,100,1,1,0,7,0,48.9,64217,0.178,2.1,6.3
5,1,2,2,3,10,2,50,2,1,1,4,0,47.8,55261,0,16.7,6.4
10,4,2,1,4,11,5,100,1,2,0,11,2,54.8,88299,0.257,9.6,6.7
10,1,2,3,11,11,3,0,1,1,1,5,2,50.8,149629,0.321,20.2,7.2
11,2,2,3,12,12,5,100,3,1,0,8,2,44.7,77515,0.103,11.3,6.4
9,2,2,3,1,3,5,50,2,3,0,15,1,48.5,48457,0.112,11,5.6
6,3,2,2,2,2,1,100,5,1,0,10,1,41.1,82167,0,3.5,6.7
3,3,2,1,1,3,7,100,1,1,0,6,1,41.6,25144,0.745,7.2,6.8
11,4,2,3,6,5,2,50,2,6,0,11,2,43.1,88139,0.12,12.2,8.4
7,4,2,3,11,11,6,0,2,4,0,8,2,41.7,91221,0.058,9.3,6.1
6,5,1,1,1,3,7,0,1,1,1,6,2,54.5,23958,0.936,22,4.2
3,2,2,1,2,2,5,50,1,1,0,10,2,55.9,206991,0.599,9.4,7.9
4,3,2,1,12,12,1,50,1,1,0,10,1,40.5,50669,0.144,2.9,8.5
1,4,1,3,11,11,8,50,2,2,0,5,1,40,36323,0,12.7,7.6
4,2,2,1,7,7,5,0,2,1,0,9,2,43.6,85519,0.518,16.4,5.3
10,2,2,2,2,2,5,100,2,1,0,8,1,43.4,274050,0.08,8.4,7
10,2,2,3,5,1,5,50,1,1,0,14,2,46.7,132145,0.087,16.5,8.3
3,1,2,2,2,2,1,50,3,1,1,7,4,45.1,198200,0.011,13.4,8.5
3,3,2,2,11,2,5,50,5,6,0,5,2,34.8,95480,0,7,6.9
4,1,2,2,1,3,5,50,2,4,1,8,1,54.9,70986,0.006,17.6,7.1
3,2,2,1,2,2,1,50,5,1,0,9,2,51.8,187933,0.207,14,5.6
4,2,3,1,6,5,5,50,1,2,0,9,2,45.8,100069,0.476,10.9,5.5
7,3,2,3,1,3,6,100,2,3,0,4,0,30.4,35791,0.109,9.2,9.5
10,3,4,1,3,10,5,0,1,1,1,7,1,42.9,18856,0,4.3,5.2
1,2,3,3,1,3,8,0,1,1,0,9,3,34.8,24144,0.089,12.3,7.2
9,2,2,3,9,2,5,100,2,2,0,16,2,47.8,88866,0.112,23.5,6.5
3,4,2,3,2,2,8,50,2,2,0,5,6,33.1,115617,0,9.4,7.4
1,4,3,1,12,12,2,100,1,1,0,8,0,43.4,31843,0,4.5,5.5
9,2,2,2,1,3,1,50,1,2,0,8,1,45.5,49343,0.072,11.3,5.5
6,2,3,3,11,2,5,100,2,1,0,8,1,41.5,103417,0.068,11.6,9.2
10,2,1,3,9,8,5,0,1,1,0,8,1,50.2,42308,0.094,13.1,7.9
8,5,2,3,1,3,5,0,2,1,1,4,2,47.6,74217,0.076,14.7,6.1
4,1,2,2,2,2,7,100,1,1,1,11,2,40.9,242812,0.019,16.4,7.1
9,2,2,2,2,2,1,50,1,1,0,8,3,46.7,244604,0.043,11.7,7.2
9,2,2,1,2,2,2,0,1,1,0,11,5,45.6,136172,0.821,21.5,6.8
4,2,2,2,2,2,5,100,2,1,0,10,3,42.3,183423,0.012,12.2,6.8
3,2,4,3,10,9,8,50,1,1,0,7,5,43.2,70524,0.059,15.1,6.1
4,3,2,2,3,10,6,100,1,4,1,18,2,35.7,30312,0.034,1.7,9
3,2,2,3,2,2,6,100,2,1,0,9,2,45.8,144793,0.131,11.7,8.7
1,2,2,1,1,3,9,0,2,1,0,8,4,41.2,21230,0.499,15.2,6.7
4,3,2,3,2,2,4,100,1,1,0,9,2,39.4,59349,0.041,15.3,7.3
10,2,2,3,6,3,1,100,2,3,0,9,2,41.7,144088,0.051,15.1,8.4
10,2,2,1,11,11,2,0,2,4,0,6,3,45.3,65556,0.355,16.9,7.9
9,2,2,2,6,5,5,0,5,2,0,12,1,44.1,181539,0,13.1,6.3
3,2,2,1,2,2,5,50,1,1,0,10,2,32.4,141546,0.52,17.9,7.4
1,1,2,3,8,6,9,50,1,1,1,9,4,48.4,103673,0.231,15.3,5.2
10,3,2,3,2,2,7,0,2,1,0,8,2,34.4,90220,0.042,6.3,7.2
11,1,2,3,2,2,6,0,1,3,1,12,3,44.9,197129,0,11.9,4.9
12,4,2,1,11,11,5,0,2,1,0,9,3,46.7,98247,0.059,10.9,7
1,4,2,3,2,2,1,50,2,1,0,4,0,44.8,93014,0.163,10.6,7.6
4,3,2,3,6,5,5,50,2,1,0,10,1,48.8,65199,0.158,5.6,8.7
11,4,4,3,8,6,5,100,1,1,1,9,2,40,88986,0.146,4.9,7.2
2,3,2,2,8,5,5,100,1,4,0,11,2,40.2,70086,0.008,11.2,9.7
10,2,2,3,2,2,4,50,2,6,0,5,3,29.7,130601,0.242,17.9,9.7
3,4,2,3,2,2,9,100,1,2,1,9,2,43.6,111616,0.151,3.2,7.9
3,2,2,1,4,4,8,0,5,6,0,7,1,40.9,111330,0,11.7,6
4,2,2,1,6,5,5,100,2,1,0,11,2,45.6,116155,0.84,17,4.2
12,3,2,2,4,4,5,50,1,1,0,8,2,47.4,86248,0.04,2.1,7.1
11,1,2,3,1,3,1,0,2,1,1,7,2,45.5,58530,0.067,16.5,7.2
11,4,2,2,2,2,5,100,5,1,0,7,2,48.2,167323,0.028,13.4,8.7
11,2,2,2,6,5,7,0,1,6,0,12,1,48.5,106009,0.044,18.3,5.4
6,1,2,1,2,2,7,100,2,6,1,13,2,39.4,177946,0.253,16.5,6.8
1,4,1,1,2,2,8,100,1,1,0,8,4,42.9,40645,0.5,13,5.9
9,1,2,3,1,3,5,0,1,1,1,12,1,30.3,87800,0.281,13.4,8.2
3,5,2,2,2,2,7,100,5,2,1,13,1,45.9,312050,0.008,23.6,6.3
4,2,2,3,3,10,6,50,2,1,0,5,2,47.7,45346,0.043,12,6
5,1,2,2,2,2,5,50,1,2,1,10,4,43.7,207327,0.029,17.5,6.6
6,5,2,2,8,6,1,0,3,5,1,8,2,45.6,157783,0.047,19.1,6.1
11,4,1,3,10,9,3,0,2,3,0,8,2,38.8,43245,0.047,15.3,7.2
8,1,2,3,6,2,2,0,2,6,1,8,2,50.6,164529,0.185,19.9,6.9
1,3,2,2,6,5,3,50,1,2,1,4,1,46.1,49999,0.037,5.1,5.4
10,4,2,3,9,8,7,50,3,1,0,5,0,43.9,39901,0.076,8.8,4.4
11,3,2,1,8,6,1,0,4,1,0,12,0,38.8,41417,0.142,9.1,6.6
3,2,2,3,7,7,6,100,2,1,0,6,1,54,116258,0.078,17.9,5.8
10,4,2,3,11,11,1,0,1,2,0,9,3,43.3,72760,0.03,16.4,7.5
9,4,2,3,8,6,1,100,1,1,0,5,1,40.1,98058,0.012,1.1,7.6
6,3,2,1,1,3,1,100,2,1,0,10,1,35.9,27750,0.963,3.3,5.6
3,2,2,3,1,3,2,0,1,1,0,9,6,44.9,36282,0.144,20,7.6
4,2,2,2,2,2,2,50,2,1,0,6,0,46.1,199133,0.013,13.2,7.3
10,2,2,2,1,3,4,0,3,1,0,5,1,36.5,22257,0,16,6.7
6,2,2,3,1,3,1,50,2,3,0,7,1,51.7,35090,0.015,7.3,3.7
8,3,2,1,2,2,1,100,2,3,0,9,1,39.3,97694,0.494,9.2,8.2
12,2,2,3,2,2,5,50,1,6,0,6,1,47.8,210671,0.151,9.7,6.6
4,2,2,2,2,2,5,0,1,1,0,11,0,47.2,250477,0.031,12.3,5.6
1,2,1,2,8,6,1,50,1,1,0,7,0,56,62680,0,9.1,6.5
4,2,2,3,7,7,5,0,2,3,0,10,0,44.2,81307,0,12.5,7.5
10,1,2,2,8,6,1,50,1,1,1,9,1,48.5,191738,0.019,16.7,5.8
8,2,4,2,6,5,4,50,2,1,0,10,1,47.9,96603,0.029,11,6.2
10,2,2,2,11,11,1,0,2,1,0,4,2,36.3,115402,0,7,7.2
10,4,2,3,6,5,5,100,1,1,0,4,1,40,92043,0.062,8.2,9.6
10,4,2,2,2,2,4,0,4,1,0,12,2,37.9,112804,0,9.6,6.3
11,3,2,2,1,3,4,0,2,2,0,10,1,39.6,19990,0,10.3,3.9
3,4,2,1,2,2,10,0,5,1,0,7,0,43.7,110945,0.741,15,5.3
4,3,2,3,2,2,5,50,4,1,0,5,3,53.8,76105,0,6.2,6.1
4,4,2,2,5,1,1,0,1,1,0,6,1,40.5,106920,0.019,8.4,7.3
1,4,2,2,2,2,7,100,2,4,0,6,1,44.8,100115,0.038,5.3,6.9
3,3,2,3,5,1,1,0,2,1,0,16,1,55.1,67348,0,7.3,6.6
10,2,2,3,1,3,7,100,2,1,0,9,0,52.9,46116,0,18.2,7.9
8,2,2,3,2,2,5,0,1,2,0,5,2,41.1,191522,0.062,10.2,7.9
6,5,2,3,2,2,8,50,4,6,1,6,4,39.3,113521,0.105,22.5,6.6
4,5,2,3,2,2,5,50,1,2,1,8,0,55.5,221528,0,27.5,5.9
5,2,2,3,10,9,1,0,1,2,0,5,1,38.9,104742,0.13,12.7,8.2
4,2,2,3,1,3,4,50,4,2,0,6,1,44.8,30711,0,14.8,6.3
1,2,2,3,12,12,5,50,1,2,0,8,1,43.9,54538,0.206,8.7,6.7
10,2,2,3,12,12,5,100,2,1,0,10,3,36.7,81863,0,11.3,6.6
3,3,2,3,10,9,2,0,2,4,0,8,1,43.3,67697,0.063,2.9,5
10,4,2,3,11,11,1,0,1,2,0,5,3,42.1,119430,0.099,12,8.3
9,2,2,3,1,3,2,50,2,1,0,6,2,51.8,68923,0.119,14.9,5.3
5,4,2,3,2,2,7,0,1,4,0,5,2,41.1,100258,0.212,11.5,5.9
7,2,2,1,3,10,6,0,1,1,0,7,2,39.9,45948,0,13.7,7.5
8,5,2,3,11,11,1,50,2,1,1,7,4,52.3,207110,0.046,19.8,5.6
3,4,2,2,6,5,5,50,2,1,0,7,1,38.4,144055,0.03,12.1,9.7
9,3,2,3,2,2,7,100,2,2,0,11,0,45.5,102082,0.137,13.3,9.9
2,4,2,2,2,2,1,100,1,2,0,9,2,51.3,171103,0,14.7,6.8
1,3,2,3,8,6,5,50,2,2,0,7,0,32.4,72068,0.021,14,7.3
3,3,2,3,6,5,5,100,1,1,0,11,2,49.9,67635,0,3.3,5.8
1,2,2,2,2,2,5,100,2,1,0,11,2,40.4,161225,0.017,11.8,9.9
10,2,3,3,2,2,2,100,1,5,0,10,1,48.1,111265,0.125,9.3,7.3
5,4,2,1,2,2,5,0,1,2,0,10,0,45,119120,0.143,10,3.7
2,2,2,3,5,1,2,100,2,2,0,4,2,39.1,150998,0.075,3.4,7.2
4,5,2,3,2,6,6,100,2,1,1,9,2,51.6,292767,0.188,15.8,9.5
11,5,4,3,5,1,6,0,1,1,1,7,2,44.8,196440,0.036,19.8,7.7
1,2,2,3,2,2,4,50,2,2,0,3,0,40.7,97358,0.006,10.6,7.5
11,4,2,2,1,3,5,100,1,1,0,7,0,38.1,37525,0.069,9,5.2
4,2,2,3,11,11,5,100,1,1,0,8,1,37.6,184866,0.213,16.2,6.4
10,2,2,2,1,3,8,0,1,1,1,5,1,41.1,47464,0,19.1,6.3
9,4,2,3,2,2,2,0,2,1,0,10,0,43.1,117158,0.217,2.4,5.6
8,2,2,2,2,2,9,100,2,1,0,5,2,58.5,184763,0,10.2,6.2
4,2,2,3,12,12,5,0,2,2,0,7,2,39.2,83468,0.184,9.8,7.8
4,2,3,3,2,3,1,50,2,6,0,5,4,41.9,199314,0.089,14.8,7.6
10,2,2,2,1,3,7,0,1,3,1,8,3,43.2,51202,0.04,15.8,7.7
3,1,2,3,6,5,5,0,2,1,1,10,1,50.8,168531,0.029,16.7,6.7
5,3,2,1,7,2,10,100,5,1,0,6,0,38.3,42012,0.302,7.9,7.3
1,3,4,3,2,2,3,100,4,2,0,9,1,38.3,48016,0.229,0,6.9
7,4,2,1,2,2,5,0,5,2,0,7,2,52.6,113930,0.527,12,5.7
11,2,2,2,1,3,6,50,5,1,0,10,1,44.3,56477,0.017,4.5,7
8,1,2,2,11,7,7,0,3,2,1,14,2,44.3,135787,0,14.6,8.4
8,2,3,1,1,3,2,0,1,3,0,5,1,35.3,28074,0.54,12.9,5.7
2,4,2,3,2,3,5,100,1,1,0,10,0,48,133523,0.113,6.3,9.1
1,3,2,1,2,2,5,50,1,1,0,10,1,39.1,49584,0.013,8.4,6.6
2,4,2,3,2,2,6,0,1,7,0,4,2,38.3,140481,0.099,5,6.6
4,4,3,2,2,2,5,0,2,1,0,6,2,46.6,132477,0.017,11.4,6.8
3,5,2,3,5,1,8,100,2,1,1,12,3,41.4,158566,0.098,16.6,5
4,1,2,3,6,5,7,0,1,1,1,6,2,54.1,128652,0.058,8.5,5.1
10,2,2,3,1,3,2,100,4,1,0,10,1,46.1,27330,0.056,13.1,6
4,1,1,3,6,6,5,100,1,1,1,8,1,55.3,96119,0.127,17.8,6.8
10,1,2,2,6,5,8,50,1,1,1,11,0,44.1,153160,0.022,21.8,8.7
8,2,2,3,2,2,1,50,2,7,0,7,3,53.6,175539,0,19.1,6.9
1,2,2,3,2,2,5,50,2,1,0,11,2,46.9,140781,0.111,15.1,8.9
10,1,2,2,2,2,3,50,1,4,1,11,2,45.4,150925,0,12.1,6.3
3,2,2,3,2,2,9,50,5,2,0,8,1,45,196082,0.04,8.6,6.5
12,3,2,2,8,6,6,100,1,2,0,10,1,42.7,90428,0.006,7.7,8.4
7,4,2,3,2,2,5,50,5,1,0,7,1,48.6,166675,0.158,11,7.3
4,2,2,2,2,2,3,100,2,5,0,11,1,56.4,186417,0.01,19.5,6.4
4,2,2,3,8,6,5,50,1,1,0,7,3,34,94284,0.024,19,5.7
10,2,2,1,3,10,5,100,1,2,0,6,2,42.8,38028,0.492,11.8,5.4
7,1,2,1,4,2,5,100,2,1,1,11,4,48.8,169235,0.285,14.5,7.9
10,3,2,3,11,11,5,0,3,1,0,4,4,32.8,48647,0.036,4,6.3
10,3,2,3,2,2,6,100,2,2,0,8,2,46.4,93160,0.223,10.2,6.7
10,2,2,2,2,2,5,50,2,6,0,11,4,48.3,203226,0.046,14.8,5.6
12,4,2,1,2,2,9,0,1,1,0,8,1,30.6,121722,0.454,10.5,8.7
1,4,2,2,2,2,7,100,5,1,0,13,3,48,108193,0.024,2.5,10
9,4,2,3,2,2,8,0,2,1,0,5,3,41.8,150900,0.157,9,7.4
5,1,2,3,2,2,6,50,2,6,1,8,4,47.6,136586,0.118,18.7,5.4
5,1,2,3,1,3,6,0,1,1,1,14,3,46.3,49581,0.22,10.4,5.4
1,4,2,3,1,3,7,0,2,1,0,4,2,39.7,25777,0.147,4.4,6.7
12,4,2,2,5,1,5,0,1,4,0,10,3,50.2,93722,0.036,6.9,7.3
7,4,2,2,5,1,1,100,2,2,0,6,4,43,138231,0.005,7.5,7.2
9,3,2,3,5,1,4,100,1,1,0,7,1,40.6,67937,0.136,0,9.6
1,2,2,2,1,3,9,0,1,2,0,6,4,40.7,31183,0.031,11.4,5.3
10,4,2,1,2,2,2,50,2,5,0,7,4,40.3,81096,0.273,9.4,4.4
3,1,2,2,2,2,6,100,3,2,1,10,2,53.7,241959,0.003,18.3,5.2
1,3,2,3,2,2,1,0,2,1,0,7,1,42.9,94545,0.128,6.2,4.8
10,2,2,3,10,9,5,50,2,1,0,8,1,47.5,95466,0.236,20.6,8.2
1,3,2,2,2,2,1,0,1,1,0,7,1,42.4,117070,0.089,8.3,6.9
4,2,2,3,2,2,5,0,2,1,0,11,4,48.5,176546,0.028,20.4,7
2,2,2,2,6,8,7,100,3,1,0,6,1,45.5,135870,0,13.1,6.1
1,4,2,3,11,11,1,50,1,1,0,12,1,39.1,56010,0.001,7.7,7.5
1,3,2,1,9,8,9,0,2,4,0,6,0,42.1,24094,0.505,6.3,4.5
1,4,2,3,5,1,7,0,1,1,0,5,1,53.6,58469,0,10.5,6.1
5,4,2,3,5,1,5,100,1,1,0,6,3,48.7,85833,0.112,2.2,6.8
1,1,2,1,1,3,1,0,2,1,1,5,5,51,36241,0.323,12.4,5.8
10,4,2,2,1,3,2,0,3,3,0,11,1,45.1,30109,0,15.7,6.7
9,4,2,3,8,3,5,100,3,1,0,12,2,34.9,125692,0.196,7,7.4
12,1,2,2,6,5,5,100,1,2,1,11,3,43.2,167781,0.038,16.9,8.4
10,2,2,2,11,11,5,100,2,4,0,7,0,34.6,157638,0.05,11.5,8.1
4,2,2,3,2,2,1,50,2,3,0,9,6,53.3,154505,0.252,17.1,6.7
8,3,2,1,4,4,5,100,1,1,0,9,1,33.7,66175,0.426,1.9,8.2
1,4,3,2,7,7,1,0,1,1,0,8,1,45.5,62202,0.056,14.3,6.5
9,3,2,1,2,4,5,0,1,3,0,4,1,42,93916,0.17,8.8,7.2
3,2,2,3,2,2,7,100,5,1,0,5,0,41.9,167609,0.011,6.1,8.1
5,5,2,1,2,12,1,100,1,1,1,6,3,38.4,181041,0.3,25.8,8.6
4,3,3,2,8,6,2,50,1,1,1,9,0,48.3,42362,0,1.4,9.1
4,2,1,2,2,2,2,100,5,1,0,5,4,34.5,138840,0.055,9.8,7.6
10,2,2,3,3,10,7,50,5,1,0,8,0,43.5,49448,0,9.9,5.2
12,3,3,1,10,9,4,100,5,1,0,7,2,32,46856,0,5.6,10
7,1,2,1,6,5,1,0,2,2,1,7,1,56.9,180627,0.748,12.6,7.5
4,1,2,1,2,2,5,50,5,1,1,13,1,37.2,153313,0.298,13.1,7.2
4,3,2,1,2,2,5,50,2,1,0,8,0,46,63874,0,4.8,4.1
5,4,2,3,2,2,5,0,2,4,0,13,1,34.2,117081,0.109,6.6,7.7
2,2,2,3,8,6,5,100,3,1,0,9,2,48.5,113422,0.176,10,8.4
5,1,2,3,1,3,10,50,3,1,1,6,5,43,51435,0.143,13.9,5.8
1,2,1,1,2,2,6,100,2,1,0,10,2,42.6,53221,0.239,17.4,5
9,3,3,1,3,9,3,0,3,1,0,10,1,31.5,13559,0.396,1.4,6.2
8,3,2,3,2,2,1,0,1,2,0,6,2,44.4,111281,0.15,7.8,9.2
2,1,2,1,11,11,7,100,1,1,1,11,5,40.5,153739,0.376,17.4,5.7
10,5,2,3,3,10,3,100,5,2,1,9,2,56.2,39862,0.128,15,7
11,2,2,2,2,2,5,0,2,1,0,7,2,44.1,244553,0.049,13.1,5.2
3,2,2,1,8,6,2,50,2,1,0,8,2,36.6,97886,0.457,15.7,7.3
8,4,2,3,1,3,8,0,2,6,0,7,2,46.1,36477,0.226,12.5,6.8
11,3,3,3,6,5,7,100,4,1,0,7,0,45.8,57646,0.01,0,6.5
3,4,2,3,1,3,10,0,1,1,1,4,1,51.5,33019,0.147,9.4,6.2
3,2,3,2,2,2,9,100,1,3,0,9,3,45.4,162938,0.023,19.9,6.2
1,4,2,3,11,11,5,50,2,4,0,15,4,39.8,68739,0.058,8,7.3
7,2,2,3,2,2,10,100,5,1,0,8,0,52.6,263988,0.061,17,8.9
2,3,2,1,2,2,1,50,2,2,1,13,0,38.3,112183,0,3.5,8.5
12,3,2,3,2,2,5,0,2,1,0,9,0,39.7,101336,0,8.8,7.4
11,3,2,3,5,1,5,50,1,1,0,11,0,54.5,72657,0,13.9,5.1
1,2,2,3,2,2,3,100,2,1,0,5,3,43.1,92355,0.073,13.4,5.9
12,2,2,3,8,6,1,0,4,1,0,8,3,42.6,109902,0.145,7.9,7
1,3,2,2,1,3,1,50,3,1,0,7,1,46.3,15155,0,3.3,6.3
10,1,2,3,2,2,6,0,3,1,1,8,2,55.1,207709,0.087,14.1,5.7
3,2,2,3,2,2,1,50,1,6,0,8,1,38.3,146261,0.033,12.9,7.3
3,3,2,1,3,2,5,100,2,2,0,8,3,40.3,26140,0.108,0,6.3
11,4,2,3,6,5,5,50,2,2,0,8,0,55.2,79346,0.194,10.7,7.6
8,2,2,1,11,11,1,50,1,4,0,11,6,37.5,131600,0.397,12.6,6.2
4,3,2,2,2,2,1,0,1,1,0,7,3,49.1,127522,0.057,7.2,5.9
12,3,2,1,6,10,7,0,3,1,1,5,1,41,44835,0,5.6,9.5
4,4,2,1,2,2,7,50,3,1,0,7,0,33.5,112140,0.629,11.5,7.4
5,3,4,3,2,2,6,0,2,2,0,10,1,35.1,69225,0.108,12.4,4.5
2,2,2,3,2,2,5,0,2,1,0,6,2,45,248664,0.004,18.3,6.8
3,4,2,1,1,3,7,0,1,1,0,9,2,49.2,33223,0.446,1.3,5.6
4,2,2,1,1,3,5,0,1,1,0,10,4,45.6,56225,0.83,8,8.2
3,2,2,1,1,2,5,50,2,1,1,3,3,49,40499,0.787,15.7,5.3
11,4,2,3,1,3,5,0,1,2,0,5,3,44.8,31264,0.125,7.3,6.7
9,1,2,3,2,2,5,100,2,1,1,8,2,40.8,283641,0.13,16.5,8.1
1,5,2,1,2,2,5,50,1,1,1,7,4,63.4,170473,0.483,21.7,6.3
4,2,2,2,11,11,5,100,1,2,0,9,3,40.8,157581,0.004,13.1,7
12,4,2,1,11,11,4,0,3,1,0,10,1,46.7,60827,0.483,3.2,5.9
4,3,2,3,2,2,3,100,1,3,0,12,3,37,64543,0.148,10.9,6
2,2,2,2,1,3,1,50,1,4,0,11,1,50.6,65900,0.03,9.4,5.5
7,5,2,3,2,2,5,0,5,1,1,7,3,56.5,338452,0.077,16,6
3,2,2,3,2,2,5,0,2,1,0,12,2,43.4,163792,0,18.7,7.8
6,4,3,2,2,2,5,100,5,2,0,5,1,37.8,119438,0.065,4.4,7.3
10,3,2,3,2,2,7,0,5,1,0,10,2,41.5,107869,0.032,5.3,7.1
2,2,2,3,5,1,7,0,1,2,0,8,6,44.7,113399,0.147,9.9,3.9
2,3,2,2,2,2,5,0,4,1,0,3,0,37.1,72792,0.057,1.3,5.4
11,3,2,1,2,2,5,50,2,1,0,6,1,35.9,101525,0.275,0.3,7.1
10,3,2,1,2,2,5,0,1,2,0,5,2,31.9,64666,0.38,8.3,6.3
1,1,2,2,5,1,1,50,1,1,1,8,2,51.9,147394,0.033,12.8,8.2
11,2,3,3,2,2,4,0,1,1,0,8,3,42.7,82519,0,15.7,6.6
10,2,2,3,8,6,5,0,2,2,0,11,5,45.5,130349,0.274,12.8,8.3
3,4,2,3,2,2,7,0,5,1,0,3,1,37.9,169880,0.122,12.2,6.5
11,2,2,3,6,5,1,100,1,1,0,4,3,47.5,76054,0.109,17.4,5.8
7,4,2,3,5,1,1,50,2,1,0,5,2,46.9,108955,0.096,12.5,5.3
7,4,4,2,8,6,5,100,2,1,0,15,1,50.3,121056,0.033,10.7,7
11,3,2,3,10,9,10,100,2,3,0,12,1,38.9,68817,0.035,1.3,7.8
6,2,2,2,7,7,7,50,5,1,0,11,3,38.7,88153,0.065,11.1,8
11,4,2,2,8,6,7,100,1,1,0,10,1,39.4,93824,0.036,11.6,8.2
11,4,2,1,2,2,5,0,1,1,0,6,2,46.7,101167,0.412,3.7,4.9
4,1,2,1,6,5,7,100,4,3,1,7,1,54.7,103083,0.225,11,4
5,1,2,3,10,8,8,100,1,3,1,5,7,35,95151,0,19.6,8.8
1,4,2,2,12,12,10,100,2,1,0,6,2,45.2,43635,0.087,7,8.6
1,4,3,1,1,1,5,100,2,1,0,15,3,42.1,16279,0.928,8.7,7.8
2,4,2,2,6,5,3,100,1,1,0,5,1,40.5,104209,0.038,11.3,10
5,4,3,3,1,3,8,100,2,1,0,7,3,43.1,25600,0.006,9.8,6.1
10,4,2,3,2,2,9,50,2,1,0,7,2,56.1,127509,0,10.1,6.2
7,3,2,3,7,7,4,50,2,3,0,10,0,34.5,50472,0.284,4.8,6.7
5,3,2,3,3,10,10,100,2,2,0,9,1,42.6,32199,0.208,3.4,4.4
1,2,2,3,1,3,5,50,3,2,0,8,2,46,44127,0.208,17.4,6.5
5,4,2,1,1,3,1,50,2,2,0,9,3,41.7,29459,0.144,1.8,5.1
1,4,2,3,10,9,1,0,4,1,0,9,1,48.3,46016,0.064,6.9,6.1
5,2,2,3,6,1,5,0,2,2,0,10,3,38.3,94958,0.036,13.3,7.1
4,3,2,2,6,10,1,100,1,1,0,10,2,50.2,70565,0.004,2.4,7.3
1,1,2,2,7,2,8,0,1,2,1,10,2,55.4,94392,0.032,17.4,6.2
4,3,2,3,5,1,9,0,2,1,0,12,1,48.3,62790,0.082,1.4,10
11,2,2,3,2,5,9,0,1,2,0,7,3,44,135681,0.001,6.8,5.1
11,3,2,2,11,11,5,0,2,7,0,8,0,47.8,83765,0.005,13.5,6.7
4,1,2,3,10,9,7,0,1,1,1,6,0,50.9,126934,0.083,17.7,6.8
5,5,2,2,11,11,9,0,3,1,1,11,2,42,119955,0,17.7,6.9
3,4,2,3,8,6,7,50,1,1,0,6,1,44.4,77200,0,6.7,7.7
3,4,4,2,6,2,10,100,5,1,0,8,3,48.9,112578,0.066,9.7,6.7
12,1,2,1,2,2,5,50,3,1,1,12,0,50.9,144526,0.631,21.4,7.8
12,5,2,1,3,10,1,0,4,1,1,4,1,49.4,50070,0.184,19.3,5.1
7,2,2,3,2,2,3,0,1,2,1,5,2,49.1,111000,0.157,14.2,7.1
10,4,2,3,2,2,5,100,4,3,0,5,2,60.8,146450,0.119,10,5.8
7,4,2,2,5,1,5,0,2,1,0,12,2,43.4,135356,0,11.1,5.3
1,2,4,3,1,3,2,100,1,2,0,12,3,44.9,25417,0.171,14.1,4.6
10,2,1,1,2,2,8,0,2,2,1,6,3,53,68690,0,7.5,5.6
2,3,2,1,3,10,7,100,1,2,0,7,2,48.3,23325,0.735,14.1,5.1
1,2,2,3,2,2,7,100,5,4,0,10,4,44.7,157176,0.121,13.8,10
2,4,2,3,2,2,2,100,2,1,0,5,1,41.7,127588,0.134,5.8,6.4
3,4,2,1,11,11,7,50,1,2,0,10,5,44.5,66224,0.382,11.2,9
7,2,2,1,10,9,1,100,1,2,0,7,3,50.2,125023,0.164,20.5,7
5,2,1,3,7,7,10,0,1,1,0,8,3,42.1,40043,0.081,7.3,4.4
3,2,1,2,6,5,9,0,5,1,0,11,2,35.9,105991,0.057,10.3,7
2,2,2,3,7,7,5,50,3,1,0,4,0,61.2,79623,0.063,13.1,5
10,3,2,3,7,7,8,50,2,1,0,9,1,42.5,43001,0,5.1,6.2
3,4,2,3,9,8,5,100,1,4,0,4,3,42.3,59683,0.11,10.1,5.4
9,2,2,2,6,5,5,50,2,1,0,11,3,42.7,173819,0,17.1,8.8
3,2,2,2,4,4,5,50,1,2,0,11,4,45.3,106910,0.03,8.2,8.4
3,2,2,1,10,9,4,0,1,1,0,6,1,41.8,86018,0.49,12.9,7.7
1,4,2,2,6,5,5,100,5,1,0,6,1,47.2,106822,0.01,16.5,5.8
3,2,2,3,2,2,6,0,2,4,0,5,0,52.6,144743,0.028,13.2,5.3
5,3,2,3,9,8,5,0,1,1,0,7,1,47,39022,0.093,0,4.6
12,4,2,1,3,10,9,0,2,1,0,7,2,44.7,25915,0.439,15.5,5.3
10,2,2,3,2,5,9,50,2,1,0,11,1,45.6,136360,0.232,7.7,7.5
4,2,2,2,6,5,5,100,1,1,0,6,1,43,125200,0.027,5.7,8.3
4,4,2,1,7,7,2,0,1,6,0,10,0,37.4,54328,0.385,4,6.8
4,4,4,3,2,2,7,100,2,1,0,7,1,54.3,103813,0,6.1,6.6
7,3,2,3,1,3,5,0,1,1,0,10,5,51.3,29975,0.101,10.4,7.3
9,3,4,2,5,1,1,100,2,1,0,10,0,45.7,91997,0.019,0,8.4
1,3,2,3,7,7,2,0,3,2,0,10,2,39.5,40773,0.145,9.3,7.2
2,4,2,3,11,4,1,100,2,1,0,11,1,37.7,122413,0.244,7.4,8.3
1,3,2,3,2,2,9,50,1,1,0,7,0,42.9,61913,0.016,9.2,6.5
3,4,2,2,11,11,6,50,2,1,0,6,2,29.1,125638,0.076,12.4,6.8
11,4,2,2,6,5,1,0,1,7,0,9,4,41.6,131706,0.017,8,5.9
3,3,2,3,2,2,6,100,2,1,0,6,1,39,131313,0.1,3.1,6
3,4,2,2,4,4,5,50,1,1,0,10,0,37.9,88183,0.034,8.8,7.4
3,4,2,3,11,11,3,0,1,1,0,7,0,40.8,65896,0.219,12.4,7
10,4,3,2,6,5,3,0,1,1,0,12,4,40,64679,0.049,1.7,6.4
1,1,2,3,10,9,5,100,4,1,1,9,2,36.1,125345,0.185,19.3,7.4
11,3,2,3,3,10,1,100,3,1,0,10,2,42.2,25593,0.121,5.8,6.9
11,3,2,1,2,2,5,0,5,2,0,3,2,47.7,96447,0.026,1.6,3.3
8,2,1,3,2,1,5,0,1,4,0,8,1,48.5,68758,0.114,8.1,6
10,1,2,3,1,3,8,50,1,1,1,6,1,49.7,59898,0.112,14.3,3.7
8,4,2,3,11,12,6,100,1,7,0,6,1,38.3,129455,0.081,11.5,7.7
10,4,2,3,6,5,1,100,1,3,0,11,2,42.5,76739,0.11,7.1,8.4
12,2,2,3,2,2,5,50,1,1,0,10,1,49.9,142696,0.027,14,5.6
3,3,2,1,1,3,8,100,5,1,0,7,0,44.6,22494,0.009,9.1,6.2
7,2,2,3,1,3,5,50,5,1,0,16,2,41.7,61047,0.223,9,8
1,1,2,2,6,5,6,100,2,1,1,9,4,43.8,158240,0.003,12.6,8.9
10,2,3,2,7,7,2,0,5,1,0,7,3,49.3,85239,0.062,11.1,7.9
11,4,2,3,3,10,4,0,2,2,0,6,0,45,28645,0.063,4.1,5.6
5,3,2,2,3,10,6,0,5,6,0,7,2,51.2,22257,0,3,6.3
9,4,2,2,11,11,3,50,2,1,0,4,2,47.8,120719,0,9.4,9.1
6,2,2,3,2,2,1,0,1,2,0,5,1,41.2,107820,0.13,15.9,4.5
12,3,3,3,2,2,10,100,2,1,0,10,5,40,68910,0.125,2.1,7
7,2,2,1,2,12,5,0,1,1,0,5,2,41.3,117564,0.118,15.9,5.3
10,4,2,3,12,12,5,50,3,1,0,6,1,51.6,54158,0.045,14.6,6.4
4,3,2,1,10,1,7,100,1,1,0,8,0,47.9,51495,0.523,4.8,4.9
10,1,2,3,1,2,2,0,2,3,1,2,4,48.3,47608,0.075,13.3,4.6
12,4,2,1,6,5,1,100,1,1,0,3,2,32.4,81594,0.385,12.1,8.2
3,4,2,3,2,2,6,50,2,1,0,10,3,50.7,154459,0.199,10.5,5
11,4,2,3,5,1,1,0,4,1,0,12,2,30.7,93903,0.201,15.4,8.1
4,5,2,1,6,5,6,0,2,1,1,6,5,38.7,112189,0,17.5,5.8
6,2,2,3,6,5,10,100,3,1,0,9,2,40.4,83348,0.203,15.8,7.3
3,3,2,1,2,2,7,50,2,2,0,4,0,32.9,81036,0.307,5.2,7.1
10,3,2,3,11,11,5,100,3,7,0,8,0,55.8,61062,0.11,1.7,7.5
1,2,2,3,2,2,1,0,2,1,0,8,2,38.9,156248,0.066,6,4.5
11,2,2,3,6,5,1,0,3,1,0,11,0,43.2,139255,0.091,19.7,5.6
2,2,2,3,2,2,2,50,1,2,0,9,1,45.3,152362,0.151,16.6,7.5
5,2,2,2,1,3,1,0,1,3,0,9,2,44.9,34603,0.032,8.1,4.4
1,2,2,3,8,6,1,100,2,1,0,5,4,40.1,92915,0.207,10.3,5.8
10,2,2,3,8,6,5,100,5,1,0,10,0,43.6,130688,0.091,10.4,5.6
3,3,2,2,8,6,6,50,4,1,0,9,1,44.7,78712,0.046,4.5,7.1
10,3,2,1,6,5,6,100,2,1,0,11,0,42.6,59543,0.217,9.2,7.8
2,1,2,3,11,11,6,100,2,1,1,6,2,53.1,149580,0,16.4,6.8
9,2,2,3,8,6,6,100,5,2,1,10,1,43.1,107506,0,10.2,7.2
3,3,2,3,6,5,4,50,1,2,1,6,2,35.8,64580,0,12,5
10,2,2,3,7,7,5,100,1,1,0,10,3,36.3,97549,0.125,14.9,8.4
8,3,2,3,1,3,3,0,1,1,0,7,3,45.5,18041,0,3.8,4.5
8,3,2,1,2,2,5,100,1,2,0,8,2,46.4,85800,0.735,3.3,8.6
4,4,4,2,5,1,1,50,2,3,0,12,3,48.9,96989,0.069,9.5,6
5,4,2,1,5,1,5,0,2,1,0,4,0,32.8,95738,0,7,7.9
1,1,2,3,2,2,5,50,2,1,1,5,1,50.1,200286,0,20.5,6.2
5,3,2,3,7,7,4,50,3,1,0,8,2,56.8,32227,0.091,5.8,5.9
10,4,2,1,8,2,4,0,2,1,0,7,4,44.4,55580,0.102,13.7,7.8
12,3,3,1,4,4,2,0,4,4,0,12,1,41.8,52321,0,0,3.6
1,4,2,3,11,11,2,0,1,1,1,10,3,41.8,45711,0.04,6,7.2
3,3,2,3,1,3,5,50,2,2,0,14,0,37.4,26949,0.062,7.1,6.5
2,3,2,2,7,7,6,100,2,2,0,6,3,40.2,70777,0,6.1,8.1
9,1,4,1,1,5,9,100,2,2,1,12,2,44.1,52458,0.752,16,5.1
3,4,2,3,2,2,8,50,2,1,0,7,1,37.6,114184,0.017,4.4,8.7
3,1,2,2,2,2,1,50,2,7,1,11,1,58.7,352584,0,14.5,5.9
1,4,2,3,5,1,5,0,5,2,0,11,1,36.6,77385,0,15.6,7.4
4,4,2,1,2,9,3,100,5,1,0,13,1,60.2,107178,0.601,9.2,4.5
3,4,2,2,2,2,2,0,1,1,0,10,0,55.8,107932,0,0.4,7.3
3,1,3,1,1,3,2,50,1,1,1,7,3,37.8,33726,0.059,14.2,8.2
11,5,2,1,11,11,3,50,1,1,1,8,6,49.5,149015,0.435,23.4,8.5
7,3,2,3,12,12,9,100,2,2,0,5,2,44.9,41946,0.152,5.4,9.4
10,1,2,2,2,2,7,0,2,3,1,8,3,44.2,174334,0.03,11.9,6
3,4,2,2,4,4,5,100,1,7,0,9,1,42.2,131514,0.048,4.4,6.4
10,4,3,2,2,2,6,100,1,2,0,12,1,58.8,129236,0.031,11.3,6.9
10,2,2,3,6,5,1,100,1,6,0,8,3,49,138651,0.069,16.4,7.6
1,4,2,3,1,3,1,0,1,1,0,8,0,42.7,30109,0,0.9,5.8
8,3,2,3,1,3,5,0,4,1,0,6,1,46.2,26600,0.197,2,4.6
6,3,2,1,6,5,5,100,1,2,0,9,2,34.5,52671,0.585,2.8,6.9
10,3,2,1,1,3,9,100,1,1,0,4,3,40.6,15249,0,8.8,4.9
12,3,2,2,10,9,7,0,1,1,0,6,1,39.7,79749,0.008,10.3,5.8
10,2,1,3,2,2,5,50,5,1,0,3,3,47.2,123154,0.122,5.6,7.7
11,3,2,3,2,2,8,0,1,1,0,5,0,42.8,104245,0.069,4.1,5.8
4,2,2,3,2,2,1,100,1,6,0,10,3,48.6,155937,0.007,17.1,7.4
9,3,2,3,1,3,5,50,1,1,1,7,2,37.3,31848,0.051,4.9,6.4
3,4,2,3,1,2,1,100,2,2,0,7,1,38.3,57131,0.165,4.2,9.3
5,4,3,2,7,7,5,0,1,1,1,4,3,38.1,65054,0,13,8
12,1,2,3,2,2,6,100,1,1,1,6,1,50.3,229522,0.167,13.5,7.2
6,4,2,2,1,3,5,50,2,1,0,11,3,42,29372,0.055,12.2,7.2
2,1,2,2,2,2,6,0,3,1,1,5,4,51.8,224885,0.011,18.3,7.1
2,1,3,3,5,1,5,0,2,1,1,8,0,44.9,181671,0,14.5,6.4
4,4,2,3,2,2,1,0,2,1,1,7,2,42.7,122182,0.011,7.1,6.8
3,4,2,3,2,2,5,50,4,2,0,6,0,51.6,108442,0.086,5.5,5.8
10,4,2,1,1,3,1,50,2,1,0,7,0,51.8,28429,0.429,13.4,6.8
5,4,2,2,1,3,1,0,1,1,0,9,4,56.5,48128,0.038,6.3,6.6
10,3,1,3,2,2,5,50,1,1,0,10,3,40.2,60954,0.114,7.5,5.6
10,3,2,2,1,3,7,50,2,2,0,12,1,30.7,34857,0.047,4.1,6.9
3,4,2,2,10,9,8,50,5,2,0,5,3,44.2,135928,0,13.5,6.4
3,1,1,2,2,2,1,100,1,1,1,6,1,58.9,161147,0.017,20.3,5.6
7,4,2,3,2,2,5,100,2,6,0,7,0,36.4,215173,0.108,1.9,8.1
2,2,2,3,10,9,5,100,1,1,0,11,1,47.6,133963,0.106,10.9,7.2
3,3,2,3,2,2,10,0,2,1,0,3,3,41.2,132233,0.162,1.4,8.2
7,2,1,2,1,3,2,0,3,1,0,7,0,45.4,31454,0.01,8.4,5.1
7,2,2,3,2,2,5,50,5,2,1,6,3,34.1,166828,0.194,10.4,7.2
11,2,2,2,11,11,5,100,1,3,0,6,1,45.5,125145,0,15.5,8.7
4,4,3,3,6,5,10,0,4,1,0,4,3,41.9,98410,0,3.6,6.4
3,2,4,2,2,2,1,50,1,1,0,4,1,50.7,230629,0.074,12.4,5.2
8,4,2,2,2,2,1,0,5,6,0,11,1,32.9,213956,0.046,7.5,5.9
2,2,2,3,8,6,2,50,5,1,0,10,1,48.7,140592,0.026,14.8,6.6
1,2,2,1,10,9,7,0,2,1,0,5,1,56.2,61518,0,9.8,5.1
3,4,2,3,3,10,8,0,2,1,0,11,2,31.2,36681,0.112,17.3,5.1
12,4,2,3,5,1,5,0,2,2,0,5,0,49.9,90046,0.018,12.3,4.9
3,1,2,1,2,2,1,0,2,1,1,10,2,44.5,208613,0.336,18,8
11,4,2,1,1,3,9,0,2,2,0,12,1,37,27566,0.147,9.2,9.9
7,4,2,3,1,3,5,0,1,1,0,9,1,26.1,41978,0.006,15.8,6.1
10,4,3,3,2,2,5,50,2,3,0,7,4,56.8,120983,0,8.9,5.9
2,3,2,2,2,2,6,50,2,6,1,14,5,32,105886,0.023,6.4,8.7
6,3,2,3,3,10,1,0,2,2,0,11,2,45.3,22683,0.111,7.3,6.9
11,3,2,3,6,5,4,0,2,1,0,6,2,42.7,87693,0,10,7.3
3,2,1,1,2,3,5,100,2,1,0,3,2,45,119509,0.09,10.4,6.9
4,4,2,3,2,2,5,0,2,2,0,6,2,45.3,100801,0,10.8,5.4
3,4,2,2,2,2,7,100,2,2,0,2,3,36.3,172406,0.015,8.3,7.1
5,1,2,2,11,11,3,100,1,1,1,13,4,45.6,119463,0.03,18.1,7.2
5,4,2,3,1,3,5,100,2,1,0,6,1,41.1,42260,0.055,4.2,7
2,2,2,3,2,2,3,0,1,5,0,9,0,43.3,133454,0.103,6.1,5.4
11,4,2,2,10,9,5,50,1,1,0,7,2,32.8,116278,0.037,11.8,7.4
9,4,3,1,2,2,5,0,3,1,0,8,2,38,88297,0.507,10.4,6.8
10,4,3,3,2,2,5,50,1,1,0,5,1,50.4,107436,0.156,9.1,8.1
11,2,2,1,11,11,7,0,2,1,0,6,1,34.6,113692,0.789,7.9,7.3
7,4,2,3,2,2,10,0,2,3,0,9,2,39.8,103122,0.016,8.6,6.5
4,2,2,2,2,2,2,50,4,1,0,9,2,49.8,155317,0.006,16.9,7.4
5,3,2,3,2,2,5,0,2,1,0,9,0,37.2,93653,0.227,12.1,4.6
3,4,1,3,4,4,7,50,2,1,0,8,3,41.6,50030,0.026,10.4,9
4,1,2,3,2,2,5,100,5,2,1,7,5,50.2,214913,0.094,20.8,7.2
4,5,2,3,6,5,2,50,2,1,1,7,1,59.2,217785,0.086,16.5,6.6
9,4,2,3,2,2,7,50,1,1,0,9,0,44.8,108572,0.058,11.5,5.2
11,1,2,2,2,2,5,100,1,6,1,10,3,51.3,219743,0,13.9,5.6
5,2,2,3,3,10,1,0,1,1,0,8,0,46.9,48715,0.099,10.8,4.9
4,1,2,1,3,10,5,0,2,2,1,9,3,41,41507,0.163,16.8,5.4
4,2,2,3,11,11,9,0,2,1,0,5,1,42.4,157468,0.279,8.3,6.8
1,5,3,2,1,11,1,100,1,1,1,8,1,50.5,55400,0.057,9.1,6.2
7,2,4,2,6,3,1,100,2,1,0,8,1,49,186702,0.004,7.8,7.2
4,1,2,3,1,3,3,0,2,1,1,9,4,45.2,40451,0.063,18.2,8.8
5,4,2,3,6,5,8,100,2,3,0,6,1,43.6,62457,0.14,8.9,7.5
4,1,3,3,10,6,2,100,4,1,1,15,4,41.4,121946,0,19.4,9.3
11,2,2,1,3,10,10,0,2,1,0,8,3,41.3,48611,0.683,14,5.6
6,1,2,1,3,10,9,0,2,2,1,6,2,41.9,45096,0.757,17.1,7.7
1,2,2,1,7,7,9,50,5,2,0,6,1,48.4,65565,0.406,6.8,7.2
11,4,2,2,6,5,5,50,2,1,0,9,2,35.4,105945,0,15.9,8.8
1,2,2,3,2,2,3,50,1,1,0,7,2,51.6,95881,0.087,11.7,6.9
7,4,4,1,2,2,1,100,3,1,0,6,3,44.4,103526,0.113,14.5,5.9
8,3,2,3,1,3,5,0,1,3,0,5,1,44.3,34681,0,7.3,5.3
3,1,2,2,1,3,5,50,1,1,1,8,1,59.2,66659,0,16.1,3.7
1,5,2,1,2,2,1,0,2,2,1,6,2,48.5,178344,0.809,12.5,5.7
11,3,4,2,4,4,5,0,1,1,0,7,1,48.9,60504,0.033,8.3,4.2
6,3,2,3,1,3,5,50,1,6,0,2,0,36.3,22670,0.055,8.3,8.1
2,3,4,2,2,2,7,50,2,3,0,11,1,44,99990,0.042,3.6,9
9,2,2,3,9,8,2,50,2,6,0,8,2,40.9,74721,0.156,16.8,7.4
9,4,2,3,6,5,1,0,2,1,0,8,2,34.3,102005,0.07,6.5,6.9
1,4,2,3,12,12,1,50,2,1,0,7,2,46.9,33362,0.175,1.5,3
3,3,2,1,1,3,5,0,2,1,0,4,1,47.9,27031,0.352,15.6,5.4
1,4,2,1,7,7,8,100,1,6,0,8,1,48.1,37195,0.137,4.2,5.8
10,5,2,3,2,2,5,50,2,1,1,7,2,58,235413,0.095,17.3,6.2
10,4,2,1,6,5,5,0,1,1,0,10,0,37.4,86355,0.436,6.5,6.9
7,2,2,3,2,2,5,100,2,6,0,7,1,50.3,220820,0.044,15.5,7.6
9,2,4,1,1,3,5,0,1,1,0,12,1,36.9,43651,0,12.9,5.9
6,1,2,2,6,5,7,50,1,3,1,9,4,47.6,113570,0.019,20.3,5.7
1,3,2,3,2,2,1,100,2,2,0,10,1,41.2,98678,0.137,6.8,7.9
1,3,2,1,2,2,2,0,5,2,0,4,2,36.6,55547,0.237,5.1,5.5
1,2,2,1,11,11,2,100,2,1,0,7,3,42.6,74494,0.065,15.4,5.1
3,3,3,3,2,2,1,0,2,2,0,11,1,38.7,169014,0.121,0,6.6
9,3,2,3,2,2,1,50,2,6,0,8,1,36.9,120042,0.275,8.3,7.6
11,4,2,3,1,3,10,50,2,2,0,6,1,37.9,35247,0.221,8,6
11,4,2,3,1,3,2,0,2,1,0,9,1,42.9,33150,0,10.9,5.3
6,4,2,3,6,5,5,100,2,2,0,6,2,34.1,81589,0.157,14.2,7.2
4,2,2,2,3,10,2,100,2,3,0,7,3,42.3,62228,0.023,13.7,9
6,2,2,3,2,2,5,100,5,1,0,7,2,45.8,133094,0.187,7.7,7.4
7,3,2,1,11,11,8,50,2,1,0,6,1,46.5,69631,0.53,2.6,7.5
3,2,2,3,5,1,5,0,5,4,1,10,2,48.5,157781,0.17,16.8,6
2,1,3,3,1,3,10,50,3,2,1,6,3,40.9,34560,0.129,18.7,6.7
5,2,3,3,11,5,2,100,2,1,0,8,2,38.4,81119,0.113,5.8,8.2
1,2,2,3,6,5,1,100,4,3,0,5,1,41.9,76021,0.149,14.5,6
4,3,2,3,2,2,5,0,3,1,0,6,2,36.7,74594,0.196,9.1,6.7
10,5,3,3,12,12,2,0,5,1,1,8,5,47.5,107307,0.032,18.1,5.4
7,5,2,3,12,12,6,100,1,1,1,7,2,37.1,122647,0,19.9,6.1
3,4,2,2,3,10,5,100,1,1,0,7,2,43.1,46848,0.006,7.1,5.2
3,2,2,2,8,6,2,50,5,4,0,10,0,46.2,139998,0,16.7,5.5
10,2,2,1,2,2,3,0,3,2,0,6,3,45.5,135339,0.395,14.2,8.5
6,2,2,1,3,10,5,0,5,3,0,10,5,36.6,32355,0.526,14,7.8
4,2,2,2,2,2,4,0,1,1,0,7,1,53,149622,0.032,15.3,4.4
1,4,1,2,2,2,8,100,4,1,0,6,2,54.1,43660,0.055,7.9,10
3,3,1,3,3,10,9,0,3,1,0,3,2,31.5,12000,0.118,0,6.2
3,1,2,1,6,5,2,0,1,1,1,8,0,54.1,126896,0.439,11,6.1
11,4,2,3,6,5,7,50,2,1,0,11,3,45.6,109371,0.086,11,5.8
3,4,2,3,2,2,6,0,2,6,0,8,1,41.2,127869,0,7.6,9.3
1,4,2,3,1,3,9,100,3,1,0,11,2,44.2,21850,0.12,10.7,7.2
10,4,2,1,1,3,7,50,1,6,0,6,2,38.3,30274,0.04,11.4,5.8
10,2,2,1,1,3,2,100,5,1,0,7,2,30.9,45166,0.958,12.3,7.6
11,3,2,1,6,5,2,0,1,1,0,7,1,40.1,40726,0.205,4.5,6.6
12,2,2,3,2,2,6,0,1,5,0,4,1,47.8,130904,0.115,14.3,4.9
10,2,2,1,2,2,5,100,2,2,0,3,1,42.5,137599,0.774,10,7.3
11,4,1,1,6,5,1,0,1,4,0,8,1,34.8,53644,0.304,11.6,7.3
5,4,2,1,12,12,7,0,3,1,0,3,0,50.2,45200,0.142,7.8,6.3
10,1,2,1,4,4,6,50,3,3,1,8,3,47.9,69960,0.671,7.5,8.4
5,4,2,3,1,3,5,0,1,6,0,7,1,42.9,36135,0.09,9.2,7.9
1,4,2,3,8,6,3,0,3,2,0,10,2,49.3,41246,0.125,6.9,8
5,4,2,2,2,2,6,100,1,6,0,7,3,46.6,126646,0.002,16.9,7.2
11,1,2,3,5,1,1,100,1,1,1,7,3,40.9,200184,0.154,18.1,7
2,3,2,2,1,3,5,0,3,1,0,5,2,31.4,29655,0,7.9,6.5
10,2,2,3,2,2,5,0,2,1,0,16,1,36.4,181716,0.1,12.1,10
6,2,2,3,1,3,6,50,3,2,0,7,1,47.3,27863,0.143,12.9,5.8
4,2,2,3,2,2,9,0,1,1,0,6,0,49,149382,0.125,9,4.4
4,3,2,3,1,3,2,50,1,1,0,5,1,40.6,26261,0.117,1,6.1
6,3,2,3,1,3,2,0,2,1,0,9,2,43.5,20466,0.206,14.3,6.4
1,2,2,1,1,3,8,0,1,1,0,5,2,48.8,20100,0,17,5.6
6,2,2,3,2,2,1,0,1,1,0,8,1,45.5,111356,0.105,8.5,8.9
1,3,2,3,2,2,6,50,1,1,0,8,2,52.4,61247,0,3.4,5.8
8,4,2,1,10,9,7,0,1,1,0,13,0,40.2,80588,0.029,4.1,8.3
4,4,2,2,4,3,5,100,2,7,0,8,2,45.7,96759,0,5.3,6.4
6,4,2,3,2,2,3,100,4,1,0,4,2,41.1,77017,0.112,11.1,7.1
10,3,2,1,2,2,5,50,2,1,0,8,2,44.8,73774,0.612,6.9,7.8
3,2,2,3,1,3,1,100,1,1,0,7,3,43.3,67899,0.172,14.2,7.9
5,3,4,1,1,3,2,0,4,2,0,5,1,34.2,14885,0.127,5.6,8.6
4,2,3,3,1,3,5,100,1,1,0,11,4,48.9,55974,0.317,16.7,6.8
10,3,2,2,2,2,1,50,2,1,0,9,0,36.9,140385,0.009,8.2,9.1
4,3,2,3,2,2,1,100,5,1,0,6,1,44.2,114340,0.057,6.7,7.8
11,1,2,1,2,2,1,0,1,3,1,9,4,46.8,164628,0.156,14.4,5.2
10,2,2,3,1,3,5,50,1,1,0,4,1,46.6,47816,0.155,17.9,6.3
1,4,2,2,1,3,2,0,2,1,0,3,0,36.4,20556,0.024,10.1,5.9
11,2,2,2,2,2,4,0,1,1,0,9,1,52,123580,0.047,16,5.3
11,4,2,3,10,9,2,0,2,2,0,9,0,50.8,92354,0.145,5.9,4.4
12,4,2,3,1,3,1,100,2,1,0,9,2,46,28658,0.153,6.9,8.2
4,2,2,3,9,8,5,50,2,2,1,6,2,39.8,73116,0.051,9.3,8.5
11,4,2,2,11,11,1,100,2,6,0,6,1,46.2,177540,0,9.7,4.5
12,2,3,3,1,3,5,50,3,1,0,5,2,48.7,33849,0.087,5.8,7.7
2,2,3,3,2,2,1,50,5,1,0,4,2,44.6,245133,0.037,11.8,6.2
5,4,2,1,6,5,8,0,4,4,0,9,2,35.8,51449,0.571,10,6.2
10,2,1,2,6,5,5,50,2,1,0,5,1,45.9,107354,0.008,13.4,8.1
2,4,2,3,6,5,5,50,2,1,1,7,3,33.8,121150,0.082,7.8,5.6
1,3,2,3,2,2,1,0,1,2,0,7,1,32,62894,0.206,10.4,7.1
4,3,1,2,6,5,2,0,1,1,0,6,3,32.6,28011,0.063,1.4,7.6
3,1,2,3,5,1,1,0,2,6,1,12,3,50.1,150519,0.017,20.9,5
10,4,2,3,8,6,2,0,2,1,0,9,3,47.1,87161,0.086,4.2,7.1
10,4,2,3,2,2,1,0,5,1,0,13,2,47.4,125059,0,10,6.3
10,2,2,3,2,2,5,50,1,1,0,10,1,53.7,173347,0.089,16.9,8
1,2,2,3,2,2,7,50,5,1,0,16,1,51.6,103292,0,12.9,6.3
12,2,2,3,8,2,5,100,3,1,0,8,3,44.7,114565,0.062,12.2,6
4,4,2,2,1,5,6,100,4,1,0,8,2,37.4,32357,0.041,16.1,5.9
11,2,2,3,11,11,5,0,2,1,0,11,1,51.1,130485,0.113,15.2,7.8
6,2,2,3,2,2,3,50,5,1,0,8,2,49.9,142941,0.097,14.9,6.2
1,2,2,3,2,2,1,100,2,1,0,9,2,40.2,138459,0.026,10.8,9.8
4,4,2,3,6,5,1,50,2,1,0,5,1,46.5,116459,0.175,6.7,6.7
11,2,2,2,1,3,1,0,2,1,0,10,1,37,51285,0.066,8.9,7.8
10,4,2,3,4,4,3,0,2,4,0,7,3,41.1,68016,0.197,14.7,6.1
2,2,2,2,2,2,7,0,2,1,0,5,3,46.2,253442,0,14.8,7.5
10,2,2,3,11,11,2,0,2,1,1,5,4,37.9,95705,0.124,19.2,7.2
8,4,2,2,2,2,1,0,2,1,0,9,1,41.9,141814,0.017,6.9,5.7
8,2,2,3,1,3,2,100,1,1,0,4,3,42.8,43331,0.039,8.9,6.9
4,4,2,2,5,1,3,0,1,1,0,6,3,54,90826,0.012,4.2,5.3
3,2,2,3,2,2,8,100,2,1,0,9,3,39.8,128033,0.078,13.9,5.2
2,4,2,2,8,6,5,100,2,4,0,6,1,49.2,137242,0,13.8,6.4
11,5,2,3,1,3,3,50,3,2,1,10,3,45.6,38851,0.214,17.8,7.9
7,3,2,2,1,3,7,50,1,2,0,5,0,40.7,27667,0.059,7.7,7.5
6,4,2,3,3,10,8,50,4,1,0,7,2,36.7,29087,0.131,11.8,8.8
6,2,2,3,2,2,5,0,2,1,0,7,3,50,108884,0,2.7,3.9
3,2,2,2,2,2,2,50,1,1,0,7,2,48.3,183210,0.027,11.3,6.8
11,2,3,1,2,2,1,0,2,1,0,9,2,58.7,180039,1.078,9.2,4.5
1,4,2,3,4,4,6,100,1,1,0,8,3,36.7,72723,0.082,10.3,7.9
9,2,2,3,1,3,6,100,2,4,0,7,5,50.5,46405,0.062,13.1,7.8
3,3,2,3,2,2,5,0,4,1,0,12,0,36.2,102992,0.148,3.6,7
12,2,2,2,1,3,9,0,1,1,0,11,2,49.7,46055,0.041,13.2,5.2
4,4,2,2,6,5,7,0,2,1,0,7,0,44.4,99636,0.027,10,8
6,2,3,2,1,3,8,0,2,1,0,9,3,37.7,39708,0.028,14.7,7.9
11,3,3,3,11,11,5,0,1,1,0,6,2,35.6,84762,0.132,5.7,6.8
3,4,2,3,8,6,5,0,1,1,0,7,0,55.4,78882,0,13.5,5.2
3,2,2,3,6,5,1,100,1,1,0,9,2,31.8,117213,0.067,12.5,9.4
10,3,2,3,9,8,3,100,1,3,0,7,3,43.3,29591,0.166,8.1,5.1
2,2,2,3,2,2,5,0,3,1,0,6,2,51.1,146435,0.054,11.8,5.8
4,4,2,3,2,2,5,100,2,1,0,7,4,43.9,144022,0.134,7.7,6.7
11,5,1,3,3,10,1,0,2,1,1,8,1,52.3,52583,0.196,23.1,3.9
5,2,2,1,2,2,4,50,2,1,0,12,2,42.9,157474,0.312,17.4,7.2
4,2,2,1,6,5,3,100,2,1,0,13,5,53.9,83961,0.281,13.7,8.6
10,3,1,1,6,5,2,50,1,6,0,8,1,48,25136,0.694,2.2,7.5
11,4,3,3,8,6,9,50,2,1,0,11,3,42.9,75571,0.069,16.1,4.1
3,2,2,1,2,2,5,0,1,1,0,10,1,49.9,158739,0.049,11.7,7.5
1,3,2,3,2,2,5,50,3,2,0,7,1,43.6,48903,0.146,10.9,6.2
12,1,2,3,11,11,1,50,2,1,1,4,4,49.5,182545,0.115,15.8,5.2
6,1,2,2,1,3,4,100,1,1,1,8,0,43.1,39201,0.014,22.8,5
5,3,2,2,2,2,1,0,3,1,0,14,1,30.8,120574,0.002,7.3,9.1
5,2,4,1,8,6,10,50,3,2,0,8,2,60.3,54059,0,10.1,5
11,1,2,2,12,12,5,0,3,1,1,8,2,51.9,147383,0.04,18.7,6.9
9,3,3,3,8,6,5,0,2,2,0,6,3,50.4,82374,0.124,9.1,5.7
7,4,2,3,8,6,7,0,1,2,0,11,1,46.6,94618,0.131,9.5,5
3,2,2,1,2,2,1,0,2,1,0,9,2,45.9,170540,0.578,4.4,5.9
2,2,2,1,12,3,6,100,2,1,0,8,0,55.4,81059,0.604,19.4,9.1
10,2,2,2,5,1,1,50,5,6,0,8,0,44.4,137419,0.038,5,4.8
2,4,2,3,2,2,1,0,4,1,0,8,3,42.5,123765,0,14.8,5.6
12,4,2,1,6,2,3,0,1,1,0,7,1,43.8,48623,0.41,5.2,4.4
5,5,2,2,8,6,3,100,2,2,1,7,2,54.7,185341,0.008,19.2,7.7
7,3,2,3,5,2,7,100,3,6,0,11,4,42.9,78368,0,4.3,8.5
6,4,2,2,2,2,5,0,3,1,0,6,1,45.7,119706,0,6,7.4
10,2,2,3,4,9,2,100,3,2,0,6,1,45.5,98107,0.03,8.6,6.5
3,2,2,3,1,3,1,0,2,1,0,10,4,48.3,59569,0.111,14.8,5.4
11,5,3,2,5,1,10,0,2,2,1,10,3,51.2,321535,0.039,22.2,6.4
10,2,2,3,8,6,5,0,3,5,0,8,4,48.3,126059,0.049,11.6,6
6,1,1,3,1,3,5,100,1,1,1,5,3,53.2,25251,0,16.8,5.6
7,2,3,3,2,2,5,100,2,1,0,9,2,38,215368,0.059,11.7,8.3
4,4,1,3,3,10,5,50,2,6,0,9,2,45.1,15986,0.238,13.4,7.8
1,4,2,3,6,5,5,50,1,1,0,8,3,44.9,67167,0,6.9,6.7
8,5,2,3,2,2,5,0,1,1,1,3,3,37.8,270943,0.159,17.4,5
3,2,2,2,10,9,1,50,2,1,0,9,1,38.7,129157,0.016,9.3,8.2
4,4,4,2,2,2,1,50,1,3,0,4,5,37.6,98030,0,5.5,5.6
10,4,2,3,2,2,3,0,4,1,0,8,4,37.6,100201,0,4.3,5.3
6,2,2,2,2,2,9,100,4,1,0,8,1,40.8,98910,0,16.9,7.6
10,2,3,2,12,12,6,0,1,3,0,5,4,42.9,71961,0.013,13.1,6.9
2,4,2,1,3,10,4,100,1,2,0,8,1,45.5,24514,0.016,8.3,6.6
1,2,4,2,8,6,1,50,1,6,0,9,0,39.2,119590,0,11.8,6.7
4,4,2,2,8,2,5,100,1,1,0,8,1,42.5,102620,0.036,3,5.8
12,4,4,2,2,9,5,0,2,1,0,5,2,27.5,123015,0.021,9.6,8.1
5,3,2,2,1,2,5,100,2,1,0,7,0,39.9,20023,0.052,8.3,5.2
1,4,1,3,1,3,10,50,2,1,1,7,0,38.3,16349,0,5.2,7.1
1,2,2,2,2,2,5,0,2,2,0,9,4,34.6,192978,0.005,20.4,6.7
4,2,2,3,3,10,5,50,1,3,0,9,2,50.5,50435,0.145,10.7,6.5
3,1,1,3,2,2,1,50,2,1,1,10,1,48,159546,0.133,11.2,7.9
11,3,2,2,12,9,6,100,5,2,0,8,0,39.3,48412,0.057,5.4,7.9
12,4,3,2,5,1,2,50,2,2,0,15,3,47.7,113898,0.031,11.8,8.1
10,3,2,3,6,5,1,0,5,1,0,9,2,51.3,68756,0.147,7.1,4.9
11,3,1,3,1,3,7,100,5,1,1,10,0,41.8,18802,0.064,1.9,5.2
1,4,2,2,6,5,9,0,2,1,0,6,1,40.1,38162,0.002,7.2,7.6
1,3,2,2,9,8,2,50,1,1,0,13,3,38.2,24519,0.036,0,6.4
10,3,2,3,2,2,2,50,2,1,0,8,2,39.5,84943,0.165,6.4,8.2
10,2,2,1,4,4,9,0,3,1,0,8,1,49.1,75974,0.715,17.3,4.4
3,4,2,3,7,7,6,0,3,1,0,6,3,46.8,56322,0,14.4,5.3
4,2,2,3,4,4,1,50,2,1,0,12,1,48,144262,0.082,14.9,6.6
1,4,2,1,2,2,7,50,1,1,0,11,0,43.3,62588,1.061,10.9,7.6
7,4,2,2,12,12,7,0,2,2,1,7,0,50,67464,0,14.9,8
6,2,3,2,12,12,10,0,2,2,0,4,3,46.1,95506,0.032,15.4,7.6
2,1,2,3,10,2,5,100,1,2,1,8,0,52.1,163681,0.221,12.4,5.9
1,2,2,3,11,11,7,0,1,1,0,10,1,37.5,68824,0.187,9.5,6.5
4,5,2,3,10,9,5,0,1,1,1,6,3,61.6,222829,0.153,23.3,5.5
11,2,2,1,11,11,1,0,1,4,0,9,0,43.9,105117,0,16.3,8.5
10,2,2,3,8,6,5,100,2,2,0,10,2,43.3,131424,0.162,14.4,6
4,4,2,3,5,1,2,0,1,4,1,5,4,49.4,87457,0.091,7.7,2.9
1,4,2,1,2,2,1,0,2,1,0,7,1,34.5,76564,0.357,8.3,6.9
10,4,2,1,2,2,2,50,1,1,0,6,2,54.5,93985,0.041,11.8,9
3,3,2,2,6,5,6,0,1,2,0,4,0,37.8,66664,0,7.5,6.7
6,2,1,2,4,4,5,100,1,2,0,7,2,44.7,46911,0.001,14.8,7.1
4,3,2,3,3,10,5,50,1,1,0,9,1,50.5,22989,0.07,0.9,5.5
5,4,2,2,8,6,9,50,1,1,1,9,2,37.9,75187,0,4.5,5.4
12,3,2,1,12,3,9,100,2,1,0,5,2,43.4,45473,0.817,0,4.5
11,3,1,2,6,5,5,100,2,1,0,15,1,56.2,57519,0.08,5.8,5.2
3,3,2,1,5,1,9,50,1,1,0,12,0,41.8,74063,0.081,2.4,6.3
4,2,2,3,2,9,1,100,5,1,0,9,0,47,243310,0.185,13.6,7.4
5,4,2,3,3,10,3,0,5,5,1,5,2,45.5,23581,0.092,11.6,4.5
4,1,2,2,7,7,7,100,2,1,1,8,2,42.1,146465,0.008,9.2,7.3
10,1,2,2,2,2,5,100,2,3,1,4,2,39.1,182887,0.001,16.9,5
11,4,2,3,2,2,5,0,1,2,0,9,1,44.3,182002,0.004,14.7,7.9
7,4,2,3,2,2,1,50,5,5,0,5,2,53.2,154869,0,4.2,7.9
12,2,2,3,2,2,6,0,2,1,0,8,2,48.4,130495,0.062,10.6,8.5
3,4,2,3,2,2,6,100,2,1,0,8,1,43.9,155282,0.177,15.6,7.1
6,2,2,1,7,7,5,0,1,2,0,9,1,50.2,55267,0.295,12.1,7.9
6,1,2,1,2,2,2,0,2,1,1,7,2,43.2,88881,0.294,15.9,5.9
3,4,2,3,1,3,5,100,1,1,0,11,4,45.7,31138,0.051,10.8,7.2
4,1,2,3,2,2,5,50,2,4,1,5,5,43.8,166810,0.032,14.8,9.2
1,4,2,3,9,8,5,50,1,1,0,5,1,42.1,41618,0.051,0.4,5.6
12,5,4,3,2,2,5,50,1,1,1,7,3,48.7,220654,0.167,17.7,7.8
1,2,2,1,10,9,5,0,2,2,0,6,2,48.3,83990,0.506,10.1,7.8
1,1,2,3,2,2,7,0,1,3,1,7,4,41.5,129497,0.153,18.3,7.2
11,3,3,2,8,6,9,100,5,2,0,7,4,59,110485,0.023,0.8,5.7
11,4,2,1,8,6,1,50,3,1,0,7,0,35.2,83006,0.296,7.5,7
7,2,2,2,5,7,9,100,1,4,0,7,0,45.5,108877,0,11.1,5.9
10,1,2,3,1,3,4,0,1,1,1,9,2,47.3,38788,0.018,11,5.9
2,2,2,2,2,3,2,50,1,1,0,10,3,39.4,209809,0.033,10.4,8
2,2,2,3,2,2,9,50,3,1,0,8,0,40.6,128170,0.087,15.3,7
3,1,1,3,2,2,1,0,4,1,1,9,7,44.3,105469,0.016,17.6,8.4
11,2,2,3,1,3,8,0,5,1,0,8,2,45.1,58132,0,13.3,5.6
2,3,2,2,7,7,6,100,3,1,0,12,0,42.4,83471,0.013,10.4,6.1
7,2,1,1,1,3,9,100,1,4,0,6,3,53.9,25979,0.207,9.8,6.5
4,3,2,3,2,2,5,50,5,1,0,5,2,37.5,84576,0.175,8.7,6.1
4,4,2,3,8,6,7,0,3,1,0,5,1,46.5,63433,0,4.1,5.3
1,2,2,3,3,10,1,0,1,2,0,7,1,47.1,37077,0.133,11.6,6.1
10,2,2,3,1,3,8,0,2,1,0,10,2,51.8,53610,0.128,12.2,6.1
5,2,2,2,1,3,8,100,2,4,0,4,3,48.9,42129,0.067,15.5,6.5
4,2,2,3,2,2,5,100,2,2,0,7,2,39.6,189569,0.199,10.7,6.5
11,1,2,2,1,3,7,100,5,1,1,12,2,43,77752,0.062,12.2,5.7
2,4,2,2,8,10,5,100,1,2,0,3,1,48.1,100787,0,6.1,7.5
4,2,2,3,8,6,1,50,2,2,0,11,1,47.6,104814,0,14.3,8.1
11,5,2,2,2,2,5,0,1,1,1,10,1,40.9,340887,0.114,12.5,9.3
3,4,2,1,4,4,7,0,1,1,0,6,0,48.1,84329,0.462,13.2,8.1
1,4,2,2,11,11,10,0,1,1,0,12,2,33.3,78765,0.066,13.3,7.4
1,4,2,3,2,2,3,50,1,2,1,8,3,40.8,68453,0.136,5.6,6.2
9,2,2,1,10,2,2,100,3,2,0,9,3,42.5,104248,0.552,22,5.9
11,3,2,1,2,2,2,100,1,1,0,17,0,32.2,68937,0.468,4.4,7.3
4,2,2,3,2,2,2,100,2,1,0,7,1,46.7,182233,0,18.9,7.3
10,4,2,3,2,2,1,100,2,1,0,10,1,43.1,174762,0.029,17.3,7
10,5,2,2,6,5,5,0,1,2,1,8,2,52.4,187214,0.057,20.7,6.2
4,4,2,3,2,2,1,0,1,6,0,10,2,48.2,136190,0.108,8.9,4.6
2,3,2,3,1,3,5,0,1,1,0,10,3,35.9,26059,0.014,7.2,6.1
10,4,2,2,2,2,5,100,1,1,0,8,2,43,156710,0.089,17.3,8.9
2,2,2,3,8,6,5,100,1,1,0,10,2,48.2,136444,0.197,7.8,7.5
10,4,2,2,6,5,5,0,1,1,0,4,0,48.2,85968,0.064,7.5,6.3
11,4,2,2,8,6,4,0,1,4,0,7,1,48.2,108201,0.002,2.7,7.1
4,4,2,1,1,3,4,50,2,6,0,11,2,43.6,29641,0.149,14,4.7
10,1,1,1,2,2,1,0,1,1,1,7,3,55,80689,0.694,28,7.5
6,2,2,3,2,8,5,100,2,3,0,13,1,47.2,113829,0.037,13.2,7.7
4,2,1,3,2,2,5,0,4,1,0,6,3,50.4,75287,0.079,6.2,8.4
7,1,2,1,2,2,1,0,1,4,1,8,1,40.4,254986,0.392,15.4,6.5
10,2,2,3,10,9,10,100,1,3,0,8,2,47.2,133771,0.081,5.3,8
5,2,2,3,1,3,1,0,2,1,0,7,2,37.8,38600,0,9.7,6.6
7,3,2,2,2,2,1,0,3,1,0,10,3,49.1,96754,0.039,5.3,4.7
3,4,2,1,2,2,7,0,2,1,0,10,3,47,154237,0.158,9.3,6.3
11,1,2,2,2,2,1,50,2,1,1,7,2,43.6,204556,0,16.6,9.1
11,4,2,2,7,7,6,0,2,4,1,12,2,45.2,112958,0.013,9.4,7.3
1,3,1,2,1,3,5,0,1,2,0,7,1,35.2,16677,0,1.2,6.3
5,2,3,1,1,3,1,0,1,1,0,10,1,47.1,29303,0.377,10.4,7.1
9,1,2,2,6,5,7,50,2,1,1,9,3,57,226236,0.051,9.1,4.6
6,3,1,2,8,3,2,50,2,1,0,7,1,34.3,29248,0,8.6,8.8
12,2,2,1,9,8,7,100,3,2,1,10,1,44.3,53593,0.283,12.2,6.9
10,1,2,3,9,8,1,0,1,1,1,7,2,50.6,94652,0.153,11.4,7.5
10,1,2,1,11,11,1,50,1,4,1,10,2,50.9,118361,0.553,13.8,4.8
4,4,2,2,1,3,5,0,5,3,0,11,1,47.3,42438,0.046,5.5,6.1
2,5,2,2,11,11,3,50,2,2,1,7,1,47.5,165344,0.025,12.7,5.9
1,1,2,3,11,11,7,50,1,2,1,6,2,54.3,134163,0,14,5.1
2,3,2,1,9,8,10,0,1,6,0,11,1,52.5,40517,0.007,3.5,3.6
11,2,2,2,12,12,7,100,2,2,0,10,1,39.8,91325,0.02,13.2,7.9
11,4,2,2,7,7,3,100,1,1,0,10,4,44.4,74418,0.038,9.1,7.6
11,4,2,2,1,3,10,50,2,1,0,4,4,44.9,39170,0,5.4,8.8
6,4,2,3,2,2,1,0,1,2,0,10,0,46.1,107136,0.168,17.2,8.9
7,4,3,2,8,6,5,0,5,2,1,6,1,51.4,117574,0,3.2,7.1
10,2,2,2,11,11,7,0,1,1,0,6,1,31,107645,0.015,9.6,7.5
6,4,2,2,11,3,5,50,1,1,0,9,1,41.8,84206,0.029,19.8,7
7,4,2,2,1,3,10,100,2,1,0,5,0,45.8,57230,0.04,7.6,6.5
1,2,2,1,11,11,6,50,4,1,0,8,2,43.5,82199,0.626,14,8.3
10,4,2,2,1,3,4,50,1,6,0,9,5,42.7,31316,0,11.9,7.9
1,3,2,1,8,6,6,50,2,3,0,6,2,45,33493,0.112,11.5,6.1
4,2,2,3,2,2,4,100,2,1,0,13,4,41.4,152687,0,13.1,8.5
11,4,2,1,11,11,2,100,2,6,1,10,4,47.7,98481,0.481,17.9,7
11,3,2,3,6,5,9,50,1,2,0,6,2,42.1,67770,0.14,12.1,8.2
1,4,1,3,1,3,5,0,2,1,0,8,1,52.9,21131,0.17,7.4,8.2
10,4,2,3,6,5,5,50,1,1,0,10,0,54.2,72657,0.04,6.5,5.2
10,2,2,3,5,1,5,0,4,2,0,12,3,43.9,112394,0,10.6,5
12,3,2,3,2,2,1,50,1,1,0,5,0,38.6,96150,0.078,3.7,5.1
3,4,2,3,6,5,5,0,2,1,0,6,2,49.7,161238,0.125,13.8,3.6
4,1,2,3,10,9,8,100,1,1,1,13,4,46.2,123435,0.043,16.6,6.1
3,2,2,3,2,2,1,50,5,1,0,11,2,38.4,232416,0,8.9,10
1,4,2,2,1,3,7,0,1,2,0,9,0,40.4,26903,0.047,14.8,7.4
2,1,2,2,2,2,5,50,2,1,1,4,2,37,303435,0.005,14.4,7.3
4,2,2,3,1,3,8,100,1,2,0,7,2,49.6,44837,0.094,14,6.8
11,3,2,1,6,5,1,0,2,2,0,4,0,42.8,79581,0.16,12.2,10
4,1,2,2,8,6,6,0,1,1,1,7,3,33.3,176998,0.012,18.1,6.2
5,1,2,3,1,11,5,100,1,1,1,7,2,60.9,45395,0.142,21.5,8.4
8,2,2,2,12,12,7,100,2,2,0,12,0,31.5,146363,0.007,12.6,7.8
3,2,2,1,8,6,1,50,1,1,0,7,2,35.4,112338,0.431,6.6,10
12,3,2,3,2,2,7,100,2,2,0,7,2,45.3,85170,0.102,6.9,7.6
4,4,2,3,6,5,6,0,2,1,0,6,3,44.9,97502,0.095,8.1,8.3
1,3,2,3,8,6,7,50,1,5,0,6,1,49.7,41570,0.123,3.2,7.6
10,4,2,3,11,11,5,50,5,1,0,8,0,49.1,110259,0.078,9.9,8.5
2,2,2,3,1,2,2,100,1,1,0,7,2,45.8,41332,0.05,8,6.6
6,2,2,1,2,2,9,0,2,2,0,8,2,33.2,114544,0.388,10.6,6.2
4,4,2,2,7,3,6,100,1,1,0,8,0,34.3,76053,0.001,8.7,8.9
3,3,4,3,11,11,4,0,1,4,0,9,1,43.6,60057,0,0.9,7.6
3,5,2,3,2,2,1,100,2,1,1,4,3,46,256718,0.112,20.8,7
1,4,4,3,2,2,5,50,1,6,0,4,1,48.3,81322,0.191,5.5,6
6,3,2,2,6,5,2,50,1,1,0,4,0,43.7,63049,0.022,11.7,6.7
11,4,2,3,5,1,1,100,2,6,0,11,0,41.3,124803,0.177,7.6,6
5,3,2,1,5,1,1,0,1,1,0,9,1,45.7,60619,0,6.3,6.2
11,2,2,2,3,10,8,50,1,1,0,8,4,42.9,47044,0.02,15.4,6.7
11,1,3,3,8,6,9,100,1,1,1,7,4,49.8,127357,0.05,15.6,5
12,2,2,3,2,2,5,50,1,4,0,7,3,47.2,154834,0,16.1,7.9
7,1,2,3,2,2,1,0,2,1,1,11,2,44.9,217524,0,24.3,7.4
9,2,2,3,3,10,5,100,2,1,0,6,4,49.9,57024,0.005,13.6,7
2,3,1,3,2,2,6,0,2,4,1,7,2,47.7,55673,0.218,9.1,5.2
5,4,2,3,2,2,5,0,2,1,1,7,1,50.6,94829,0.15,11.6,8.9
3,5,3,3,10,9,3,100,2,1,1,12,0,47.8,86379,0.161,22.1,7.2
8,4,2,3,9,8,2,100,2,1,0,7,1,42,50732,0.108,18.4,8.6
1,3,2,3,3,10,5,50,2,2,0,6,0,33.3,25028,0.088,6.4,5.7
11,3,2,2,2,2,1,100,1,1,0,12,1,48,105982,0.042,8.5,7.1
8,2,4,3,5,1,6,100,1,1,0,5,4,54.7,81511,0.011,10.5,4.8
10,1,2,2,6,5,5,0,5,1,1,4,1,36.1,130487,0.031,18.3,5
1,2,2,2,7,7,5,0,1,1,1,8,1,50.5,107891,0,15.5,8.5
3,1,2,3,10,9,9,0,2,2,1,5,2,42.6,145265,0.084,15.9,7.5
6,4,4,2,2,2,1,0,1,1,0,10,2,50.6,88318,0.004,5,5.4
4,3,2,1,1,3,9,0,4,1,0,7,3,34.7,25256,0.177,6,6.2
3,4,2,1,8,6,5,0,1,1,0,4,0,45.7,74413,0,10.1,7.9
10,2,4,1,2,2,1,50,1,1,0,7,3,39.3,124299,0.412,13,7.4
7,4,2,2,7,7,8,0,2,1,1,8,0,47.7,75384,0.046,11,6.1
5,1,2,3,1,3,8,0,1,3,1,9,3,47.2,35398,0.001,9.3,6.9
11,4,2,2,6,5,1,100,2,6,0,7,0,36,134355,0.075,11.2,9.8
2,4,2,3,1,3,6,100,2,4,0,6,1,34.1,45564,0.146,8.1,8.6
2,4,2,2,2,2,3,0,1,1,0,4,2,42.5,91209,0,13.8,7.4
9,1,2,3,2,2,5,0,3,4,1,9,1,52,222204,0.17,11.2,4.9
3,2,2,1,8,6,5,0,1,1,0,12,3,44.5,83033,0.43,5.3,4.5
8,2,2,1,2,2,5,0,1,6,0,8,1,55.6,173172,0.482,13.8,5.8
1,4,1,1,1,3,4,100,1,4,0,13,3,32.4,12000,0.683,4.2,10
1,2,3,3,11,11,7,50,1,2,0,4,1,44.3,99846,0,13.8,9.3
6,4,2,3,1,3,5,0,3,1,0,8,0,50,23710,0.119,8.4,7.6
4,3,2,2,1,3,5,0,1,2,0,4,1,41.3,31216,0,6.4,6.6
4,2,2,3,1,3,4,0,2,2,0,10,4,46,36997,0.033,7.1,4.9
10,2,2,2,1,2,8,50,1,1,0,5,4,42.4,44239,0,2.5,5.8
9,4,2,2,2,2,5,100,2,4,1,11,3,45.4,149159,0.062,13,7.7
9,4,3,1,2,2,6,0,4,1,0,11,1,38.6,87638,0.182,17.4,10
12,4,1,2,6,5,7,100,1,1,0,7,0,41.4,64643,0.018,11.2,8.4
9,1,2,2,2,2,7,50,1,1,1,7,0,52.9,240507,0,17.1,6.5
6,3,3,3,2,2,1,50,2,2,0,5,1,45,56723,0.064,7.8,5.6
10,2,2,2,4,4,5,100,2,2,1,6,3,53.2,124756,0.022,15.5,5.6
11,2,2,2,12,12,1,0,5,1,0,9,3,41,140413,0.016,9.1,7.5
5,2,3,2,2,2,1,0,1,1,0,9,1,51.3,198891,0.048,14.7,8.5
6,4,2,3,2,3,6,50,5,1,0,6,0,38,116178,0.117,2.5,6.9
2,3,1,3,2,2,8,0,1,3,0,8,0,40.1,43411,0.221,8.1,5.9
4,2,2,2,10,2,2,100,1,1,0,6,3,36.2,110689,0.007,13.4,10
12,2,2,2,2,2,5,0,1,1,0,7,1,48.7,196711,0.03,15.7,7.9
12,1,2,2,6,5,2,50,2,1,1,8,2,48.1,88267,0.023,16.8,5.1
1,1,2,3,8,6,10,0,2,1,1,8,0,46.4,106251,0.214,19.1,5.8
1,2,2,3,2,2,1,50,5,1,0,13,4,45.6,200053,0.163,16.2,4.8
3,4,2,2,2,2,5,0,1,1,0,7,1,36.1,126730,0.035,8.3,5.8
6,2,2,3,2,2,7,50,2,1,0,7,4,44.6,118237,0.221,16.9,5.6
4,4,2,1,6,5,7,0,3,1,0,9,2,43.6,66531,0.397,7.1,5.5
3,4,2,3,2,2,5,100,1,1,0,10,2,55.8,166575,0.186,10.2,7.2
2,4,2,3,8,6,5,100,4,2,0,6,1,50.8,115872,0.069,0.9,7.6
12,2,1,3,7,7,2,0,2,1,0,11,2,34.6,57710,0.076,13.1,7
4,4,4,3,6,2,1,0,3,1,1,3,1,49.4,64898,0.055,9.8,5.5
10,3,3,1,1,3,9,0,5,1,0,12,1,41.3,21946,0.189,7.5,4.8
6,4,2,3,1,3,6,0,5,1,0,8,4,53.1,27719,0.025,4.8,5.5
10,4,3,2,7,7,5,0,1,1,1,6,1,52.9,60379,0.018,13.2,7
8,4,2,1,11,11,6,50,1,1,0,7,0,46.3,66163,0.488,8,8.3
4,4,2,3,2,2,6,0,5,6,0,9,2,45.3,129408,0.113,4.5,6.6
4,2,2,3,2,2,6,0,5,1,0,5,2,50.9,154451,0.207,3.8,7
4,5,3,1,1,3,6,0,1,4,1,11,1,51.2,55486,0.197,13.2,7.1
10,3,2,3,2,2,7,0,2,1,0,4,0,48.7,65139,0.101,5.6,5.5
12,4,2,2,8,6,1,0,1,1,0,8,0,49.5,91947,0,0.2,8.2
2,3,2,1,2,11,1,100,2,1,0,6,1,35,98127,0.507,9.8,9.1
1,2,2,2,1,3,9,50,2,1,0,3,1,44.9,39875,0.006,10.2,5.5
1,4,2,3,2,2,2,0,2,1,1,6,1,37.5,98828,0.168,10.2,4.9
12,3,2,3,2,2,6,50,1,4,0,7,3,32.1,103365,0.133,3.2,6.8
8,1,2,3,2,2,4,0,4,2,1,6,5,41.8,119477,0,16.7,6.4
4,4,2,3,1,3,7,100,2,2,0,12,1,37.6,35353,0.089,6.7,8
5,1,2,3,9,8,1,50,1,1,1,10,3,54.2,99050,0.21,8.6,5.9
11,3,3,3,8,6,9,0,2,2,0,8,2,50.3,54225,0.234,8.2,4.7
10,4,2,3,1,3,3,0,1,1,1,6,3,37.3,21085,0.056,5.2,4
10,4,1,2,2,2,7,0,3,1,0,7,1,48.1,65425,0.076,5.9,4
5,2,2,3,5,1,1,50,5,4,0,8,2,49.8,164463,0.071,13.1,6.5
9,1,2,2,8,6,3,50,1,4,1,9,1,51.5,121586,0.009,13.9,7.1
3,2,2,3,3,10,2,0,3,2,0,11,0,45.6,45041,0,13.6,5.9
11,4,2,2,2,2,2,50,1,1,0,6,2,42.9,96431,0,10.7,6.9
3,2,2,3,2,2,2,0,2,6,0,10,1,44.1,142699,0.044,12.9,5.4
1,3,2,3,10,9,1,0,2,2,0,7,2,41.6,50107,0.063,4.1,5.2
2,4,3,1,1,3,10,0,1,2,0,9,1,42.1,34847,0.017,11.8,5.5
4,2,2,3,2,2,5,0,5,1,0,8,4,37.8,234595,0.114,14.1,8.8
1,1,2,1,9,8,5,0,1,1,1,8,3,41.6,50265,0.49,6.2,5
4,2,2,3,3,10,5,0,1,1,0,7,2,43,47101,0.082,9.1,5.1
11,2,2,2,2,2,9,100,1,6,0,4,2,48.2,160074,0,8.7,6.2
10,4,2,3,2,2,1,0,3,1,0,6,0,52,86438,0.081,8.2,6.1
7,4,2,3,5,1,9,0,1,1,0,9,1,35.8,86211,0.003,8.3,6
3,4,2,3,5,1,5,50,2,1,0,10,2,45,135060,0.169,3.6,7.2
3,3,2,1,4,4,2,100,4,1,0,12,2,40.9,41913,0.142,9,8.8
3,4,2,1,4,4,5,50,3,2,0,7,1,33.5,72558,0.542,4.5,9.4
1,4,2,3,2,2,6,50,1,1,0,8,1,32.6,72763,0,7.8,6.3
3,4,2,1,8,6,3,50,2,2,1,8,0,34.3,80685,0.436,5.4,6.7
4,2,2,1,8,6,2,0,5,2,0,5,2,45.4,83472,0.157,20.2,8.1
4,2,2,3,4,4,2,50,4,1,0,11,1,43.1,113637,0.18,17.6,6.1
11,4,3,2,3,10,5,50,1,1,0,6,2,42,59980,0,4.5,6.5
2,1,1,3,12,12,1,0,3,1,1,4,3,46.5,74130,0.057,14.5,5.3
3,4,2,2,2,2,6,100,1,1,0,8,2,49.4,123587,0.03,3.6,7.4
6,2,2,1,2,2,6,50,2,1,0,6,1,42.5,91202,0.198,13.3,6.7
3,3,2,1,2,2,9,0,1,1,0,6,1,35.8,61354,0.466,8.5,6.1
5,4,2,3,2,2,5,0,2,2,0,8,3,35.8,108141,0.182,8.2,7.7
11,2,2,1,10,9,3,0,2,1,0,10,2,45,79918,0.448,9.9,7
3,3,2,3,11,11,1,50,1,3,0,5,2,42.8,61557,0.096,12,6.7
5,2,2,3,5,1,4,0,1,1,0,9,2,27.2,80810,0.265,8.4,10
11,4,2,3,2,2,7,0,1,1,0,10,0,32.5,147725,0.123,17.3,6.2
8,3,3,1,2,2,5,100,1,1,0,7,2,34,87684,0.799,5.8,6.4
12,2,2,1,3,10,1,100,2,1,0,5,3,44.8,41793,0.256,11.5,5.2
6,2,2,1,2,2,1,0,1,1,0,6,2,51.1,116245,0.306,8.9,5.7
2,3,2,2,8,6,3,100,1,1,0,5,2,44.5,54054,0.025,8.5,7.4
2,4,2,3,2,2,5,50,2,1,0,12,0,50.7,126870,0.197,10.6,8.4
4,2,2,2,2,2,1,50,2,1,0,8,5,45.9,189378,0,12.3,6.7
9,2,2,2,8,6,2,0,1,2,0,12,0,51.2,136718,0,15.1,3.7
6,3,2,2,11,2,4,100,1,1,0,6,2,35.4,51731,0.013,11.9,9.7
4,1,2,3,2,2,5,50,3,1,1,9,6,44.5,181219,0.112,15.2,7.6
10,1,2,3,1,3,9,50,2,2,1,3,0,38.7,44169,0,8.8,9
10,4,2,2,6,5,3,0,1,1,0,8,2,45.6,85095,0.042,5.5,7.5
1,2,2,2,8,6,1,50,1,1,0,4,1,34.8,94309,0.047,11.8,7.4
4,2,2,2,5,1,1,100,3,3,0,11,3,42.8,167355,0.033,15.1,7.2
10,3,4,1,3,10,5,0,1,2,0,9,1,48.8,18407,0.256,5.5,7.2
4,2,3,2,10,3,3,0,2,4,0,8,0,40.8,132759,0.056,19.8,7.3
11,1,2,2,2,2,8,50,2,1,1,13,5,42.2,239855,0.01,16.7,7
10,2,2,3,10,9,2,100,4,1,0,8,2,44.9,82145,0.23,5.8,7
3,2,2,1,3,10,6,100,1,1,0,10,1,46.9,35735,0.353,15.3,7.5
6,4,2,2,1,3,5,50,1,2,0,7,0,40.7,23981,0.053,9,7.4
1,2,2,3,1,11,7,100,1,1,0,8,0,51.3,34205,0,12.1,5.6
10,3,2,3,2,2,6,0,2,1,0,5,1,46.2,77553,0.101,6.6,6.6
2,3,3,2,2,2,5,0,3,1,0,9,1,42.7,92143,0.038,9.6,7
10,4,2,1,2,2,1,0,2,1,0,6,1,31.5,109526,0.333,1.4,7.9
12,4,2,3,2,2,5,50,3,1,0,6,0,52.1,137853,0.122,7,6.6
2,2,2,2,3,8,6,100,2,5,0,8,1,40.8,53801,0,7.3,6
10,3,1,2,1,3,6,50,3,1,0,9,1,37.9,12000,0.035,5.1,4.5
12,4,2,3,2,2,1,0,1,1,0,7,2,42.3,121384,0.132,12.7,6.5
12,2,1,3,1,3,8,50,1,1,0,4,2,40.5,23233,0.142,4.2,5.4
3,4,2,1,6,5,6,50,1,1,0,13,1,48.8,86633,0.257,13.1,8.5
7,2,2,1,11,11,6,0,2,1,0,9,5,58.8,93303,0.306,13.2,6.8
1,2,2,1,6,3,6,100,2,6,0,11,3,55.9,79358,0.314,11,9
9,3,4,3,2,2,6,0,4,2,0,9,4,47,86927,0.03,4.4,7.6
2,1,2,3,2,2,1,50,2,2,1,10,2,40.1,280466,0.019,14.5,8.4
10,2,2,3,2,2,5,0,2,1,0,6,1,41.6,132732,0.019,5.4,6.3
9,4,2,2,2,2,6,0,2,1,0,5,1,32.1,140383,0.066,12.6,10
11,4,2,3,4,4,6,50,1,2,0,12,2,39.9,82284,0.121,9.1,6.8
1,2,2,3,9,8,1,50,2,1,0,11,1,40.5,59500,0.012,16.3,5.6
8,2,2,2,10,9,7,50,2,1,0,6,4,48.4,123716,0.003,10,6.1
2,4,1,1,9,8,1,50,1,2,0,5,1,47.3,27027,0.257,7.3,7
4,4,2,3,2,2,5,0,5,1,0,8,4,40,170820,0.197,11,5
5,1,2,3,2,2,5,100,2,1,1,7,2,42.2,143814,0.026,17.8,7.1
11,4,3,2,2,2,5,50,2,1,0,7,5,38.9,134159,0.004,7.7,5.3
12,4,2,2,1,3,5,0,3,6,0,15,0,43.6,31393,0.047,5.1,3.5
6,4,2,3,1,3,5,100,1,5,0,5,2,47.3,23788,0.199,10.6,6.7
8,2,3,3,5,1,7,0,2,1,0,5,5,54.4,151144,0.129,15.8,5.9
10,2,1,3,6,5,5,100,4,1,0,9,3,43.1,54773,0.149,16.1,9
11,2,2,3,5,5,1,50,2,2,0,4,1,44.7,229764,0.175,12.4,6.7
4,4,2,3,2,2,5,0,1,3,0,7,1,46.2,108814,0.157,6.3,5.6
3,4,2,3,2,2,5,0,2,6,0,6,2,26.8,105527,0.002,11.5,8.1
10,3,2,3,9,8,1,0,1,2,0,8,2,45.4,40360,0.209,1.7,5.5
10,2,2,2,1,3,9,100,3,1,0,9,1,42,38114,0.058,16.6,6.1
9,3,2,3,6,5,9,100,2,1,1,7,1,35.9,64233,0.082,5.2,4.3
5,1,2,1,6,5,9,100,3,2,1,4,2,51.3,71054,0.324,15.7,7.8
1,1,1,3,5,1,1,100,5,4,1,7,2,46.1,60971,0.128,18.9,5.7
12,1,2,3,10,9,3,50,2,2,1,6,1,48.6,131952,0.162,14.3,5.5
3,2,2,1,2,2,2,0,1,1,0,8,3,55.4,131958,0.243,9.1,4.6
6,4,2,3,3,10,2,50,2,1,0,10,0,47.3,27318,0.009,14.8,7.2
4,2,3,3,2,2,6,100,1,1,0,6,2,42.7,150292,0,10.9,8.8
4,4,2,1,2,2,1,100,1,2,1,14,2,38.1,114551,0.473,4.9,8.8
10,4,2,2,2,2,7,0,5,1,0,8,4,29.7,152983,0,2.6,7.7
1,4,3,1,2,2,5,50,1,1,0,8,4,31.5,65672,0.179,10.7,7.6
10,4,2,3,10,9,5,0,2,4,0,11,0,41.9,102554,0.024,12.9,9
3,2,2,2,4,4,5,0,1,2,0,8,0,38.9,135452,0,12.4,5.6
4,1,2,1,2,2,8,50,5,1,1,5,3,49.4,181890,0.344,6.3,8.7
3,2,2,3,2,2,6,50,1,2,0,8,1,39.6,148241,0.105,10.8,6.5
1,2,2,1,6,5,2,50,2,1,1,4,1,48.9,65296,0.142,16.8,5.3
3,1,2,2,5,1,6,0,3,4,1,10,1,39.8,159352,0.026,16.5,5.7
2,4,2,2,9,8,9,50,3,2,0,9,2,38.2,52526,0,2.5,8.2
4,2,2,2,2,2,2,0,3,5,0,4,1,48.6,141007,0.025,9.9,7.5
1,1,2,1,6,5,6,0,2,2,1,7,2,44.5,117480,0.473,17.8,6.2
12,1,2,2,10,9,1,0,5,2,1,6,2,45.9,161367,0.013,13.5,6.4
9,4,2,3,6,5,5,100,2,1,0,5,1,41.8,109983,0.033,10.6,4.6
4,2,2,2,2,2,6,100,2,2,0,8,1,57.5,185455,0,13.9,6.3
12,4,2,3,11,11,7,0,4,1,0,9,1,37.7,81642,0.131,5.4,4.1
7,4,2,3,2,2,1,0,2,2,0,9,1,40.8,148428,0.004,7.9,8.1
2,5,3,2,2,2,8,50,4,1,1,7,2,45.8,202517,0.013,16.2,7.2
9,1,2,2,1,3,1,50,1,1,1,7,2,50.6,81255,0.008,13.4,8.5
7,5,2,1,6,5,1,50,2,4,1,3,1,50.9,159896,0.49,15.8,5.9
3,2,3,1,11,11,3,50,4,2,0,8,2,51.7,72268,0.458,13.9,4.6
7,3,3,3,12,12,9,0,2,1,0,5,1,42.9,46532,0,1.2,6.2
1,4,2,3,2,2,5,50,5,2,0,7,2,37.7,140494,0.133,10.9,5.9
11,1,2,1,2,2,1,0,4,4,1,10,2,37.1,186323,0.528,8.7,8.2
3,4,2,1,7,7,6,50,2,7,0,6,0,36.7,69823,0.313,5.1,7.6
3,3,3,1,2,2,2,100,4,2,0,7,0,43.6,55110,0.675,6.2,8.7
10,2,2,2,1,3,5,0,1,2,0,7,2,41.3,42792,0,18.1,8.8
7,4,2,3,2,2,6,0,2,1,0,6,2,60.1,114043,0.085,7.9,6
10,3,2,1,9,8,1,50,1,1,0,7,2,48.2,27297,0,3.1,5.1
10,3,2,3,5,1,4,0,1,1,0,5,2,39,53198,0.147,6.2,4.4
5,5,2,3,2,2,5,0,4,1,1,10,2,44.6,216897,0.104,26.9,5.9
9,4,2,2,2,2,10,100,1,1,0,13,3,37.8,156953,0,10.4,9
4,4,2,1,2,2,1,0,1,1,0,11,2,41.1,97049,0.365,5.4,5.8
11,2,2,1,12,12,2,50,2,1,0,9,2,51.8,100122,0.809,13.5,4.4
5,2,2,3,6,5,8,50,2,2,0,7,2,48,72150,0,11.3,7.4
8,5,2,3,2,2,1,100,1,7,1,9,3,48,285305,0.085,17.9,9.2
10,4,2,2,2,2,5,50,3,1,0,7,2,46,116789,0.07,1.6,7.5
12,2,2,2,9,8,3,50,2,2,0,10,1,46.7,77791,0.052,13.1,5
3,4,2,1,6,5,5,0,2,4,0,5,2,53.1,115867,0.284,16,5.6
8,5,2,3,2,5,5,100,1,1,1,10,2,50,218306,0.221,18.2,7.8
3,2,2,3,7,7,2,0,1,1,0,7,1,53.6,106832,0.1,9.5,5.6
10,4,2,2,6,5,9,50,1,1,1,8,3,44,76204,0,7.6,7.9
7,5,2,3,1,3,1,50,2,1,1,6,3,61.4,86644,0.166,23.4,5.2
8,2,2,1,2,2,2,100,1,1,0,8,1,47.2,115813,0.476,11.8,8
10,2,2,3,8,6,3,50,3,1,0,9,1,45.3,72427,0.013,17.5,5
1,2,2,2,2,2,5,100,2,1,1,11,4,47.7,122977,0,4.3,6.7
10,2,2,3,5,1,6,0,2,1,0,11,1,51.6,125803,0.143,5.6,7
3,1,2,2,6,5,9,0,5,1,1,10,3,50.9,187718,0,14.8,6.7
10,2,2,3,2,2,7,0,5,1,0,9,2,44.5,182015,0,12.4,5.9
6,5,3,1,2,2,7,0,5,2,1,5,2,39.7,207927,0.555,23.1,7
4,1,1,2,2,2,2,50,5,2,1,11,1,51.1,117718,0,16.7,5.8
2,3,2,2,11,3,9,100,5,1,0,13,0,42.9,123319,0.024,10.4,6
11,2,2,3,10,9,5,0,3,5,0,9,4,38.7,133760,0.107,13.8,4.8
8,1,2,3,2,2,3,0,1,1,1,11,1,52.1,123425,0.035,11.1,6.1
9,3,3,3,3,10,5,50,1,1,0,5,1,52.7,31553,0,0.3,5.1
5,3,1,1,7,7,5,50,2,1,0,10,2,40.7,22379,0,7.5,6.4
10,3,2,1,1,3,1,0,1,2,0,15,0,33.1,24183,0.386,9.3,5
3,2,3,1,9,8,6,0,1,2,0,7,0,43.5,43308,0.162,7.8,5
2,3,2,3,2,2,9,0,1,4,0,8,0,37.7,83367,0.134,12.2,6.5
3,3,2,1,6,5,6,0,5,4,0,13,3,39.3,73301,0.748,3.6,6.9
10,4,1,2,7,7,1,100,4,1,0,5,2,45.8,49535,0.021,6.4,6.6
1,2,2,1,2,2,1,0,2,1,0,7,4,49.3,118142,0.256,14.3,7.3
2,4,4,3,2,2,9,50,4,6,0,7,1,41.2,112602,0.088,9.9,6
10,1,2,3,1,3,5,50,2,1,1,7,4,41.8,41183,0.017,13.9,5.9
3,3,2,2,8,3,1,0,2,1,0,9,1,38.2,108788,0.03,5.6,9.5
4,2,2,2,6,5,2,50,1,2,0,13,1,47.4,83896,0.02,12,7.2
10,4,2,3,6,5,3,50,1,5,0,7,2,44.7,72988,0.053,12,6.6
5,3,2,1,2,2,5,0,1,3,0,8,1,45.1,59036,0.268,5.3,4.1
2,4,4,3,9,8,5,50,2,1,0,10,1,30.9,56163,0.064,15.5,5.3
8,2,2,3,6,5,5,0,4,1,0,7,2,52.2,109791,0.169,13.2,6.8
12,2,2,3,11,11,3,50,3,1,0,8,2,36.9,89241,0.092,11.6,9.3
9,4,2,3,1,3,9,50,3,1,0,10,0,43.8,30385,0.118,12.3,9.1
5,4,1,3,8,6,8,50,3,1,0,6,1,41.4,42591,0.18,1.3,8
4,3,2,1,8,6,5,100,2,4,0,7,3,33.5,60521,0.441,4.7,7.3
11,3,2,2,2,2,5,0,1,1,0,19,1,45.1,100038,0.067,7.9,6
5,4,2,2,11,11,3,0,4,1,0,8,4,48.5,56153,0.088,9.7,7.1
2,4,2,1,6,5,1,50,4,1,0,12,3,47.7,73803,0.536,6,7.3
10,4,2,3,2,2,6,0,5,1,0,7,3,52,100870,0,14.6,8.1
12,2,2,2,2,2,5,0,2,1,0,7,4,43.8,131046,0.048,12.3,7.9
7,3,2,3,2,2,1,0,4,1,0,5,1,46.6,84063,0,0,7.6
3,2,2,3,1,3,2,0,3,1,0,7,1,40.2,35392,0.078,16.2,8.2
12,3,2,2,10,9,1,0,1,1,0,10,0,44.5,85814,0.041,5,6.7
1,5,2,3,10,9,6,100,3,1,1,6,1,52.1,93725,0.234,21,5.6
1,3,2,3,9,8,5,0,1,3,0,5,2,48.1,37336,0.201,3.1,5.7
9,2,2,3,2,2,1,50,2,1,0,10,3,44,223350,0.003,22.6,9.4
4,2,2,3,5,1,3,50,1,7,0,7,1,49.4,83102,0.027,13.5,4.8
3,3,2,2,2,2,5,100,1,2,0,5,2,45.4,107630,0,4.4,6.5
10,4,2,3,2,2,8,0,3,2,0,10,1,47.1,68540,0,9.8,9.4
11,2,2,1,2,2,5,0,2,1,0,5,3,53,165432,0.317,12.5,7.5
3,1,2,3,1,3,5,100,2,2,1,7,2,42,53373,0.176,15.3,6.3
11,4,2,3,2,2,5,100,1,2,0,15,1,38.8,139287,0.195,9.1,7.5
4,4,2,1,7,7,6,100,1,1,0,5,1,47.8,73483,0.246,9.9,8.2
3,2,2,3,2,2,2,100,4,1,0,4,1,43.3,131677,0,17.7,6.7
10,3,2,3,3,10,5,0,1,1,0,8,3,47.7,31061,0,4.8,5.5
6,2,2,1,2,2,6,0,5,1,0,3,6,44.7,105423,0.813,7.6,7.1
3,3,2,1,12,12,5,0,1,2,0,10,1,37.2,35044,0.466,4.7,6.8
10,4,2,2,10,9,1,50,2,2,0,9,1,44,128064,0.008,9.5,7.5
11,4,2,3,1,3,8,0,1,2,0,11,1,25.5,28530,0.054,4,6.6
5,4,2,1,2,2,4,0,1,1,0,10,1,47.8,72910,0.495,3.8,5
3,2,2,3,7,7,1,50,2,1,0,4,3,45.9,141216,0.161,6.5,7.5
9,4,2,2,1,3,10,50,1,1,0,13,1,43,38624,0,3.7,8.7
10,1,2,1,2,2,5,0,1,1,1,6,2,46.6,148862,0.38,14.3,8.8
8,2,3,1,5,6,5,50,3,2,0,4,2,46.3,126700,0.728,10.8,8
10,4,2,3,2,2,5,50,1,2,1,3,0,33,146223,0,6.1,6.9
3,3,2,3,1,3,2,0,5,2,0,6,2,47.9,20390,0.179,11.3,3.8
12,3,2,2,6,5,5,0,1,1,0,7,3,35.2,75886,0.041,5.5,5.1
11,3,2,1,9,8,6,100,1,5,0,12,1,35.2,34531,0.706,0,9.1
4,1,2,2,11,11,7,50,2,6,1,10,2,43.8,146458,0.053,13.3,8.2
6,4,2,3,2,2,1,50,2,1,0,1,0,40,114825,0.188,7.9,6.8
10,2,1,3,2,2,1,100,1,1,0,6,4,38.2,82345,0.063,10.5,8.8
5,4,2,3,11,11,10,0,1,2,0,14,1,49.7,68596,0,7.9,7.7
1,4,2,3,2,2,5,0,2,1,0,5,0,51.1,120993,0.199,7.9,7.3
10,2,2,3,5,1,9,100,1,1,0,10,1,49.6,95913,0.087,10.3,6.2
1,2,2,1,12,12,5,0,1,1,0,6,1,45.3,40919,0.141,16.8,6.4
12,2,2,2,1,3,6,0,2,2,0,5,3,44.7,45959,0,17.3,7
10,2,2,1,6,5,5,0,1,1,0,9,3,39.1,107195,0.312,16.3,6.6
11,1,2,3,2,2,2,0,2,1,1,7,1,52.1,255482,0.066,8,6.5
2,2,2,2,1,3,5,0,5,1,0,12,1,43.3,57344,0.078,12.9,6.6
11,4,2,2,7,7,6,0,2,1,0,9,1,49.1,121983,0.024,6.7,6.1
4,3,2,3,2,10,5,100,1,3,1,11,0,40.3,91097,0.125,1.9,6.5
1,4,2,2,6,5,1,50,1,1,0,10,2,51.6,80747,0.047,1.5,3.5
4,2,2,3,11,11,3,100,2,2,0,7,1,53.6,90598,0.138,15.8,6.9
7,1,2,3,1,3,2,0,1,1,1,6,3,46.5,54211,0.057,21.9,5.4
1,3,2,3,2,2,6,0,2,1,0,5,0,36.1,67847,0.127,8.9,8.5
11,3,2,3,2,5,7,0,3,3,0,5,0,45.6,83211,0.028,3.4,5.5
1,4,2,2,2,2,9,0,5,1,1,9,3,53.7,105778,0.02,7,5.8
10,4,2,3,2,2,7,0,3,1,0,5,2,55.9,97643,0.279,17.3,6.3
3,4,2,3,6,5,5,0,1,1,0,3,3,48.4,140009,0.124,5.6,3.5
11,4,2,3,2,2,6,50,2,1,0,8,3,45.7,143316,0.028,8.9,7
4,2,2,3,1,3,7,50,1,1,0,11,0,36,49941,0.072,19.5,8.3
8,4,2,2,4,1,5,100,2,4,0,7,0,46.9,115381,0.023,11.5,7
8,2,2,3,2,2,10,100,1,2,0,13,3,36.8,177683,0.188,13.9,10
10,2,2,3,1,3,6,0,5,1,0,9,1,48.3,44849,0.134,7.6,7.6
9,3,2,1,2,2,5,0,1,6,0,3,1,48.4,81994,0.468,6.2,8.2
1,1,2,1,1,3,5,0,2,1,1,8,3,41.9,36955,0.114,15.2,6.4
4,4,2,3,2,2,5,50,2,1,0,13,1,43.9,121798,0.01,3,6.4
12,2,2,3,10,9,10,0,1,2,0,9,3,43.7,95742,0.115,16.2,5.6
4,2,2,3,11,11,8,100,1,1,0,7,1,49.5,114909,0.036,22.1,8.9
5,4,2,2,2,2,5,50,2,1,0,8,2,41.3,145391,0.034,11.4,7.5
11,2,2,3,2,2,4,100,1,1,0,11,2,42.9,133203,0.211,9.6,8.7
6,3,2,2,1,3,8,100,5,1,0,7,0,37.9,29766,0.019,7.7,6.9
10,4,2,3,2,5,5,100,1,1,0,5,3,45.3,116812,0.13,8.4,8.4
8,1,2,1,8,6,6,0,5,1,1,11,2,44.8,176976,0,16.2,8.5
9,3,2,3,2,2,6,0,1,2,0,7,1,44.2,116194,0,5.6,6.6
2,2,2,3,1,3,2,0,2,1,0,6,1,48.3,45857,0.087,15.1,5.2
5,1,2,3,5,1,6,0,1,6,1,7,2,44.7,105808,0.061,10.7,7
2,4,2,3,11,11,3,0,2,1,0,8,1,43.2,80536,0,8.3,7
10,3,2,2,11,11,9,50,2,4,0,11,0,35.7,88429,0,4.4,7.4
1,1,1,3,2,2,8,100,2,1,1,12,3,39.4,96908,0.082,8.5,5.8
3,2,2,3,2,5,1,100,5,4,0,4,2,43.6,194381,0.263,12.1,4.8
1,2,2,3,5,1,5,100,1,6,0,8,1,47.3,94653,0.073,8.4,7.2
4,3,2,3,1,3,7,100,1,1,0,6,2,40.8,22257,0.055,12.1,6.1
10,2,2,1,9,2,5,100,5,1,0,6,0,50.9,98065,0.083,1.1,7
11,2,2,3,7,7,5,0,1,1,0,7,4,37.8,100749,0.043,13.8,8.5
3,4,2,1,2,2,5,50,3,1,0,6,1,45.1,123764,0.701,8.4,7.1
12,3,2,2,1,3,1,0,2,1,0,4,0,41.5,27514,0.016,5.7,6.6
1,2,2,2,2,2,5,100,5,1,0,4,5,57.9,210246,0.046,16.5,9.3
1,1,2,3,2,3,5,100,2,4,1,9,2,48.8,200942,0.272,21,7
10,4,2,3,3,10,1,50,5,1,0,3,1,44.5,45395,0.027,10.3,7.9
6,3,2,2,7,7,9,100,1,2,0,13,2,37.9,51481,0.04,8.3,7.1
12,2,2,3,2,3,6,0,2,3,0,7,1,45,184627,0.005,16.5,6.6
6,4,2,1,2,2,8,0,2,3,0,14,1,46.6,56141,0.154,2.2,5.3
1,4,3,3,1,3,1,0,1,1,0,6,2,39.7,34350,0.095,6.9,5.6
4,4,2,3,9,8,5,50,1,1,0,8,2,48.1,50457,0.116,13.2,2.2
5,3,2,3,8,6,5,0,5,1,0,10,2,44.8,82062,0.078,5,7.3
1,4,2,3,1,9,7,100,2,1,0,5,1,45.6,23243,0.067,11.8,7.3
4,4,2,1,2,11,1,100,1,1,0,14,2,43.6,132858,0.283,19.5,7.5
3,2,2,3,2,2,7,100,1,1,0,7,0,43.3,194020,0.025,13.3,8
3,1,2,3,2,2,4,50,3,1,1,4,2,49.4,175324,0.125,13.9,3.3
10,4,2,2,2,2,9,0,2,1,0,10,0,42.4,131175,0.034,10.3,5.5
8,2,2,1,6,5,5,50,1,2,0,10,2,41,108231,0.115,8.4,8.8
11,4,2,3,6,5,7,100,1,1,0,5,2,43.7,99447,0.001,9,8.9
6,3,2,1,6,5,5,50,1,1,0,9,0,39.7,43489,0.537,1.5,8.9
11,3,2,2,11,11,5,50,2,2,0,10,1,41,96729,0.019,0.3,6.1
10,4,2,3,9,8,8,50,1,1,0,4,2,34,39044,0,11.4,6.7
7,1,3,1,8,6,5,0,2,5,1,5,2,38.6,151425,0,12.5,9.2
5,4,2,3,2,2,3,100,1,1,0,10,2,48.8,71235,0.038,11.1,7.4
6,2,2,3,11,11,1,0,1,1,0,7,0,47,117665,0.074,21.3,7.9
12,2,2,3,7,7,1,100,1,1,0,6,2,45.5,141819,0.051,18.6,8.4
10,2,2,3,1,3,9,50,2,1,0,5,1,38.6,43770,0.063,6,8.1
7,2,2,3,11,11,8,100,1,1,0,5,3,51.1,101016,0.14,7.5,7.8
10,4,2,1,2,2,1,0,5,1,0,11,3,41.3,203196,0.603,9.1,7.3
10,1,2,2,7,7,5,0,1,1,1,10,1,50.1,125755,0,15.7,5.7
4,2,2,3,2,2,7,100,1,1,0,2,4,45.3,136909,0.18,19.6,7
4,5,2,2,1,3,7,100,4,1,1,5,4,48.6,49914,0.008,14.3,7.9
3,2,2,1,6,5,6,0,2,2,0,10,4,46.1,98280,0.235,8,6.4
11,3,2,1,2,2,5,0,2,1,0,8,1,41.2,125705,0.751,0,7.3
9,2,2,3,2,2,1,100,5,6,0,5,3,47,200299,0.008,13.7,7
7,3,2,1,12,12,9,100,1,1,0,6,0,40.9,37202,0.103,0.9,6.6
5,4,3,3,7,8,4,100,2,1,0,6,1,31.4,44360,0.094,16,7.4
8,4,3,3,6,2,2,100,1,1,1,10,5,32,81315,0,5.8,7.8
7,3,2,3,2,2,5,100,2,1,0,13,0,47.1,109288,0.069,6.3,4.9
2,1,2,2,11,11,6,0,1,1,1,11,4,44.6,184805,0,22,7.1
4,3,2,3,2,2,3,50,2,1,1,5,2,39.7,82148,0.086,10,6.3
1,2,2,1,2,2,6,50,1,1,0,13,5,37.1,77975,0.743,18,7.6
10,4,2,3,1,3,1,50,2,1,0,6,2,48.4,42390,0.12,10.1,5.4
2,2,2,1,2,2,6,0,1,1,0,7,2,38.8,146431,0.902,9,7.8
8,4,2,1,8,6,5,0,4,1,0,6,1,35.8,59710,0.238,9,5.6
12,3,2,3,2,2,8,100,5,1,0,5,0,48.7,105556,0.133,1,7.8
11,2,4,1,2,2,8,50,3,1,0,10,3,42.8,110162,0,11.2,8
6,2,2,2,1,2,5,0,1,3,0,3,2,47,41831,0.007,13.8,4
2,4,2,3,1,11,6,100,2,1,0,14,1,44.5,43039,0,4.2,5.9
3,4,3,3,3,10,4,100,1,1,0,4,3,42.7,27631,0.224,9.7,8
9,4,2,3,2,2,5,50,2,3,0,10,1,37.9,180696,0.125,11.5,8.2
5,3,2,3,7,7,5,0,2,3,0,7,1,39.6,55999,0.181,2.6,6.4
8,4,2,3,9,8,3,0,1,1,0,6,0,34.8,49524,0.055,12.6,6.3
9,1,2,2,6,5,5,100,3,6,1,12,4,55.1,201014,0.001,19.1,7.6
4,2,4,1,11,11,10,100,2,1,0,4,2,46.2,101715,0,15.4,6.8
8,3,2,3,11,11,5,0,1,1,0,6,2,36.6,72648,0.051,5.8,4.4
3,2,2,1,10,9,5,100,1,1,0,5,0,45.7,84418,0.199,6.5,8.1
10,5,3,1,2,2,5,0,2,3,1,2,2,46.4,212905,0,24,7.9
12,2,2,1,2,2,5,50,1,1,0,5,1,28.2,170126,0.591,16.6,9.5
3,4,2,1,3,10,1,50,4,1,0,6,0,42.4,28591,0.409,9.8,6.6
3,3,2,2,4,4,5,50,4,1,0,11,2,32,58842,0.016,11.5,5.6
5,2,2,3,6,5,5,100,4,2,0,7,2,43.9,97290,0.078,15.8,4.2
11,3,2,3,2,2,5,0,2,4,0,14,0,45,95878,0.114,1.3,4.8
4,3,2,3,2,2,8,0,4,3,1,7,0,39.5,54752,0.044,7,6.5
1,4,2,2,5,1,9,100,2,4,0,10,0,38.9,82164,0,3,8.3
2,4,2,2,2,2,9,0,1,1,0,12,2,47.7,148090,0,7.1,6.4
11,5,2,2,1,3,5,0,4,2,1,7,2,48.6,77873,0,15.5,5.1
10,2,2,1,1,3,1,100,2,2,0,9,1,46.2,43226,0.203,10.7,6.5
4,4,2,2,7,10,1,100,1,1,0,8,0,44.8,90472,0.1,4.5,4.5
5,1,2,1,2,2,2,0,1,1,1,12,1,49,176308,0.723,21.2,6.1
6,1,2,3,10,9,6,100,2,1,1,6,2,56.1,105581,0.041,15.8,7.8
12,5,2,2,2,2,2,0,3,1,1,8,3,42.3,239251,0.05,20.7,8.3
5,2,2,1,1,3,6,0,5,1,0,5,3,47.2,39552,0.638,13,5.3
3,3,2,1,1,3,6,50,5,1,0,6,2,46.9,27765,1.013,6.9,5.5
1,2,2,1,2,2,1,0,5,1,0,8,0,43,136605,0.637,7.2,6.4
4,4,2,3,5,1,6,0,1,1,0,9,2,32.8,100135,0.176,14.9,7.8
4,2,2,2,12,12,1,50,2,1,0,8,3,37,90018,0,15.2,6.2
12,3,2,2,1,3,2,0,1,3,0,8,2,42.8,25688,0.019,5.6,6
3,2,2,1,2,2,1,50,2,1,1,9,3,51,116702,0.177,8.1,7.5
12,1,2,3,12,12,5,50,1,1,1,10,1,45.4,116917,0.067,16.1,9.7
5,1,2,2,2,2,3,0,1,1,1,9,0,52.1,161129,0,8.5,6.3
3,4,2,3,2,2,5,0,1,1,0,10,1,40.8,193893,0.063,6,5.6
10,4,2,3,2,2,7,0,2,1,0,8,2,38.8,130766,0.314,6.2,5.3
9,2,2,3,6,5,6,50,1,1,0,6,1,44.5,136911,0.274,13,4.7
6,2,2,1,2,2,6,50,1,6,0,7,0,50.6,81190,0.682,18,8.2
4,4,3,1,11,11,6,50,5,1,0,9,2,44.3,57334,0.05,9,6.8
3,2,4,3,2,2,8,50,1,6,0,7,1,46.6,153316,0.252,9.5,7.9
11,2,4,2,2,2,1,50,5,1,0,13,1,44.3,269684,0,13.7,7.7
10,3,2,1,1,3,1,0,1,5,0,3,4,30.3,23610,0.5,5.1,7.3
4,1,2,3,8,6,7,0,3,2,1,6,0,41.9,129979,0.131,16.7,6.2
6,4,2,3,2,2,5,0,3,1,0,10,1,42.9,71528,0.171,5.6,5.6
3,3,2,3,4,4,9,0,1,1,0,9,1,39.3,76502,0.113,9.3,6
12,2,2,3,6,5,5,50,2,1,0,6,2,47.2,143875,0.048,9,6.3
1,1,2,3,2,2,6,50,2,2,1,8,2,48,158466,0.162,14.1,6.8
7,2,2,3,6,5,5,0,3,2,0,11,1,44.7,115120,0.122,6.4,5.5
6,5,2,1,2,2,3,0,4,6,1,5,1,52.8,166839,0.397,24.5,7.2
11,2,2,3,2,2,2,50,1,1,0,9,1,44.3,201965,0.129,4.9,6.9
8,4,1,1,2,2,10,0,3,2,0,4,3,40.6,51049,0.57,1.3,4.2
8,4,2,2,9,8,8,50,5,1,0,15,3,43.8,77655,0.007,4,5.7
2,3,2,3,2,8,5,0,4,2,0,12,2,38.1,74696,0.138,10.8,6.6
5,2,2,3,9,8,5,0,1,1,0,8,3,47.5,61480,0.082,12,5.3
6,4,2,3,6,2,8,0,5,3,0,7,1,47.9,65270,0.108,8.4,4.7
5,4,2,2,2,2,5,100,5,1,0,9,1,49.4,173455,0.003,15.7,9.5
5,2,2,1,11,11,5,50,4,2,0,6,2,36.5,80928,0.112,9.3,5.1
3,4,2,1,8,6,8,0,1,3,1,8,1,38.8,78742,0.225,6.4,8.2
11,2,2,3,9,8,2,0,2,3,0,8,3,39.8,101286,0,6.5,7.4
3,1,2,1,8,6,1,0,5,2,1,11,2,51,159590,0.132,16.3,3.8
4,4,2,1,2,2,3,100,4,1,1,8,5,24.6,68821,0.365,12.4,9
3,2,2,1,2,2,5,100,2,2,0,5,3,45,168269,0.914,8.8,7.2
1,4,2,3,2,10,8,100,1,4,0,6,2,41.7,80709,0.111,4.6,6.3
10,2,4,1,2,2,3,50,5,2,0,4,1,60,86662,0.578,16,5.5
11,1,2,2,12,12,9,50,3,1,1,6,1,42.7,116679,0,16.3,8.9
11,4,2,3,2,2,5,50,2,1,0,6,1,37.7,207925,0.257,7.5,7.5
9,3,2,2,2,9,1,100,1,1,0,8,1,32.8,134884,0.011,3.4,8.5
12,4,3,3,1,3,6,0,1,1,0,8,4,42.2,26181,0.218,10.4,7.8
4,2,2,2,2,2,7,100,1,1,0,11,1,54.3,192536,0.041,10.1,5.7
11,4,2,2,1,3,6,100,1,1,0,11,3,47.4,30017,0.03,9,7.3
1,2,2,1,1,3,5,50,1,2,0,10,3,43.4,40113,0.12,9.8,6.6
1,2,2,3,9,8,5,0,2,3,0,10,0,59.4,61635,0.059,11.7,5.7
3,3,2,2,2,4,5,100,2,1,0,7,1,38.1,111999,0.047,5.1,8.7
6,4,2,3,9,2,8,100,1,5,0,5,2,45.1,45187,0.041,11.5,4.1
11,2,1,3,2,2,8,0,2,1,0,5,5,41.4,93215,0.152,16.8,7.1
10,3,2,1,1,3,5,100,2,4,0,2,2,38.5,18277,0.483,2.5,7.4
6,2,3,2,3,10,7,50,4,1,0,4,0,37.1,34164,0.076,9.3,7.3
4,4,2,2,11,11,5,100,1,1,0,16,1,41.5,106605,0.006,11.7,5.4
4,2,2,2,1,3,5,50,2,1,0,8,1,49.3,45779,0,9.5,7
5,3,2,2,11,11,1,50,1,4,0,8,1,42.5,74661,0.03,0,6.3
5,1,2,3,11,4,2,50,3,2,1,8,4,43.4,106727,0.018,19.6,7.1
10,5,2,1,1,3,4,50,4,5,1,5,4,49.5,52370,0.168,18.4,4.9
11,2,2,3,6,5,1,50,1,1,0,13,2,37,134712,0.144,15.8,6.4
2,4,4,2,2,2,6,50,2,5,0,7,2,39.1,140130,0.034,10.4,5.6
8,2,2,1,8,3,1,0,3,2,0,9,2,45,129987,0.612,13.8,5.3
11,4,2,1,10,9,1,100,3,1,0,8,4,30.1,90816,0.273,2.4,6.1
4,2,2,3,1,3,5,0,5,1,0,10,1,42.8,69085,0.032,10,4.5
4,4,3,2,2,2,5,100,2,4,0,5,0,33.6,132365,0.036,10.4,7.6
4,2,2,2,1,3,2,50,1,1,0,11,1,48.6,49814,0,16.8,8.5
10,1,2,2,8,6,5,100,1,1,1,5,1,43.4,119831,0.032,16.9,8.3
4,4,3,3,2,2,5,0,2,3,1,4,1,41.4,189796,0,5.9,6.4
1,2,2,1,6,5,5,0,3,5,1,8,0,48.1,64018,0.422,10.2,4.6
5,4,2,3,6,5,1,50,5,1,0,10,3,47.8,85069,0.16,4.5,6.9
6,1,2,1,5,1,5,0,1,2,1,9,3,41.5,89613,0.57,18.8,7.8
6,1,4,2,2,2,6,50,3,4,1,7,0,45,95840,0.088,12.3,7.1
4,4,2,1,1,3,1,0,5,1,0,11,3,50.3,28545,0.379,12.9,6.6
3,2,2,3,1,3,7,100,2,4,0,8,3,45.1,45481,0,14.2,6.8
1,4,2,2,2,2,7,50,2,1,0,10,6,42.9,122919,0.03,10.9,4.3
7,4,2,3,2,2,7,0,3,6,0,4,0,52.4,122707,0.124,13.7,6.2
12,2,3,3,7,7,2,0,2,1,0,12,1,37.9,104673,0.158,11.5,7.8
9,2,3,1,2,2,2,0,1,3,0,6,2,48.9,107928,0.77,12.4,6.1
8,1,2,3,8,6,5,100,1,1,1,5,2,47.5,158643,0.123,20.6,6.3
3,4,2,3,6,5,2,50,5,1,0,4,1,39.7,108671,0.093,12.3,5.4
11,4,1,2,2,2,5,0,2,6,0,14,1,37.3,133192,0.023,8.4,7.1
3,2,2,1,2,2,7,0,1,1,0,7,5,39.5,129803,0.168,13.7,6.9
8,4,2,3,2,2,2,0,3,1,0,7,1,36.3,129150,0.159,9.1,4.8
12,1,2,2,1,3,6,0,2,4,1,7,3,54.4,58988,0,17.6,3.5
10,2,2,3,2,2,2,50,2,1,0,10,2,52.6,114475,0.151,7.8,7.5
11,4,2,1,6,5,1,100,2,1,0,10,1,42.3,80231,0.468,13,8.8
10,2,2,3,10,9,1,0,4,1,0,10,0,44.3,88448,0.094,11,10
1,3,2,1,6,5,1,100,4,1,0,15,1,47,35730,0,2,8
6,2,2,3,2,2,9,50,1,1,1,8,4,46.9,92862,0.245,12.1,3.1
2,1,2,3,1,3,9,0,2,1,1,6,2,45.2,71219,0.177,13.4,4.5
6,2,2,2,3,10,6,0,5,1,1,9,1,46,38598,0.045,9.5,5.6
10,2,2,1,1,3,7,0,2,1,0,13,2,40.7,36498,0.721,9.5,3.4
8,1,2,3,11,11,1,50,1,1,1,4,3,46.8,225216,0.122,17.5,9
3,2,2,3,2,2,5,100,1,2,0,7,3,52.5,165720,0.06,4.5,6.7
4,2,3,2,6,5,10,0,2,1,0,6,0,56.9,90910,0.063,7.9,4.8
7,1,2,3,1,3,7,50,3,1,1,6,0,37.8,45318,0.151,23.8,6
10,4,2,3,9,8,5,100,2,5,0,10,3,37.1,63361,0.171,5.7,6.6
10,2,2,2,2,2,5,50,1,1,0,7,0,46.7,176945,0,9.3,6.4
1,2,2,3,8,6,3,0,2,3,0,11,2,47.1,74279,0.193,12.8,6
9,1,1,3,2,2,6,50,2,4,1,10,2,35.5,125472,0.094,17.7,7.5
2,1,2,1,6,5,3,0,2,1,1,11,1,51.8,91181,0.421,19.1,6.8
6,1,2,3,2,2,2,0,2,1,1,10,3,53.6,130537,0.214,19.9,7.3
12,3,2,3,3,10,6,50,2,4,0,8,1,33.8,29550,0.13,7,3.6
7,3,2,3,8,6,6,0,1,1,0,12,0,36.4,82373,0.075,1.3,6.9
6,2,2,3,2,2,3,0,2,2,0,7,1,48.7,126170,0,10.9,6.4
3,3,2,3,6,5,3,100,5,1,0,8,2,49.9,73149,0.083,4.5,5.4
9,2,2,3,2,2,6,0,1,2,0,8,1,40,154629,0,13.4,5.8
9,3,2,1,11,11,8,50,2,1,0,5,0,43.7,58963,0.619,5.4,7.8
10,4,2,3,6,5,5,50,2,1,0,8,3,46.3,132249,0.154,13,7.7
12,2,2,3,2,2,8,100,1,2,0,8,3,38.9,150057,0.127,14.7,7.8
3,1,2,3,8,2,8,100,3,1,1,6,4,56.3,128546,0.075,12.5,6.8
10,4,2,3,1,3,6,0,2,1,0,7,2,35.7,30345,0.146,11.7,5.1
3,5,2,3,11,10,5,100,4,3,1,17,4,50.8,162174,0.095,15.7,7.6
10,2,2,2,1,3,2,0,1,1,0,6,1,51.9,37021,0.032,9.1,4.6
3,1,2,2,1,3,1,0,5,4,1,9,3,51.9,77391,0.009,20,8.2
10,4,2,2,12,12,6,50,1,1,0,7,0,48,75981,0.015,11.3,4.4
9,4,2,1,12,12,5,100,1,6,0,6,1,32.5,60598,0.298,6.9,9.6
1,4,2,3,1,3,1,0,3,5,0,11,5,55.1,22396,0.137,3.5,4
1,2,2,3,2,3,1,0,1,1,0,9,3,51.5,176386,0.152,15.5,7.2
6,3,2,3,2,2,8,0,1,1,0,7,0,38.7,60523,0.153,11,8.7
3,4,2,1,2,2,1,50,2,1,0,7,2,43.9,123116,0.231,11.9,5.6
4,1,2,3,4,2,2,0,2,5,1,6,1,36.1,103297,0.186,15.3,7.4
10,4,2,3,2,2,7,0,1,1,0,8,2,40.6,131293,0,8.6,7.3
11,4,2,3,5,1,6,0,2,2,0,12,0,49.3,98635,0,12.1,6.4
5,4,2,3,11,11,5,0,3,1,0,11,0,41.4,71465,0,10.9,5.1
10,3,2,1,2,2,7,50,2,1,0,10,0,37.1,64113,0.553,0,5.1
6,4,2,3,11,11,6,50,1,1,0,6,1,39.9,88050,0.076,12.4,6.4
1,5,2,3,1,3,4,0,2,2,1,8,4,36.6,63502,0.123,18.1,5.8
3,4,1,2,7,7,9,0,2,1,0,5,1,40.2,66654,0.007,7.9,8.1
10,3,2,3,2,2,5,50,2,4,0,7,0,40.2,89478,0.148,8.2,6.3
5,3,2,3,2,2,6,0,2,1,0,4,3,40.1,84552,0.157,1.9,5.8
6,2,2,3,2,2,1,50,3,4,0,8,3,53.2,124495,0.113,12.3,6.2
1,4,2,3,2,2,1,0,2,1,0,13,4,35.1,105653,0.106,8.4,7.7
12,3,2,3,1,3,5,100,1,1,0,6,2,47.5,28205,0.084,7.2,6.2
2,2,2,2,11,11,4,100,2,1,0,8,0,41.5,154450,0.056,11.1,9.2
8,2,2,1,2,3,5,100,2,1,0,8,5,49.9,119000,0.554,11.6,9.4
11,1,2,3,2,2,2,50,1,1,1,13,4,53.1,208767,0.005,12.1,7.7
3,4,2,2,2,2,5,50,2,1,0,8,3,35.7,132752,0,14.1,6.7
1,2,2,3,1,3,2,50,2,1,0,10,1,36.9,35115,0.037,10.3,5.1
1,3,2,2,6,5,8,0,5,1,1,14,1,43.6,48183,0,5.9,4.8
1,2,2,2,2,2,5,50,2,1,0,11,2,51.9,157588,0.003,7,5.5
10,1,2,2,11,11,2,100,1,2,1,9,2,45.1,152543,0,20,8
11,3,2,3,10,9,1,50,5,1,0,10,2,43.9,101136,0.061,1.9,3.9
6,5,3,3,12,12,6,0,1,1,1,8,7,49.7,71328,0.25,24.6,4.9
9,4,2,1,2,3,8,0,4,1,0,12,1,36.8,179700,0.18,9.7,7.2
1,3,2,3,2,5,7,100,5,6,0,7,1,38.4,61990,0.123,7.5,8.1
3,2,2,3,8,6,2,50,4,1,0,9,1,39.4,86332,0.113,14.5,8.3
6,4,2,1,1,3,10,0,2,1,0,10,1,49.6,19801,0.547,12,5.5
1,2,2,2,1,3,7,0,2,1,0,4,3,39.1,40201,0.029,12.6,6.5
3,4,2,2,3,10,5,0,2,1,0,10,0,44.6,48498,0,6.2,5.2
3,5,2,3,8,6,5,100,2,1,1,5,1,55.6,167683,0.14,16.3,8.2
8,2,2,3,1,3,2,100,5,2,0,8,2,38,53554,0.02,16.7,8.8
2,1,3,3,3,10,9,100,1,1,1,7,7,49,69717,0.114,12.5,5.6
5,2,2,3,9,8,5,50,3,7,0,5,2,42.9,39687,0.167,8,7.1
6,1,3,2,1,3,8,50,1,1,1,6,1,52.5,43089,0.036,17.5,7.5
4,3,2,1,11,11,1,100,1,2,1,12,3,35.3,57871,0.566,13.6,5.7
10,4,3,2,5,1,6,100,2,1,0,6,3,24.4,95579,0,13.1,9
6,4,4,2,11,11,5,0,5,1,0,9,0,40.5,88553,0.054,8.5,4.5
11,2,2,2,8,6,6,0,2,1,0,5,2,49.4,105820,0,7.7,6.6
2,4,4,3,1,3,2,50,1,1,0,7,0,44.2,32912,0.052,2.1,8
4,4,2,2,1,3,1,0,1,1,0,6,2,53.8,33788,0.03,8.2,5
9,2,2,3,11,11,8,50,1,1,0,6,1,46.6,129799,0.106,18.6,5.8
6,3,2,2,2,2,2,0,1,1,0,8,0,43.4,73307,0.036,2.7,6.8
2,4,2,3,6,5,7,0,5,2,0,9,2,54.1,104899,0.225,9.2,6.6
4,2,2,1,8,6,3,50,1,1,0,5,2,57.3,101097,0.704,19.1,6.1
1,2,1,2,2,2,5,0,3,2,0,11,2,42.6,99048,0,14.7,7.4
9,3,2,1,6,5,6,50,3,3,0,8,3,45.4,49562,0.352,5.6,6
10,2,2,1,9,8,3,100,2,1,0,6,1,51.4,50546,0.104,12.3,7.7
3,4,2,2,1,3,9,50,1,1,0,8,2,50.7,39681,0.045,3,4.8
3,2,2,3,6,5,5,0,1,1,0,7,3,46.2,191302,0.012,11.6,7.5
10,2,3,2,10,9,2,0,1,1,0,8,1,55.8,135684,0,15.3,5.1
1,2,3,1,10,9,6,0,5,5,0,8,3,43.8,71945,0.392,13.9,7
2,3,2,3,8,2,1,100,5,6,0,8,0,30.4,105234,0,0.1,6.2
5,2,2,3,6,5,5,50,2,1,0,10,3,52.5,97558,0.063,15.2,9.2
11,3,2,1,2,2,1,100,1,1,0,9,2,39.4,95550,0.488,1.9,9.1
5,2,2,2,12,2,2,100,2,7,0,6,5,44.8,95610,0.014,14.1,8.1
1,3,2,1,11,11,10,50,4,3,0,14,1,41.6,46462,0.362,14,5.6
10,2,2,3,2,2,6,0,1,2,0,10,0,30.4,144993,0.241,15.3,5.8
1,5,2,3,2,2,10,0,2,1,1,8,3,58.9,157541,0.084,22.6,6.1
10,3,2,1,7,7,5,100,2,3,0,9,1,43.1,49685,0.83,3.1,7.8
4,3,2,2,2,2,6,100,2,1,0,8,3,42,101983,0,0,5.9
4,2,2,3,11,11,9,0,5,1,0,11,2,43.9,126586,0,9.4,6.7
7,3,2,3,1,3,9,0,2,2,0,7,3,42.3,31075,0.004,8.6,5
10,4,3,3,1,3,5,100,4,1,0,8,2,46.4,32077,0.194,10.4,6.1
10,4,2,1,2,2,3,100,4,1,0,5,1,45.8,101198,0.753,10.8,6.1
6,3,2,3,5,1,1,0,4,2,0,9,2,50.9,41449,0,4.3,7.5
1,2,2,2,2,2,7,0,1,1,0,13,2,49.7,102714,0,10.8,7.2
10,2,4,2,5,1,2,0,2,1,0,7,4,61.2,134004,0.025,14,4.4
10,2,1,1,2,2,5,50,1,2,0,8,2,36.7,74081,0,8.8,7.4
9,4,2,2,2,2,1,100,2,1,0,7,0,40.6,173650,0,12.2,9.8
4,1,2,3,6,5,10,100,5,1,1,10,0,51.8,170066,0.174,14.3,7.5
10,4,2,2,2,2,5,50,2,1,0,8,2,28.8,151352,0,1.5,8.2
12,4,2,2,2,2,5,0,2,2,0,8,3,53.1,142620,0.016,6.9,5.5
2,2,2,1,3,3,6,0,2,2,0,5,0,36.5,54338,0.536,8.8,5.4
4,4,2,2,1,2,1,100,2,1,0,8,0,42.4,51680,0.095,12.8,7.6
10,4,2,3,2,2,2,50,2,1,1,7,3,42,106615,0.154,15.7,5.9
4,1,2,2,2,2,2,50,2,4,1,8,5,36.5,180453,0.058,12.8,6.9
12,3,2,2,1,3,6,50,2,1,0,3,2,38.9,33632,0.018,6,6.5
12,3,2,1,2,2,5,50,2,1,0,10,1,51.6,81494,0.49,7.8,7
2,2,2,3,2,2,6,100,5,1,0,8,1,46.8,199962,0,16.4,7.5
1,3,2,3,2,2,6,0,5,6,0,12,3,36.9,53995,0.1,6.4,5.7
4,3,2,3,2,2,9,0,2,1,1,12,3,41.9,119025,0.08,13.9,8
12,4,1,2,2,2,3,0,3,2,0,7,2,43.4,64163,0.025,9.3,6.5
9,3,2,2,2,2,1,0,1,1,0,11,2,50.2,135534,0.016,10,4.3
9,2,2,2,2,2,7,50,3,1,0,10,6,47.1,204781,0.055,15.4,5
3,1,2,3,2,12,5,100,2,1,1,12,1,45,204208,0.133,8.9,10
6,4,2,3,6,5,7,0,1,1,0,10,3,38.8,42379,0.246,10.1,6.4
9,4,4,3,8,6,6,100,3,2,1,12,4,43.7,75908,0.265,9.1,9.9
7,5,2,3,2,2,9,50,3,4,1,11,2,51.1,236341,0.181,14,6.7
10,5,2,2,11,11,3,0,1,7,1,5,1,35.2,157951,0,14.6,7.3
4,3,2,2,10,9,8,0,1,1,0,5,0,44.7,66473,0.039,8.5,7
2,2,2,1,3,10,8,50,1,3,0,5,2,32.9,36006,0.16,11.1,5
2,1,2,2,2,2,7,100,1,2,1,5,3,34.1,196983,0,11.4,10
3,2,4,2,4,4,8,50,2,1,0,8,3,46.5,142929,0.033,3.9,7
10,1,2,3,2,2,1,100,3,4,1,8,0,60.2,227444,0.016,8.7,6.8
6,5,2,3,8,6,5,50,3,4,1,10,0,46.7,104939,0.184,18.7,6.9
4,1,2,2,7,7,5,0,5,1,1,6,2,44.8,139503,0.024,21,8.2
1,1,2,1,1,3,5,0,2,1,1,9,3,46.5,36792,0,19.1,6.7
10,2,2,3,2,2,3,50,2,1,0,9,4,49.2,155157,0.176,10.6,7.2
11,4,2,3,2,2,1,0,2,1,0,6,0,47.3,145544,0,7.9,7.3
4,3,3,1,6,5,5,0,1,4,1,7,1,43,65513,0.261,7.4,6.6
12,2,2,2,11,11,9,50,2,1,0,8,4,44.7,105401,0.061,14.6,7.8
1,4,2,3,1,3,1,50,2,6,0,4,2,43.4,28655,0.097,8.8,7
1,4,2,1,11,11,5,100,3,1,0,4,0,44.3,46642,0,4.9,6.1
4,2,2,3,1,3,5,100,4,1,1,9,1,33.4,47715,0,16.1,8.1
4,1,2,2,2,2,7,0,3,2,1,4,0,48.2,157616,0.03,16.1,7.4
4,4,4,2,2,6,5,0,4,4,0,7,0,33.9,111800,0.038,10.9,6.1
3,1,2,2,1,3,5,50,5,1,1,7,0,46.8,67759,0.056,8.8,5.6
2,2,2,3,1,3,5,50,2,4,0,10,1,50.3,56666,0.056,14.7,4.5
1,5,2,3,5,1,3,0,1,1,1,7,4,53.3,122182,0.192,13.8,5.8
1,2,2,2,2,2,6,50,1,1,0,8,3,45.6,142273,0,6,7.4
7,2,3,1,2,2,2,50,5,2,0,7,0,38.3,119976,0.06,8.8,7
2,4,2,3,3,10,4,0,1,1,0,8,3,50.7,35530,0.17,8.7,6.6
1,3,2,3,2,2,8,50,2,2,0,7,1,48.7,58115,0.036,8.7,6.9
3,4,2,2,1,3,4,50,1,1,0,6,1,43.6,26686,0.023,10.1,7
4,2,2,3,1,3,5,50,1,4,0,9,2,52.2,49270,0.077,14.7,5.2
5,4,2,3,2,2,5,0,2,3,0,5,1,51,141161,0.095,8.9,6.5
10,2,2,3,2,2,1,100,1,2,0,10,4,44,183216,0.077,15.8,9.4
9,4,2,3,8,6,5,0,2,5,0,9,3,54.4,120863,0.035,9.3,2.5
1,5,2,2,10,9,1,50,2,1,1,14,5,44.2,193181,0.031,23,4.8
1,3,2,3,2,2,5,0,1,2,0,9,2,39.9,70618,0.215,2.3,6.7
3,3,1,3,2,2,8,100,1,3,0,13,3,45.5,56555,0.139,10.8,4.7
12,3,2,2,6,5,2,50,2,1,0,5,1,41.5,57487,0.006,5,8.3
3,4,2,1,4,4,4,100,2,1,0,13,1,50.6,73706,0.358,8,7.9
4,2,2,2,2,2,2,100,5,1,0,8,1,47.1,163797,0,23,5.8
5,2,2,2,1,2,6,100,5,1,0,10,1,48.4,44977,0.041,10.3,7.2
12,4,2,3,2,2,9,0,1,1,0,7,1,57.6,100459,0.171,6.2,4.8
3,3,2,3,4,5,5,100,1,1,0,12,3,43.6,84720,0.103,3.4,5.5
5,3,2,3,3,10,5,50,1,4,0,7,2,46.5,28160,0.186,3.9,6.5
5,4,2,2,5,1,6,50,1,2,0,7,2,47.1,99062,0.041,7.6,6.6
2,2,2,3,6,5,1,0,1,1,0,6,1,44.9,159326,0.123,17.5,8.7
4,3,3,3,2,2,9,0,1,6,0,10,1,46.4,70749,0.08,6.7,4.6
8,4,3,3,7,7,7,0,1,1,1,7,1,42.8,80356,0,5.7,7.1
12,4,2,3,9,8,1,0,2,5,0,11,2,50.9,61220,0.26,6.9,7.3
10,2,2,1,6,5,1,0,3,2,0,2,0,50.3,87111,0.262,13.9,6.7
12,2,2,1,11,11,5,0,1,1,0,8,4,47.7,113846,0.412,6.8,6.5
12,4,4,3,1,3,7,0,5,3,0,8,2,49.7,40394,0.003,7.6,8.9
5,4,2,3,6,5,2,50,2,1,0,10,0,42,63794,0.27,12.3,5.9
1,4,2,2,11,11,5,50,3,1,0,8,2,46.2,78531,0.075,10.3,7
1,2,2,3,2,2,7,100,4,1,0,4,3,41.6,120564,0.062,5.6,8.7
12,4,4,1,11,11,2,100,5,1,0,11,1,45.9,70027,0.559,13.4,4.4
3,2,1,3,2,2,5,50,2,1,0,10,2,50.8,79135,0,15.8,4.8
11,4,4,3,1,3,8,0,1,1,0,6,3,58.1,29775,0.087,9.2,7
7,4,2,3,10,9,2,50,2,1,1,7,1,37.5,86771,0.047,6.6,8
3,2,2,2,10,9,5,0,2,7,0,8,3,48.4,116023,0,22.1,8
10,4,3,3,6,5,7,100,1,2,0,6,0,51.1,75166,0.167,7.5,7.4
1,5,2,2,2,2,5,100,2,2,1,10,1,58.3,251246,0.005,12.7,7.2
7,3,2,3,2,2,1,100,3,2,0,9,2,46.8,79331,0.048,4.8,6.9
10,3,2,1,6,9,7,100,2,1,0,7,1,37.4,62890,0.295,6.8,7.1
6,2,2,1,2,2,6,0,2,1,0,11,2,45.7,101601,0.458,9,7
4,4,2,2,8,6,5,100,1,2,0,6,2,36.9,88280,0.001,4.4,7.8
5,4,2,1,2,2,5,0,1,7,0,3,4,52.2,98250,0.589,7.7,7
3,4,2,2,8,2,5,100,2,1,0,10,1,47.6,131620,0,10.2,6.5
11,3,4,2,10,9,5,0,1,1,0,7,1,40,71522,0,9.1,6.5
10,4,2,3,3,10,10,50,1,1,0,8,1,45.2,38043,0.016,13.6,6.1
11,4,2,2,6,5,10,0,1,1,0,6,0,43.4,113350,0.008,0.6,6.5
12,2,2,3,2,2,6,50,2,1,0,7,2,55.3,125103,0.014,14.5,5.9
4,5,2,1,6,5,5,0,1,1,1,6,3,45.6,178852,0.343,23.2,7.2
1,3,2,1,2,2,9,100,1,2,0,8,4,34,43856,0.084,6,7.6
12,4,2,3,2,2,1,0,2,3,0,7,2,35.6,115819,0.126,8.2,6.8
1,3,2,2,1,3,5,50,2,1,0,12,2,41.5,34565,0.071,3.4,6.4
12,4,2,2,11,11,5,100,3,2,0,11,1,38.9,65758,0,15,6.5
3,5,2,3,2,2,2,50,4,1,1,9,2,45.3,231238,0.139,20.4,7.4
3,3,2,1,5,1,2,0,2,4,0,11,0,42.4,59703,0.553,0,6.8
10,1,2,2,10,9,2,0,1,1,1,6,1,54.5,139629,0.011,11.9,5.3
4,2,2,1,7,6,3,100,1,3,0,5,2,44.7,74507,0.444,13,5.4
1,3,2,3,5,1,5,0,2,1,0,4,0,35.8,62066,0.083,4.5,5.7
10,4,2,3,2,2,9,0,5,2,0,3,2,40.2,112126,0,9.9,6.5
3,3,2,2,5,1,5,0,3,2,0,12,2,50.9,97010,0.031,9.5,7.1
10,4,2,3,8,6,4,50,2,4,0,6,1,41.4,70743,0.106,8.2,7
4,4,3,2,11,5,6,50,4,2,0,2,1,44.9,78675,0.063,3.2,7
10,1,2,1,6,5,1,50,1,3,1,11,2,47.4,140854,0,19.8,7.5
2,2,2,3,6,5,6,0,2,1,0,9,1,40.8,153532,0.054,13.1,4.2
10,4,2,1,2,2,5,100,1,1,0,9,3,40.3,137522,0.341,12.7,8.1
9,3,3,3,2,2,7,50,3,1,0,7,1,41.9,122085,0.104,10.5,9.1
3,3,4,3,6,5,5,50,2,1,0,7,3,36.8,57180,0.062,3.2,6.5
3,4,2,3,7,7,6,50,4,1,0,6,2,41.1,78024,0.129,11,7.2
5,4,2,3,9,8,6,100,5,1,0,8,1,43.9,53459,0,11.2,7.1
10,2,2,3,1,3,5,0,2,1,0,12,0,41.7,48360,0.122,7.8,6.8
4,2,2,3,2,2,7,50,1,1,0,8,1,43.3,134619,0,16.6,6.8
1,4,2,2,9,8,5,0,3,1,0,7,3,34.7,44034,0.089,9.5,6
3,1,2,3,2,2,1,50,1,1,1,7,3,47.1,196426,0.292,11.4,5.2
9,3,2,1,8,6,5,0,1,1,0,6,2,49.4,63992,0.786,1.7,5.9
9,3,2,3,2,2,1,0,3,3,0,6,0,46.3,78250,0,4.1,5.4
1,4,2,1,8,6,8,0,1,1,0,3,2,42.9,45337,0.175,6.5,7.1
11,3,2,1,2,2,5,100,2,4,0,8,0,45,98631,0.61,4.9,5.9
5,2,2,3,5,1,7,100,5,1,0,7,2,56.4,141426,0.086,10.5,5.4
11,2,2,3,7,7,5,0,2,1,0,12,2,50.9,78405,0.234,5,4.5
12,5,2,3,11,11,5,100,5,1,1,10,3,44.5,261409,0.2,20.2,8.2
1,2,2,2,2,7,10,50,2,1,0,12,1,49.9,124735,0.062,12.9,5.5
11,3,4,3,2,2,1,0,1,7,0,7,3,35,93341,0,0,8.4
1,1,2,1,2,2,7,0,2,1,1,10,2,42,123673,0.416,9,5
4,2,2,3,11,11,5,50,2,1,0,8,0,36.6,92629,0,14.2,8.1
4,2,2,3,11,11,6,0,2,1,0,10,1,40.5,114892,0.148,7.4,7.8
4,4,2,1,1,3,7,0,1,1,0,6,1,33.7,26573,0.396,9.3,6.9
11,4,2,3,2,2,2,0,4,1,0,9,0,47,128460,0.074,6,5.9
7,2,2,2,1,3,5,100,1,4,0,13,2,46.3,60739,0,4.1,6.9
8,2,2,3,1,9,6,0,1,2,1,6,3,46.4,30043,0.178,12.9,6.7
4,4,2,2,8,6,3,50,2,1,0,7,0,45.6,85609,0,7.3,7.6
1,4,1,3,2,2,9,100,1,2,0,7,1,49,50372,0.037,7.1,5.8
11,4,2,3,2,2,5,0,2,1,0,7,3,38.9,140998,0.085,8.6,8.8
12,4,2,2,11,11,5,0,1,1,0,8,3,54.4,139402,0.03,4.7,5.2
2,1,2,2,1,2,10,50,1,4,1,14,0,49.7,68071,0.015,19.4,6.5
3,5,2,1,9,3,4,50,5,1,1,4,4,47.6,98092,0,11,7.8
11,4,2,3,6,5,5,0,2,2,0,15,2,44.9,106491,0.182,5.8,7.1
7,2,2,3,2,2,5,100,1,3,0,9,2,51.7,219040,0.114,9.1,6.3
10,4,2,1,2,2,1,0,2,1,0,8,0,46.4,101846,0.686,4.4,5.8
9,2,2,3,11,11,4,100,5,1,0,12,1,38.9,139835,0,7.8,7.5
1,2,4,3,1,3,5,0,5,5,1,9,3,38.5,34383,0.065,14.3,7.7
11,3,3,2,2,2,5,50,2,1,0,7,2,41,124779,0.007,13.5,7.4
8,1,4,1,3,10,10,50,2,2,1,5,3,45.3,56008,0.739,14.5,6
6,3,1,1,2,2,5,0,1,1,0,4,2,44.2,38698,0.534,0.5,5.9
10,4,2,3,4,4,3,50,3,2,0,5,1,48.3,47747,0,4.8,7.8
8,3,3,1,2,2,6,100,2,2,0,5,1,44.1,82219,0.471,9.2,6.5
3,3,3,3,2,2,5,50,2,2,0,3,1,34.8,140297,0.022,6.8,6.5
10,4,3,3,4,4,3,0,2,2,0,9,1,33.8,64254,0.037,8.1,7.2
1,3,1,3,4,4,9,0,1,6,0,7,1,39.6,27687,0.081,6.3,7.4
3,1,2,3,2,2,3,100,1,4,1,8,3,45.6,141347,0.199,4.5,4.8
10,2,2,1,1,3,7,50,1,6,0,8,2,44.3,51240,0.193,14.3,7.8
1,3,2,2,5,7,5,50,2,1,0,11,4,45.4,70371,0,5.2,5.7
6,2,2,3,2,2,9,0,3,1,0,8,1,43.1,112812,0.161,15.1,8.1
10,1,2,3,4,4,7,100,5,3,1,8,5,51.7,146857,0.163,19.4,6
9,3,3,3,2,3,6,100,1,2,0,9,1,48.7,88836,0.162,0.2,6.1
3,2,2,3,1,3,6,0,1,1,0,10,2,36.1,32017,0.151,20.7,5.8
1,2,2,3,2,2,5,0,2,1,0,9,3,37.1,126481,0.116,13.2,9.3
9,2,2,2,2,2,9,0,1,1,0,10,1,48.2,134649,0.042,14.2,7.3
1,4,1,3,4,4,5,0,4,1,0,11,2,52.5,44811,0,14.1,5
10,2,2,3,2,2,10,0,1,1,0,12,5,47.8,133356,0.089,11.8,6
7,4,4,1,6,5,5,0,3,1,0,10,3,45.3,74261,0.124,18.8,7.9
3,2,2,3,6,5,3,0,2,5,0,7,1,47.5,79988,0,15.7,4.8
5,2,2,3,1,3,1,0,4,1,0,10,2,52.3,30893,0.242,11.8,4.4
2,4,2,1,8,6,5,0,2,1,0,10,3,47,59470,0.42,8.2,5.1
12,4,2,3,2,2,9,0,5,1,0,6,2,36.8,130422,0.132,12,7
4,2,2,3,2,2,9,0,3,1,0,9,2,40.2,119508,0.106,12.9,7
1,5,2,1,1,3,5,0,1,1,1,8,3,42.3,40136,0.235,18.9,6.6
3,3,1,2,1,3,7,50,5,1,0,8,1,35.2,21081,0.023,4.9,6.5
11,4,3,2,2,2,6,50,2,7,0,6,5,56.6,128583,0,11.9,8.8
5,3,2,2,9,8,7,50,2,1,0,6,2,33.7,64934,0,6.2,5.4
2,4,2,3,2,2,5,0,1,2,0,9,5,40.8,106176,0.08,9.8,7.5
3,4,2,2,2,2,4,100,1,1,0,7,1,46.9,103707,0,10.1,6.1
7,4,2,3,2,2,4,50,1,1,0,6,1,41.7,134056,0.039,6.4,8.2
4,5,2,1,2,2,1,0,1,1,1,11,3,52.9,149255,0.398,13.8,4.6
10,3,2,2,3,2,6,100,1,1,0,4,2,38.3,21058,0.035,0,6
7,2,2,3,2,5,4,100,2,2,0,8,1,52.5,177306,0.025,11.6,7.1
12,4,2,3,6,5,5,0,2,2,0,10,3,58.9,89783,0.258,6.7,5.5
2,1,2,2,2,2,1,100,5,1,1,4,3,46.1,260566,0.061,15.4,8.3
10,2,2,1,2,2,9,0,1,1,1,8,1,43,102846,0.258,8.7,6.4
5,4,2,3,1,3,6,0,4,4,0,7,2,46.1,23597,0.056,7.5,7
11,5,2,3,2,2,8,0,2,6,1,7,4,50.5,303045,0.13,16.6,5.3
11,4,2,3,2,2,5,50,3,1,0,7,1,42.6,123623,0.143,4.9,7.9
11,3,2,3,5,1,1,100,1,2,0,6,1,44.4,82159,0,16,7.4
4,2,2,3,11,11,3,50,5,1,0,6,2,43.8,136977,0.203,15.9,7
4,1,2,2,2,2,5,0,2,1,1,9,3,44.4,233793,0.067,15,6.7
11,5,2,2,2,2,10,50,1,3,1,6,3,43.8,300919,0.011,20.5,6.7
4,3,2,3,1,3,8,50,2,6,0,7,1,44.2,17142,0,7.3,6.6
9,1,2,3,2,2,5,100,5,4,1,7,1,45.3,252254,0.098,18.9,10
5,3,2,1,12,2,4,100,1,2,0,11,2,48.5,27240,0.761,2.4,4.5
10,2,2,2,6,5,3,0,1,1,0,4,2,42.5,103199,0,6.4,6.4
1,2,2,2,1,5,1,100,1,1,0,8,2,52.9,52083,0.017,15.5,3.5
8,4,2,3,11,2,9,100,2,3,0,6,2,46.7,104212,0,11.9,6
10,3,2,3,2,2,5,0,4,1,0,4,1,46.3,76737,0,3,7.2
9,4,2,3,6,5,1,100,1,3,1,8,2,46.6,127054,0.117,3.7,7.7
11,3,2,1,9,8,5,50,1,7,0,12,4,36.9,48487,0.467,0,10
8,5,2,2,10,9,7,100,1,3,1,4,2,50.9,243242,0.047,12.8,7.8
3,3,4,3,7,9,7,50,1,2,0,8,1,38.4,50963,0.032,11.3,7.6
10,4,2,3,2,2,2,50,2,2,0,3,2,35.4,160346,0,13.4,5.4
3,3,2,3,2,6,3,100,1,1,0,9,1,37.5,103935,0.084,3.5,9
5,2,2,3,1,3,1,100,4,1,0,5,3,43.7,38282,0,16.4,7.3
1,1,2,2,1,3,7,100,3,1,1,10,2,47.4,43743,0.076,10.4,8.2
4,2,2,3,2,2,6,0,1,1,0,9,1,51.6,149015,0.108,10.7,5.9
4,3,2,1,8,6,1,100,5,1,0,3,1,46.8,67823,0.444,9.7,5.5
6,4,2,1,2,2,5,0,5,1,0,7,1,40.1,108137,0.304,10.9,5
4,2,2,3,2,2,5,0,2,2,0,10,2,52.9,182511,0.082,14.6,7.1
10,1,2,3,2,2,5,50,5,2,1,9,2,42.7,282734,0.219,20.6,8.3
6,2,2,3,2,2,9,50,5,1,0,5,1,47.5,116380,0.37,12.2,7.4
7,3,2,3,3,10,9,0,3,1,0,10,0,48.1,30010,0.164,7.6,6.2
12,2,2,3,2,2,7,50,2,1,0,3,0,47.4,144525,0.285,10.5,7.6
10,3,4,1,5,1,5,0,4,1,0,7,3,44.7,43967,0.474,9.6,7.9
11,3,3,3,10,9,5,50,2,2,1,4,0,43.9,91873,0,7.7,7.2
6,2,2,3,11,11,9,100,3,1,0,10,1,54.8,74729,0.145,8.9,3.4
5,2,2,3,11,11,9,50,1,5,0,7,1,45.2,99189,0,10.8,6.1
6,4,2,1,2,2,8,50,5,1,1,10,0,43,71336,0.501,13.7,9.4
4,4,4,2,12,12,5,50,1,2,0,7,1,44.5,49910,0.004,14.2,8.2
7,2,2,3,7,7,5,100,5,1,0,8,5,50.7,146743,0.136,9.7,6.1
10,1,2,3,11,11,9,100,1,1,1,9,1,43.8,148411,0.005,9.4,8.1
3,2,2,1,2,2,7,50,1,2,0,8,2,41.8,140309,0,10.2,7.3
8,4,2,2,2,2,2,0,1,2,0,6,2,43.7,126747,0.03,9.8,5.4
9,4,3,3,6,5,9,0,1,5,0,3,2,50.2,97270,0.001,10.6,6.2
3,1,2,2,2,1,3,0,5,1,1,7,4,56.7,222817,0.045,15.1,6.1
11,5,2,1,6,5,10,0,1,2,1,7,7,39.5,142890,0,19.3,6.7
11,2,2,3,6,5,1,50,2,1,0,8,3,48,130612,0.104,11,5.8
11,2,2,3,2,2,7,100,1,1,0,5,0,46.4,183292,0.105,7.3,8.2
10,4,2,3,2,5,6,100,1,2,0,6,2,42.7,127213,0.038,4.8,8.6
11,4,2,1,5,1,3,100,1,1,0,3,0,41,79781,0.308,8.6,7.1
2,2,2,1,2,2,5,100,3,6,0,6,2,49.3,173524,0.271,17.5,5.9
12,4,2,3,11,11,5,100,1,1,0,6,0,47,71849,0,13,8.9
1,4,4,2,2,1,2,0,1,1,0,6,1,44.5,76288,0.019,17.4,7.7
3,4,2,3,10,2,6,0,1,1,0,7,2,31.2,114258,0.072,11,5.7
3,4,2,2,2,2,10,100,4,1,0,10,0,52.6,139277,0,8.9,5.8
12,1,4,2,8,6,4,0,5,1,1,7,2,42.8,146341,0,13.5,7.7
4,1,2,3,3,10,6,0,2,2,1,8,4,51.6,54409,0.016,15.3,6.3
6,2,2,3,2,2,5,0,2,1,0,9,2,48.7,171266,0.051,11.9,5.4
11,5,2,3,1,3,3,0,2,1,1,7,5,49.2,74505,0.089,19.4,6.4
11,4,2,3,2,2,3,0,3,4,0,11,2,32,105261,0.025,10.7,7.1
10,2,2,3,2,2,4,0,1,1,0,5,1,40.4,125025,0.084,16.1,7.1
9,1,2,2,10,9,2,0,1,4,1,6,1,44.3,139111,0.037,14.8,6.2
3,5,2,3,2,2,5,50,5,1,1,6,2,48.9,248705,0.21,22.8,8.5
1,1,2,1,2,2,2,50,1,2,1,6,3,47.1,119226,0.256,12.6,7.9
1,2,2,3,2,2,5,0,1,4,0,14,5,40,126427,0.022,18.3,6.7
12,1,2,1,4,4,5,50,1,2,1,8,2,49.5,106612,0.342,16.7,6.1
11,5,2,1,8,6,5,0,1,1,1,9,3,46.4,148203,0.176,21.7,8.3
8,2,4,3,11,11,8,100,5,1,0,10,2,41.1,125389,0,8.3,6.9
1,4,2,3,2,2,6,100,2,2,0,11,2,32.6,96998,0,12.2,8.5
6,2,2,3,11,11,6,0,2,3,0,10,2,51.1,56758,0.011,9.9,4
4,4,2,3,7,5,1,100,5,1,0,5,3,54.8,85425,0.161,8.1,7.8
9,3,2,1,1,3,8,50,1,1,0,7,3,36.9,23847,0.58,0.2,3.9
10,2,2,1,3,10,8,0,1,3,0,3,2,38.8,29633,0.301,11.5,5.4
2,4,2,3,2,9,5,100,2,1,0,4,0,35.4,152829,0.03,10.9,6.9
11,1,2,3,5,1,5,50,1,1,1,6,3,45.4,146673,0.157,6.6,6.7
4,5,2,2,8,6,1,50,5,1,1,10,3,52,247382,0.065,19.6,6.8
6,4,2,1,8,6,9,0,2,4,0,13,4,47.7,48219,0.31,9,5.2
3,4,2,1,2,2,1,50,2,2,0,15,5,29.2,153050,0.49,4.7,6.4
7,4,4,2,2,2,6,50,2,2,0,7,1,43.5,173007,0.054,9.9,8.9
1,4,2,2,2,2,6,100,2,1,0,13,2,42.5,124544,0.004,10.6,8.1
10,2,2,1,8,6,2,100,4,5,0,12,2,51.1,79653,0.153,12.8,6.9
12,5,2,3,11,11,3,100,3,1,1,8,3,55,111187,0.081,20,6.8
4,4,2,1,2,2,1,0,2,1,0,9,1,41.4,137862,0.239,8.2,6.4
3,4,2,3,2,3,10,0,1,7,0,9,0,40,158676,0.146,10.4,4.4
1,4,2,1,8,6,5,100,2,1,0,9,3,38.6,76964,0.301,7.6,8.6
5,2,2,2,7,7,6,50,1,4,0,8,5,43.7,125571,0.11,12.6,6.6
3,3,2,3,1,3,7,50,1,4,0,14,2,47.8,40191,0,7.9,5.5
3,2,2,3,5,1,2,50,1,6,0,6,0,50.4,119921,0.091,8.4,8.3
9,2,2,2,2,2,7,0,1,1,0,4,1,56.4,176748,0.056,7.6,4.1
7,3,2,2,1,3,1,50,1,1,0,5,2,46.6,40355,0.048,4,6.6
10,4,3,1,3,10,3,0,5,1,0,7,2,50.5,26971,0.338,12.1,6.4
1,4,2,1,2,2,10,0,2,2,0,10,2,47.7,73844,0.485,12.4,5.9
6,2,2,1,2,2,1,100,1,6,1,6,4,52.6,116550,0.44,20.9,7.5
11,2,3,3,6,5,1,0,2,1,0,10,1,31.5,114489,0.033,19.3,10
12,5,2,3,7,7,5,0,1,2,1,11,6,57.2,127109,0.177,18.2,8.2
11,2,1,2,1,3,5,0,2,1,0,7,2,36,40924,0.027,12.3,6.2
4,3,3,3,10,9,3,50,1,1,0,1,0,48.5,50886,0.206,3.3,5.4
12,4,2,3,4,2,1,100,1,1,1,7,0,54.9,107942,0.014,10.3,7
12,4,1,1,1,3,4,0,2,2,0,11,3,44,13633,0.742,4.6,7
2,2,2,1,11,8,9,50,1,1,0,7,2,50.2,110331,0,10.1,4.6
3,1,2,3,10,9,7,100,1,1,1,13,3,36.8,120178,0,12.5,8.9
4,2,2,3,7,7,2,0,2,4,0,9,1,40.7,74301,0.115,13.7,7.7
2,1,2,3,9,8,10,100,1,1,1,7,2,43.3,67238,0.221,20.6,6.6
2,3,2,3,2,2,5,100,1,3,0,11,3,35.4,123332,0.085,8.1,5
6,4,2,2,8,6,1,50,4,2,0,8,2,47.4,65789,0,6.2,6.8
1,2,2,2,2,2,5,100,3,3,0,6,3,38.4,111696,0.022,14.1,6.2
12,3,2,3,1,3,1,0,2,1,0,12,1,39.2,26290,0.072,10,6.3
1,2,3,3,6,5,5,0,2,2,1,12,1,39.2,80903,0,17.3,4.3
3,1,3,2,1,3,5,0,5,1,1,8,1,42.7,54529,0.041,17.8,7.7
4,2,2,3,1,9,5,100,1,6,0,14,2,51.8,29567,0.1,17.9,6.2
8,2,1,3,3,10,1,100,5,1,0,8,4,52,33508,0.05,10,4.8
4,2,2,1,1,3,5,100,1,3,0,8,3,38.4,28660,0.251,20.2,7.9
1,4,2,3,2,2,5,50,4,1,0,3,2,49.7,86153,0.207,8.7,6.7
4,3,2,2,8,2,2,100,3,4,0,7,4,35.5,72251,0.05,9.5,7.6
4,2,2,3,8,6,8,100,3,1,0,10,3,45.8,71476,0.084,17.7,5.7
2,4,4,1,8,6,1,0,4,1,0,13,2,42.8,79032,0.752,7.7,6.7
8,4,2,3,2,2,8,0,2,1,1,9,4,44.8,139584,0.081,12.9,7.8
5,4,2,3,2,2,10,0,1,1,0,4,3,51.3,149477,0.074,10.9,7.7
6,4,2,2,11,11,6,0,5,1,0,6,1,43.8,114893,0,4.8,5.1
1,2,3,2,2,2,9,0,1,1,0,8,3,43.7,102269,0.04,12.1,6.7
4,4,2,1,2,2,1,100,2,1,0,4,1,57.7,107161,0.944,13.1,8
1,4,2,1,12,12,2,100,1,1,0,10,1,43.5,32863,0.45,9.7,5.2
5,2,2,2,2,2,5,0,2,1,0,7,0,41,154518,0,14.5,7.6
4,4,2,3,6,5,6,0,3,1,0,5,2,48.8,78167,0.275,6.6,5
1,2,2,3,2,3,2,100,2,1,0,7,3,44.9,107988,0.249,5.5,5.7
3,2,2,3,2,2,7,50,1,2,0,8,1,48,122748,0.133,6.4,7
9,3,2,2,6,5,7,100,4,7,0,9,1,42.9,67786,0.019,8,7.6
10,2,2,2,2,2,10,100,5,1,0,5,2,50.6,199751,0.042,12.7,6.2
4,3,2,1,2,3,5,100,1,1,0,9,2,32.1,92737,0.498,5.4,6.3
4,3,2,1,1,3,5,100,2,2,0,7,0,33.2,23913,0.047,7.5,6.5
1,4,2,2,1,3,5,50,1,2,1,8,1,43.3,41123,0.029,11.7,5.8
1,4,2,2,2,2,9,0,2,2,0,6,2,44.5,92234,0.024,4.9,6.5
4,3,2,2,7,10,5,100,1,1,0,6,0,38.1,67138,0,5.9,8.8
8,4,2,2,1,3,1,50,3,3,0,5,6,32.2,54149,0,11.2,7.4
9,3,1,2,2,2,5,50,1,1,0,4,1,38.8,82011,0.008,11.6,8.3
11,3,2,1,1,3,6,0,2,1,0,9,2,35.5,27709,0.479,5.4,9.1
6,4,2,2,1,3,2,50,4,1,0,10,0,37.3,27723,0.046,2.5,6.9
11,2,2,3,2,2,8,0,2,1,0,7,2,38.2,114673,0.094,11.2,6.7
3,1,2,2,1,3,6,50,1,6,1,9,2,34.6,62504,0,14,7.3
6,1,2,3,1,3,8,50,1,1,1,13,0,50.1,37576,0.213,17.4,6.6
6,5,2,1,2,2,6,100,5,1,1,8,4,46.6,182625,0.851,16.5,6.6
11,1,2,2,2,2,6,100,2,1,1,8,4,43.4,226299,0.018,11.6,9.3
1,3,2,1,1,2,1,100,5,4,0,13,2,48.7,20726,0.232,10.7,6.2
11,1,2,2,8,6,5,0,2,1,1,6,2,47,153897,0,11,7.1
10,4,3,3,1,3,8,0,2,1,1,9,2,49.9,24037,0.006,4.7,5.7
7,1,2,3,11,11,1,50,2,4,1,11,3,53.2,192593,0.129,15.7,8.2
4,1,1,2,1,3,1,0,2,1,1,10,1,52.7,44309,0.01,12.2,3.6
2,3,2,3,10,9,9,100,2,2,0,11,0,42.3,54274,0.069,4.3,6.8
4,4,2,2,1,3,7,50,2,2,0,6,2,47.4,36206,0.039,14.5,5.5
3,1,2,3,1,3,3,50,1,1,1,8,1,47,38302,0.116,11.9,6.9
8,2,2,1,6,5,1,50,1,1,0,6,1,32.2,79060,1.075,14.3,5.5
6,4,2,1,2,2,1,50,1,6,0,4,2,48,68652,0.381,7.8,6.7
11,3,2,3,3,10,2,0,1,1,0,7,1,36.1,24892,0,4.4,5.1
7,2,2,1,1,3,4,0,1,3,0,4,5,53.8,24220,0.533,10.4,5.8
3,4,2,2,2,2,6,50,2,4,0,10,1,44.6,160602,0.03,0.9,7.1
2,1,2,3,2,2,5,0,1,2,1,4,2,37.5,247729,0.115,13.5,6.7
11,4,2,1,1,3,4,100,1,1,0,10,1,49.4,18099,0.162,4.9,7.8
11,4,3,3,6,5,5,50,2,4,0,9,2,43.7,129666,0.094,2.2,4
1,5,2,2,4,4,3,0,2,1,1,9,3,49.2,132436,0.028,20.7,5.7
10,2,3,3,2,2,1,50,2,1,0,8,0,50.5,133268,0.136,13.4,8.6
1,3,2,2,6,5,8,0,2,2,0,12,1,31.5,56055,0.008,3.9,9
3,4,3,2,1,3,7,0,1,2,0,10,1,47.6,48778,0.026,13.4,6.5
1,4,2,2,7,2,5,50,1,1,0,10,2,30.6,82404,0,1,7.7
5,3,2,3,5,1,2,100,2,5,0,10,0,40.7,48634,0.075,15.4,8.1
6,4,2,1,9,8,5,0,3,1,0,3,1,42.5,34437,0.115,12.5,6.2
3,3,2,2,8,6,6,0,2,1,0,6,1,47.5,75183,0.006,9.2,6.5
5,2,2,3,9,8,1,0,3,1,0,6,3,45.2,70636,0.016,11.1,4.9
9,4,2,3,2,2,5,0,5,1,0,9,2,48.4,165424,0.235,11.3,6.8
11,5,2,2,6,5,1,100,2,2,1,2,3,48.6,213299,0.077,17.9,9.4
8,4,2,1,11,11,5,100,5,3,0,7,3,47.9,71144,0.515,6.3,6.5
6,4,2,3,1,3,5,50,5,1,0,6,0,45.9,32678,0.009,3.3,7.1
10,1,2,3,8,6,5,100,2,2,1,6,3,49.9,188127,0.102,10.3,7.8
11,1,2,2,2,2,10,0,2,1,1,7,4,35.6,153973,0.054,17.1,6.7
8,4,2,3,2,2,3,100,2,2,0,3,0,38.2,115947,0.076,9.1,9.5
5,4,1,3,9,8,5,50,1,1,0,10,3,47.7,25649,0.036,12.8,5.2
1,1,3,2,2,2,6,50,2,1,1,16,2,46.1,186299,0.031,16.6,8.2
2,4,2,1,2,2,2,50,1,2,0,8,5,53.6,126642,0.217,10.9,7.2
4,2,3,1,1,3,1,0,1,1,0,8,3,45.3,39211,0.705,11.1,7.9
1,3,3,2,11,11,2,100,2,1,0,9,3,38.6,45265,0,5.5,7.8
5,1,2,3,2,2,1,50,1,2,1,7,4,38,186976,0.133,12.9,8
1,4,2,1,1,3,2,100,3,2,0,6,2,47.7,13837,0.019,13,5.5
12,1,2,3,1,3,5,0,2,1,1,12,0,40,56051,0.08,11.6,7.1
3,4,2,1,6,5,8,50,1,1,0,7,1,52.6,85621,0.971,10.3,7.5
3,3,2,3,1,3,1,50,2,6,1,7,1,48.8,25094,0.325,7,6.3
1,4,2,3,9,8,1,50,2,1,0,11,2,40.8,38810,0.182,12,7.3
3,1,2,3,12,12,5,0,4,4,1,10,1,54.7,123368,0,11,5.5
7,2,2,3,9,8,5,50,1,2,0,8,3,51.8,86123,0.078,13.3,7
2,2,4,3,9,8,5,0,1,2,0,7,1,38.4,76001,0.122,10.1,6
6,3,3,3,2,2,3,0,2,4,0,6,2,34.5,49321,0.022,4.8,6.6
